{
"type": "FeatureCollection",
"name": "highrisk",
"crs": { "type": "name", "properties": { "name": "urn:ogc:def:crs:OGC:1.3:CRS84" } },
"features": [
{ "type": "Feature", "properties": { "osm_id": 578989032, "osm_type": "ways_line", "name": null, "waterway": "canal" }, "geometry": { "type": "MultiPolygon", "coordinates": [ [ [ [ 117.09405, -0.593275 ], [ 117.0930839, -0.59296 ], [ 117.0927663, -0.593093 ], [ 117.0926425, -0.5930531 ], [ 117.0925987, -0.5927371 ], [ 117.0928114, -0.5925934 ], [ 117.092815799999983, -0.5925515 ], [ 117.09271, -0.592444 ], [ 117.092710700000012, -0.5923882 ], [ 117.092889, -0.592264 ], [ 117.0932745, -0.592225 ], [ 117.0933754, -0.5921508 ], [ 117.0935087, -0.5919528 ], [ 117.0934211, -0.5918462 ], [ 117.0932235, -0.5918586 ], [ 117.0931774, -0.5918976 ], [ 117.093046, -0.5918324 ], [ 117.0929299, -0.5918638 ], [ 117.0928614, -0.59181 ], [ 117.092791, -0.5917187 ], [ 117.092708, -0.5914596 ], [ 117.0927108, -0.591313 ], [ 117.0927594, -0.5912607 ], [ 117.0929031, -0.5912892 ], [ 117.0930023, -0.5912028 ], [ 117.0929928, -0.5910029 ], [ 117.0930232, -0.5909268 ], [ 117.0932536, -0.5908697 ], [ 117.0932993, -0.5908278 ], [ 117.093298, -0.5906084 ], [ 117.093505799999988, -0.590533 ], [ 117.0936805, -0.5905373 ], [ 117.093817, -0.5903443 ], [ 117.093771300000014, -0.59027 ], [ 117.0935125, -0.5903557 ], [ 117.0934078, -0.5902948 ], [ 117.0934619, -0.5899189 ], [ 117.093628, -0.5896893 ], [ 117.0936109, -0.5896636 ], [ 117.093430400000017, -0.5896191 ], [ 117.0932563, -0.5898281 ], [ 117.0931192, -0.5897967 ], [ 117.0929839, -0.5897059 ], [ 117.0930507, -0.5895237 ], [ 117.093288200000018, -0.589546 ], [ 117.09334250000002, -0.5894883 ], [ 117.093393800000015, -0.5893898 ], [ 117.093379199999987, -0.589243 ], [ 117.0932227, -0.5891646 ], [ 117.0931928, -0.5890734 ], [ 117.093212099999988, -0.5889613 ], [ 117.0932809, -0.5888491 ], [ 117.0934693, -0.5888001 ], [ 117.093527400000013, -0.588723 ], [ 117.0935146, -0.5886083 ], [ 117.0932509, -0.5885498 ], [ 117.0931591, -0.5884822 ], [ 117.0932628, -0.5881138 ], [ 117.0933503, -0.5880367 ], [ 117.09341120000002, -0.5880306 ], [ 117.093540200000021, -0.588219 ], [ 117.093762900000016, -0.5882909 ], [ 117.0937553, -0.5881562 ], [ 117.0939005, -0.5880672 ], [ 117.093878100000012, -0.587953 ], [ 117.093734799999979, -0.5878178 ], [ 117.093584, -0.5877693 ], [ 117.09327420000001, -0.5875366 ], [ 117.09307530000001, -0.5874976 ], [ 117.0930777, -0.5873381 ], [ 117.09331760000002, -0.5871154 ], [ 117.0935479, -0.5870364 ], [ 117.093825800000019, -0.5865348 ], [ 117.0939305, -0.5864491 ], [ 117.094059, -0.5864092 ], [ 117.0941647, -0.5863026 ], [ 117.0942152, -0.5860844 ], [ 117.0941338, -0.5859999 ], [ 117.094017300000019, -0.5860501 ], [ 117.093983, -0.5860166 ], [ 117.0939921, -0.5859405 ], [ 117.0940477, -0.5858537 ], [ 117.0941155, -0.5858186 ], [ 117.094426899999988, -0.5857608 ], [ 117.0945594, -0.5856496 ], [ 117.094519, -0.5852114 ], [ 117.0945838, -0.5851352 ], [ 117.094673199999988, -0.5851048 ], [ 117.094758900000016, -0.5851372 ], [ 117.0949381, -0.585301 ], [ 117.094998, -0.5852943 ], [ 117.0951368, -0.5851489 ], [ 117.095381800000013, -0.5847087 ], [ 117.0954675, -0.5846182 ], [ 117.095807800000017, -0.5845421 ], [ 117.095838700000016, -0.5844445 ], [ 117.0957031, -0.5842209 ], [ 117.095734, -0.58414 ], [ 117.095833900000017, -0.5840757 ], [ 117.095831600000011, -0.5840329 ], [ 117.095755399999987, -0.5839853 ], [ 117.0953723, -0.5841138 ], [ 117.0952486, -0.5840876 ], [ 117.0951772, -0.5840115 ], [ 117.0949702, -0.583902 ], [ 117.094944, -0.583833 ], [ 117.095355700000013, -0.5835832 ], [ 117.095362, -0.583154 ], [ 117.095493, -0.583024 ], [ 117.095512, -0.582846 ], [ 117.095429, -0.582756 ], [ 117.095158, -0.582613 ], [ 117.094839, -0.582661 ], [ 117.094744, -0.582639 ], [ 117.094687, -0.58236 ], [ 117.094768, -0.58216 ], [ 117.09448, -0.581968 ], [ 117.094537, -0.581835 ], [ 117.094644, -0.581784 ], [ 117.094854, -0.581783 ], [ 117.094959, -0.581695 ], [ 117.094954, -0.581612 ], [ 117.094539, -0.580725 ], [ 117.094547, -0.580667 ], [ 117.09472, -0.580521 ], [ 117.094718, -0.580351 ], [ 117.0946562, -0.5802869 ], [ 117.094504, -0.580129 ], [ 117.094315, -0.579791 ], [ 117.093973, -0.579445 ], [ 117.093856, -0.579247 ], [ 117.093863, -0.578998 ], [ 117.09383, -0.57894 ], [ 117.09378, -0.578915 ], [ 117.093357, -0.578932 ], [ 117.093274, -0.578883 ], [ 117.093215, -0.578792 ], [ 117.093173, -0.578618 ], [ 117.093069, -0.578535 ], [ 117.092982, -0.578561 ], [ 117.09285, -0.57872 ], [ 117.092731, -0.578963 ], [ 117.092664, -0.578947 ], [ 117.092622, -0.578881 ], [ 117.09263, -0.578781 ], [ 117.092542, -0.578428 ], [ 117.092591, -0.578303 ], [ 117.09257, -0.578216 ], [ 117.092449, -0.578151 ], [ 117.092358, -0.578176 ], [ 117.092271, -0.578252 ], [ 117.092229, -0.578543 ], [ 117.092139, -0.578532 ], [ 117.092015, -0.578442 ], [ 117.091958, -0.578261 ], [ 117.091981, -0.578125 ], [ 117.091947, -0.577967 ], [ 117.091834, -0.577922 ], [ 117.091721, -0.577945 ], [ 117.091551, -0.578193 ], [ 117.09145, -0.578182 ], [ 117.091066, -0.577809 ], [ 117.090693, -0.577594 ], [ 117.090648, -0.577459 ], [ 117.090693, -0.577312 ], [ 117.090817, -0.577267 ], [ 117.091167, -0.577267 ], [ 117.091269, -0.577165 ], [ 117.091235, -0.577052 ], [ 117.09093, -0.576916 ], [ 117.090614, -0.576916 ], [ 117.090309, -0.576781 ], [ 117.090173, -0.576792 ], [ 117.089958, -0.576973 ], [ 117.089461, -0.577233 ], [ 117.088942, -0.577222 ], [ 117.08867, -0.577278 ], [ 117.088411, -0.577493 ], [ 117.0882166, -0.5772584 ], [ 117.0880187, -0.5771435 ], [ 117.085642400000012, -0.5768666 ], [ 117.0830032, -0.5761006 ], [ 117.082550600000019, -0.5769257 ], [ 117.081646400000011, -0.5790196 ], [ 117.081051499999987, -0.5802332 ], [ 117.0803853, -0.5813277 ], [ 117.0797666, -0.5826602 ], [ 117.079576299999985, -0.583612 ], [ 117.0793145, -0.5846114 ], [ 117.0789814, -0.5862532 ], [ 117.078791, -0.586967 ], [ 117.0784817, -0.5879188 ], [ 117.078124799999983, -0.5888468 ], [ 117.07772030000001, -0.5896558 ], [ 117.0768399, -0.5904886 ], [ 117.0763164, -0.5908931 ], [ 117.0758405, -0.5913214 ], [ 117.074650799999986, -0.5919639 ], [ 117.073699, -0.5922494 ], [ 117.072985200000019, -0.592297 ], [ 117.0721048, -0.5922018 ], [ 117.0712006, -0.5919639 ], [ 117.0698681, -0.5915356 ], [ 117.070236200000011, -0.5885386 ], [ 117.070749537239152, -0.586563910216098 ], [ 117.070864335250235, -0.586583694718841 ], [ 117.071051111846145, -0.586631323789125 ], [ 117.07155959322246, -0.586655167973689 ], [ 117.073052118171731, -0.58622451204543 ], [ 117.073633263732773, -0.585872114040852 ], [ 117.073979925918522, -0.585587962517485 ], [ 117.075213290708376, -0.58353844574828 ], [ 117.075407816975144, -0.583242109092187 ], [ 117.075624839434866, -0.582962050346032 ], [ 117.075863020070017, -0.582699996162797 ], [ 117.076120890416661, -0.582457562191226 ], [ 117.076396860618047, -0.582236243114765 ], [ 117.076689229226574, -0.582037403436467 ], [ 117.076996193693901, -0.581862269066482 ], [ 117.077315861484067, -0.581711919763897 ], [ 117.077646261741606, -0.581587282479755 ], [ 117.077985357442529, -0.581489125642187 ], [ 117.078331057953122, -0.58141805441877 ], [ 117.078506621684824, -0.581396221416768 ], [ 117.078290185801464, -0.581125175634916 ], [ 117.078091381912415, -0.580831730119827 ], [ 117.077916061423608, -0.580523486912747 ], [ 117.077765305242139, -0.580202346438129 ], [ 117.077640042827241, -0.579870288636191 ], [ 117.077541046459956, -0.579529360755944 ], [ 117.077468926481799, -0.579181664733082 ], [ 117.077424127531955, -0.578829344230893 ], [ 117.077406925806073, -0.578474571423741 ], [ 117.07741742735341, -0.57811953360489 ], [ 117.077455567423257, -0.577766419701108 ], [ 117.077488963965322, -0.577588586123964 ], [ 117.07773568698228, -0.57511177013419 ], [ 117.077749344112206, -0.574974402428843 ], [ 117.079216199834406, -0.560248906361359 ], [ 117.079651210807427, -0.554109736699379 ], [ 117.079688023174043, -0.553770802904003 ], [ 117.079750089055068, -0.553435623007721 ], [ 117.081072993441069, -0.547535323345942 ], [ 117.081169627318502, -0.547174452823733 ], [ 117.081295523671514, -0.546822844677811 ], [ 117.082727226003328, -0.543289245338835 ], [ 117.082836643651362, -0.543040805078534 ], [ 117.082960683269121, -0.54279942756435 ], [ 117.085820486164934, -0.537621629019003 ], [ 117.086008059998903, -0.537311942149379 ], [ 117.086219677221976, -0.537018379367292 ], [ 117.086453977309134, -0.536742828035064 ], [ 117.088111577740619, -0.534944628894164 ], [ 117.08835986307453, -0.53469551881376 ], [ 117.088626681949023, -0.534466650159556 ], [ 117.088910410641759, -0.534259415706059 ], [ 117.089209322526528, -0.534075076573116 ], [ 117.089521598580859, -0.533914754551447 ], [ 117.089845338455405, -0.533779425276103 ], [ 117.091814037460082, -0.533045725972754 ], [ 117.092104365524378, -0.532948703299675 ], [ 117.092400578078227, -0.532871790815323 ], [ 117.095839175936533, -0.532103591771958 ], [ 117.096070016245847, -0.532058366654395 ], [ 117.102072812313665, -0.531045668163104 ], [ 117.10240854668794, -0.531002043557122 ], [ 117.10696753491284, -0.530584684028071 ], [ 117.11140760393269, -0.529527645411777 ], [ 117.112744316802718, -0.528354692407334 ], [ 117.113827588042739, -0.526316844482323 ], [ 117.115316925409246, -0.518178784032072 ], [ 117.115766842655304, -0.515720599491761 ], [ 117.115858714136209, -0.515321178628165 ], [ 117.11598613095741, -0.514931771931181 ], [ 117.117679833977547, -0.510450072441543 ], [ 117.11785083502383, -0.510055253595528 ], [ 117.119756137414711, -0.506172054331525 ], [ 117.119919818530718, -0.505868265418852 ], [ 117.120106059714715, -0.505577942676007 ], [ 117.120313773921382, -0.505302780642131 ], [ 117.120541748773206, -0.505044385366864 ], [ 117.123458949612541, -0.501981986772383 ], [ 117.123740753680821, -0.501710756493622 ], [ 117.124044851352338, -0.50146513815617 ], [ 117.124368953392903, -0.501246980760969 ], [ 117.124710619977449, -0.501057926584093 ], [ 117.125594219701668, -0.500618126954699 ], [ 117.127007849376099, -0.49991461302116 ], [ 117.127354693952725, -0.499759981216147 ], [ 117.127713257894214, -0.499635350214866 ], [ 117.128080985937103, -0.499541608183801 ], [ 117.128455257511717, -0.499479423162779 ], [ 117.132810754778461, -0.49894472429314 ], [ 117.133129186853623, -0.498917159269062 ], [ 117.133448759772492, -0.498912450116937 ], [ 117.133767856845509, -0.498930620659077 ], [ 117.13948034481065, -0.499461620630235 ], [ 117.140629338278458, -0.499568420247759 ], [ 117.140943546543795, -0.499608914161429 ], [ 117.141254140202733, -0.499671592197546 ], [ 117.141559575738256, -0.499756142872277 ], [ 117.141858335266988, -0.499862146004227 ], [ 117.151364728709055, -0.503619345154711 ], [ 117.151455192939736, -0.503659517933199 ], [ 117.151676226484241, -0.503756363663274 ], [ 117.151690512886631, -0.503764017304885 ], [ 117.151704511896668, -0.503770233895 ], [ 117.151813530256234, -0.503829921288327 ], [ 117.151987698547401, -0.503923228301261 ], [ 117.152009426767208, -0.503937174334828 ], [ 117.152030757872012, -0.503948853082116 ], [ 117.152137545165971, -0.504019405803158 ], [ 117.152285205545425, -0.504114180082995 ], [ 117.15231346242517, -0.50413563161966 ], [ 117.152341238252006, -0.50415398267857 ], [ 117.153366478038663, -0.504894118442375 ], [ 117.153450314873453, -0.50453526037437 ], [ 117.153557391741543, -0.504153059758277 ], [ 117.153859092398605, -0.503232859786179 ], [ 117.153974486543092, -0.502920146871806 ], [ 117.154112458673708, -0.50261684512412 ], [ 117.154439025378338, -0.501963712694249 ], [ 117.154684212667036, -0.50111298066772 ], [ 117.15499570256992, -0.499792466321697 ], [ 117.155045367059074, -0.498792982198457 ], [ 117.154865683746067, -0.498229444068453 ], [ 117.154762910781969, -0.497851621603858 ], [ 117.154692993112207, -0.497466264740752 ], [ 117.154656455044233, -0.4970762632715 ], [ 117.154653570571298, -0.496684541817842 ], [ 117.154657368461244, -0.496578085273671 ], [ 117.154239630971318, -0.496442249631792 ], [ 117.153926502247202, -0.496327354300088 ], [ 117.153622693906186, -0.496189411014277 ], [ 117.153329877208279, -0.496029178604192 ], [ 117.153189075851657, -0.495937908551241 ], [ 117.153091584443899, -0.495929426194976 ], [ 117.152779012351886, -0.495879726378393 ], [ 117.152470689892098, -0.495808003797632 ], [ 117.151370831869286, -0.495510720894979 ], [ 117.151271477948924, -0.495484125220027 ], [ 117.150933828965108, -0.495379269283743 ], [ 117.150605408063072, -0.495248029155576 ], [ 117.150288246036425, -0.495091216358924 ], [ 117.149984304059203, -0.494909800546046 ], [ 117.149695461558792, -0.494704903502262 ], [ 117.149423504594566, -0.494477792209278 ], [ 117.149170114813515, -0.494229871010872 ], [ 117.148936859051901, -0.493962672929029 ], [ 117.148725179646647, -0.493677850184485 ], [ 117.148602679656733, -0.493498750101337 ], [ 117.1484139168345, -0.493198118364009 ], [ 117.148249197998197, -0.492883487075881 ], [ 117.148109541324644, -0.492556801073198 ], [ 117.147995810073084, -0.492220079706062 ], [ 117.147908707248945, -0.491875404356181 ], [ 117.14784877125858, -0.491524905571098 ], [ 117.147795792055362, -0.491120593319295 ], [ 117.147735024248362, -0.490726568614767 ], [ 117.147695173563463, -0.490509307417858 ], [ 117.147569434346522, -0.490183583977053 ], [ 117.147438196848327, -0.489791344539339 ], [ 117.147333597022438, -0.489423944406156 ], [ 117.147288782032774, -0.489254152536613 ], [ 117.147227082161805, -0.48900065244943 ], [ 117.147169125352548, -0.488725885891768 ], [ 117.147139625444879, -0.488560985840302 ], [ 117.147095860349665, -0.48825781900709 ], [ 117.14707257841205, -0.487952365352403 ], [ 117.147069886407763, -0.487646025785609 ], [ 117.147075186551163, -0.487432825745283 ], [ 117.147105602814264, -0.487008588061326 ], [ 117.147138240539064, -0.486733979679601 ], [ 117.147038587564637, -0.48653804187846 ], [ 117.146889305461954, -0.486216817817011 ], [ 117.146760435719301, -0.485979804516617 ], [ 117.146596416849107, -0.485646259164072 ], [ 117.146513033963075, -0.485434483560511 ], [ 117.146355107858341, -0.485357621292574 ], [ 117.146051546889197, -0.485179150852384 ], [ 117.145762773387844, -0.484977337472425 ], [ 117.14549055472132, -0.484753416301365 ], [ 117.145236556936382, -0.484508757793214 ], [ 117.145002334562875, -0.484244859319808 ], [ 117.144789321099708, -0.483963336006434 ], [ 117.144542521114687, -0.483609235845107 ], [ 117.144350335179084, -0.483308936589526 ], [ 117.144182286624343, -0.482994307092884 ], [ 117.144039423422058, -0.482667309428763 ], [ 117.143922636484007, -0.482329982800155 ], [ 117.143832654106291, -0.48198443082281 ], [ 117.143770037427743, -0.48163280840662 ], [ 117.143735176930548, -0.481277308317302 ], [ 117.143728290005342, -0.480920147502028 ], [ 117.143749419595622, -0.480563553264106 ], [ 117.143798433929973, -0.480209749373299 ], [ 117.143875027344009, -0.479860942197965 ], [ 117.143978722186617, -0.479519306945969 ], [ 117.144161122540368, -0.478993606969798 ], [ 117.144285268100234, -0.478675053583652 ], [ 117.14443297795961, -0.478366858848006 ], [ 117.144603406885921, -0.478070786322319 ], [ 117.144795579643258, -0.477788530199719 ], [ 117.144924494585737, -0.477626899845384 ], [ 117.144963898200288, -0.477534941897159 ], [ 117.145087070467511, -0.477271192148927 ], [ 117.145226857732496, -0.477015974442492 ], [ 117.14561315810387, -0.476361474582833 ], [ 117.145669460523365, -0.476268642561767 ], [ 117.146077160882228, -0.475614242715784 ], [ 117.146152840792169, -0.475496843481324 ], [ 117.146859195609082, -0.474437362240515 ], [ 117.146961052069585, -0.474284123577172 ], [ 117.147210234811752, -0.47380723998216 ], [ 117.147212412823691, -0.473803076979184 ], [ 117.147593613262273, -0.473075377099548 ], [ 117.147788768210361, -0.472738818245253 ], [ 117.14801197316973, -0.472420417606193 ], [ 117.148261571607009, -0.472122538211085 ], [ 117.148535711108849, -0.471847390788467 ], [ 117.149211611245079, -0.47122509109691 ], [ 117.149493282143212, -0.470986339093941 ], [ 117.149793425078499, -0.470771605262948 ], [ 117.150110024628987, -0.470582331511889 ], [ 117.150440954869381, -0.470419788787466 ], [ 117.150460766196332, -0.470411050739039 ], [ 117.150796546972103, -0.470025479882052 ], [ 117.150880327301579, -0.469931936320726 ], [ 117.151255827444345, -0.469524236487097 ], [ 117.151471966210707, -0.469305068904614 ], [ 117.151702455797718, -0.46910125845836 ], [ 117.151946221898086, -0.468913755102775 ], [ 117.152740221887157, -0.468345155463248 ], [ 117.153126624975542, -0.468097302002055 ], [ 117.153723235929561, -0.467756362765182 ], [ 117.154552616077183, -0.467092332936438 ], [ 117.154805638282198, -0.46690393045207 ], [ 117.155071139186973, -0.466733818936581 ], [ 117.155347816448369, -0.466582832824676 ], [ 117.155673016370372, -0.466419932963882 ], [ 117.155971418683805, -0.466283882855955 ], [ 117.156278873563849, -0.466170079251315 ], [ 117.156593747049143, -0.466079126955223 ], [ 117.156914365752613, -0.466011509330091 ], [ 117.157239025754777, -0.465967585726858 ], [ 117.157566001658964, -0.465947589575175 ], [ 117.157861301473005, -0.465940389644264 ], [ 117.158227962902046, -0.465946518096112 ], [ 117.158592906935439, -0.465982724689233 ], [ 117.158691218842108, -0.466000720650708 ], [ 117.158719517400968, -0.465992761051735 ], [ 117.159046397434594, -0.465926659029303 ], [ 117.159377246285132, -0.465885138676808 ], [ 117.159710242511835, -0.465868428577386 ], [ 117.160043552852088, -0.465876620724822 ], [ 117.160256437185538, -0.465897825970994 ], [ 117.160806395810312, -0.465674962975747 ], [ 117.160908140130275, -0.465628922589396 ], [ 117.161375500520208, -0.465448219843245 ], [ 117.161576400437923, -0.465383219920641 ], [ 117.161866675601502, -0.465300020901623 ], [ 117.162161843795218, -0.465236625851181 ], [ 117.16221105115838, -0.465227785218382 ], [ 117.162423132588984, -0.465151093314965 ], [ 117.162785005132079, -0.465037340925295 ], [ 117.163155114332568, -0.464954700848015 ], [ 117.163574615569061, -0.464879566397014 ], [ 117.163760225837834, -0.46484199139605 ], [ 117.163821622047422, -0.464827069268304 ], [ 117.163852078494443, -0.464813457977079 ], [ 117.164193000905854, -0.464663796485998 ], [ 117.164561322618482, -0.464498757936515 ], [ 117.164593916939552, -0.464482221056343 ], [ 117.164596884733342, -0.464477355931127 ], [ 117.164696432914184, -0.46432142291771 ], [ 117.164859811088277, -0.464076680262557 ], [ 117.164998878394684, -0.463863643140207 ], [ 117.165304072894315, -0.463394618354007 ], [ 117.165448798796746, -0.463185320607542 ], [ 117.16563909892713, -0.462926020681666 ], [ 117.16588197188986, -0.462623256025045 ], [ 117.165995071942703, -0.462494056073211 ], [ 117.166082004101128, -0.462403397016109 ], [ 117.166084890396334, -0.462396562472542 ], [ 117.166204590581316, -0.462113962492088 ], [ 117.166324289855552, -0.461854436475506 ], [ 117.166404689956366, -0.461693636495501 ], [ 117.166570508235225, -0.461391319292076 ], [ 117.166673608335188, -0.461219219325423 ], [ 117.166899349113933, -0.460878325882102 ], [ 117.166985315765217, -0.460770995670469 ], [ 117.167050022100426, -0.460674357275932 ], [ 117.167269569164873, -0.460396321044582 ], [ 117.167359469209529, -0.460291221082272 ], [ 117.167590735976034, -0.460040668021679 ], [ 117.167840145955708, -0.459808421515761 ], [ 117.168106273362724, -0.459595809230183 ], [ 117.168182842551943, -0.459539251352105 ], [ 117.168204969904565, -0.459501812068322 ], [ 117.168378420281073, -0.459249103321712 ], [ 117.168546920396125, -0.459020603386504 ], [ 117.168775145438019, -0.458735927610958 ], [ 117.169025473753877, -0.458470747796066 ], [ 117.169136259541418, -0.458362511682102 ], [ 117.169200366684095, -0.458273320353207 ], [ 117.169200062732301, -0.458267740072858 ], [ 117.169205955813226, -0.457938549324315 ], [ 117.169214919495744, -0.457772893615704 ], [ 117.169209566850526, -0.457747987696778 ], [ 117.16916332694953, -0.457414130521625 ], [ 117.169141910507548, -0.457077733907233 ], [ 117.169134127494871, -0.456784752476593 ], [ 117.169036274747683, -0.456697699528022 ], [ 117.168963765206996, -0.45663350296931 ], [ 117.168949658068428, -0.456622927008342 ], [ 117.168652265126155, -0.456379452932599 ], [ 117.168376566858001, -0.456111348493151 ], [ 117.168124569540751, -0.455820564706384 ], [ 117.167898106976892, -0.455509217628178 ], [ 117.167698827149835, -0.455179572955026 ], [ 117.167621027171379, -0.455037572893039 ], [ 117.167609044084244, -0.455013610247334 ], [ 117.167408794924427, -0.454855007368279 ], [ 117.167101694792024, -0.454591707261514 ], [ 117.166866684046866, -0.454375288351916 ], [ 117.166647491945113, -0.454142654038865 ], [ 117.166445219742059, -0.453894973113987 ], [ 117.166260883684487, -0.453633489965594 ], [ 117.166192483688548, -0.453528789919197 ], [ 117.165971592843363, -0.453152197143072 ], [ 117.165787858578142, -0.452755890480448 ], [ 117.165743158611079, -0.45264589043561 ], [ 117.165694177259823, -0.45252529777084 ], [ 117.165579930322508, -0.452211377659084 ], [ 117.16548902582548, -0.451889820462742 ], [ 117.165421960302311, -0.451562382583965 ], [ 117.165379100073778, -0.451230852546097 ], [ 117.165363628903336, -0.451062878767428 ], [ 117.165345036294894, -0.450896998613059 ], [ 117.165337864986327, -0.450866396467973 ], [ 117.165271368681928, -0.45065620949357 ], [ 117.165187142006715, -0.450283819985964 ], [ 117.165134418253359, -0.449905605284986 ], [ 117.165113573235899, -0.449524261332443 ], [ 117.165124755534293, -0.449142506375315 ], [ 117.165137755650704, -0.448960306341474 ], [ 117.165177517618531, -0.448602745286752 ], [ 117.165208617753763, -0.448397345259635 ], [ 117.165273752500326, -0.448055856185987 ], [ 117.165294429161463, -0.447979636425208 ], [ 117.165305818471012, -0.447893251289324 ], [ 117.165341243227942, -0.447703991192658 ], [ 117.165366493556604, -0.447545616556408 ], [ 117.165463879705285, -0.447087728017377 ], [ 117.16549898807672, -0.44695630070368 ], [ 117.16560905920079, -0.446403875633667 ], [ 117.165649305541677, -0.446174832250255 ], [ 117.165683882303412, -0.445998543602522 ], [ 117.165731582449311, -0.445778443583219 ], [ 117.165737634727378, -0.445750928721629 ], [ 117.165807834935777, -0.445436428695449 ], [ 117.165887527289996, -0.445129990105299 ], [ 117.165988326477404, -0.444829917252948 ], [ 117.166047928489746, -0.444686456374475 ], [ 117.166073131455619, -0.44450590412819 ], [ 117.166107463768085, -0.444295921037293 ], [ 117.166197202175439, -0.443817567357474 ], [ 117.166269158951522, -0.443400271798754 ], [ 117.166269219232674, -0.443366073984845 ], [ 117.166283654395968, -0.443011709280417 ], [ 117.166325621772629, -0.442659572161923 ], [ 117.166362942278724, -0.442424699487537 ], [ 117.166334850414742, -0.442178849139202 ], [ 117.16630704886245, -0.44178394596208 ], [ 117.166313651210956, -0.441388108022566 ], [ 117.166339020045072, -0.441144216355423 ], [ 117.166276383608434, -0.441079962237568 ], [ 117.166007883540786, -0.44078056210984 ], [ 117.165866620901497, -0.440615196123515 ], [ 117.165816920893022, -0.440554096097109 ], [ 117.165605694168434, -0.440272717659516 ], [ 117.165416884743507, -0.439975627951924 ], [ 117.165251640344366, -0.439664632912652 ], [ 117.165110965450594, -0.439341623007171 ], [ 117.165062165488393, -0.439216522957602 ], [ 117.164939713168152, -0.438859467150423 ], [ 117.164847278469011, -0.438493371402842 ], [ 117.164785505911681, -0.438120788411662 ], [ 117.164754826216949, -0.437744316107361 ], [ 117.164755453302234, -0.4373665795393 ], [ 117.164778985850049, -0.437089191009203 ], [ 117.164677496765023, -0.436961678601757 ], [ 117.164489381392016, -0.436685761066206 ], [ 117.164352881404142, -0.436468760973257 ], [ 117.164205967293185, -0.436217659460159 ], [ 117.164156467306498, -0.436126459421781 ], [ 117.16400432427686, -0.435818940174851 ], [ 117.16387580241252, -0.435500684008867 ], [ 117.163771642995044, -0.435173526551053 ], [ 117.163692446788815, -0.43483935476899 ], [ 117.163638670575992, -0.434500096087135 ], [ 117.16361062452188, -0.434157707269785 ], [ 117.163608470386151, -0.433814163134857 ], [ 117.163611170437932, -0.43372836311686 ], [ 117.163637146146456, -0.433365339603393 ], [ 117.163692027865821, -0.433005593397913 ], [ 117.163775460312479, -0.432651453333371 ], [ 117.163862160513474, -0.432339853318954 ], [ 117.163958118559307, -0.432036674418679 ], [ 117.164013014092376, -0.431779204606147 ], [ 117.164044214166367, -0.431664404600261 ], [ 117.164175534172415, -0.431257784886006 ], [ 117.1643127500774, -0.430892588757497 ], [ 117.164316320161518, -0.430718703659104 ], [ 117.164320920211239, -0.430637003643101 ], [ 117.164355338700943, -0.430278741721022 ], [ 117.164417941747175, -0.42992436865352 ], [ 117.164508333008399, -0.429576127962929 ], [ 117.164625940216936, -0.429236224347401 ], [ 117.164770018802216, -0.428906809722979 ], [ 117.164939656604759, -0.428589969599951 ], [ 117.164985956648849, -0.428511169612938 ], [ 117.165174409008486, -0.428217032057656 ], [ 117.165384887315881, -0.427938443225364 ], [ 117.16544738734919, -0.427862043248967 ], [ 117.165662716796916, -0.427617400902025 ], [ 117.165895031983695, -0.427389050516407 ], [ 117.166143119964573, -0.427178184333832 ], [ 117.166150719965373, -0.427172184337083 ], [ 117.166177810677596, -0.427150964670203 ], [ 117.166301095135097, -0.427055156927943 ], [ 117.166368382075177, -0.427000980241926 ], [ 117.166436823944508, -0.426942591358797 ], [ 117.166753505129179, -0.426695963217185 ], [ 117.167090736190374, -0.426478692327861 ], [ 117.1671146653958, -0.426464747529746 ], [ 117.167147881022331, -0.426321454381879 ], [ 117.167244424019827, -0.426009033539451 ], [ 117.167363146196195, -0.425704455017431 ], [ 117.167400546249596, -0.425617855022158 ], [ 117.167420335807961, -0.425576591950878 ], [ 117.167430209789416, -0.425528603056365 ], [ 117.167513946248661, -0.425227877921595 ], [ 117.167605116364314, -0.424970346791911 ], [ 117.167617472597101, -0.424877335571664 ], [ 117.167651241470352, -0.424669891560146 ], [ 117.167695743686537, -0.424280849680507 ], [ 117.167787077608992, -0.423852633707049 ], [ 117.167803377648355, -0.423790933703094 ], [ 117.167907557213539, -0.423451008037358 ], [ 117.168037947540896, -0.423120374715683 ], [ 117.168193742266396, -0.422801078441344 ], [ 117.168357069043694, -0.42252379987274 ], [ 117.168393029000441, -0.422335489338807 ], [ 117.168476237676742, -0.422022558137299 ], [ 117.16858147909754, -0.421716424278568 ], [ 117.1686203628242, -0.42162506574615 ], [ 117.168605386689876, -0.421439754481781 ], [ 117.168603386715361, -0.421393554469794 ], [ 117.168601870935191, -0.421213672053529 ], [ 117.168584151089036, -0.42116312379594 ], [ 117.168488830253665, -0.42085703143457 ], [ 117.16841529656503, -0.420544908152866 ], [ 117.168363919790366, -0.420228323485961 ], [ 117.168345245747886, -0.42002234325323 ], [ 117.168316151383692, -0.419933315028192 ], [ 117.168236855546297, -0.419614164018603 ], [ 117.168180809798955, -0.419290055309235 ], [ 117.168148310564291, -0.418962703107109 ], [ 117.168145410589034, -0.418916603094731 ], [ 117.168137355246614, -0.418538762518832 ], [ 117.168158029630206, -0.418204093188772 ], [ 117.168121929959497, -0.418053280128642 ], [ 117.168068164522921, -0.417723099378835 ], [ 117.168059495892365, -0.417624752144327 ], [ 117.16797525178373, -0.417537426516832 ], [ 117.16791875176898, -0.41747442649125 ], [ 117.16769603868515, -0.417205907660463 ], [ 117.167494602448812, -0.416920866465333 ], [ 117.167315647660942, -0.416621007471538 ], [ 117.167160244481536, -0.416308123856115 ], [ 117.167029322229979, -0.415984086684231 ], [ 117.167021726424807, -0.415960129058886 ], [ 117.167012175621736, -0.415941847064938 ], [ 117.166881332216519, -0.415639877166678 ], [ 117.166772666646239, -0.415329121374951 ], [ 117.166686755267406, -0.415011227928477 ], [ 117.166627355373464, -0.414754927841193 ], [ 117.166548367374318, -0.414318284782983 ], [ 117.166511167512922, -0.414034184698018 ], [ 117.166479125998166, -0.413686159818991 ], [ 117.166473870863257, -0.41333668332907 ], [ 117.166494280504381, -0.413006494422114 ], [ 117.166450495359939, -0.412778295023116 ], [ 117.166411384448494, -0.41243689005479 ], [ 117.166398131950501, -0.41209348121973 ], [ 117.166410814351963, -0.411750050567673 ], [ 117.166449358450649, -0.411408580274074 ], [ 117.166513541778556, -0.411071041199453 ], [ 117.166534341834719, -0.410980441191279 ], [ 117.166649435520526, -0.410568858914372 ], [ 117.166802615786722, -0.410170054851608 ], [ 117.16683291582801, -0.410101054855185 ], [ 117.166986487386296, -0.409785152359127 ], [ 117.167044914627567, -0.409685427582154 ], [ 117.167111227157974, -0.409533566263531 ], [ 117.167136781595346, -0.409467330061653 ], [ 117.167194514346846, -0.409308446633598 ], [ 117.167349526543902, -0.408934637954311 ], [ 117.167537133846011, -0.408576287912835 ], [ 117.167755831913155, -0.408236269949591 ], [ 117.16780123194475, -0.408172169964029 ], [ 117.168035713347706, -0.407869192698987 ], [ 117.168080247826353, -0.407820758372004 ], [ 117.168123281785967, -0.407732510608859 ], [ 117.168298083359417, -0.407408200287665 ], [ 117.168498558052576, -0.407099310556792 ], [ 117.168723372081743, -0.406807896492855 ], [ 117.168971029731608, -0.406535896904575 ], [ 117.169239883306204, -0.406285121433663 ], [ 117.169308794668581, -0.406225914555582 ], [ 117.169419307004219, -0.406130808828525 ], [ 117.169735481309502, -0.405882416563954 ], [ 117.169816381313439, -0.405824516597498 ], [ 117.170132226766299, -0.405617963662454 ], [ 117.1704641451431, -0.405438764406259 ], [ 117.170809804522946, -0.405288177806262 ], [ 117.171166776447023, -0.405167261819039 ], [ 117.171261176413225, -0.405139661853301 ], [ 117.17162445553528, -0.405049773239071 ], [ 117.171676610877611, -0.405041422022039 ], [ 117.171862013437178, -0.404972118912988 ], [ 117.172052122175899, -0.404784863738828 ], [ 117.172332209277826, -0.404550519952831 ], [ 117.172412609286454, -0.404488619986002 ], [ 117.172681858974755, -0.404296674830068 ], [ 117.172964372593768, -0.404125135385222 ], [ 117.173233620119007, -0.403987691809773 ], [ 117.173268221915066, -0.403886520775994 ], [ 117.173398651969805, -0.403549563253218 ], [ 117.173555401912694, -0.403224171207469 ], [ 117.173630701993773, -0.403082571222155 ], [ 117.173836436100061, -0.402734166355818 ], [ 117.174072322136126, -0.402405698956683 ], [ 117.174336466362348, -0.402099806018703 ], [ 117.1744170663939, -0.40201450604909 ], [ 117.174687658638348, -0.401751157594299 ], [ 117.174979192988232, -0.401511529406019 ], [ 117.175289624195699, -0.401297302583207 ], [ 117.175440624191666, -0.401202202645893 ], [ 117.175750959749223, -0.401023635926832 ], [ 117.17607441225536, -0.400870467117678 ], [ 117.176135453385271, -0.400847329325421 ], [ 117.176257474589931, -0.400766437278923 ], [ 117.176577208095082, -0.400590099460476 ], [ 117.176910089003869, -0.400440435767786 ], [ 117.177253926086422, -0.400318431378663 ], [ 117.177391390552316, -0.400281955898884 ], [ 117.177430483419357, -0.400262403111811 ], [ 117.177769484750726, -0.40012615196331 ], [ 117.177810584738751, -0.400111551979143 ], [ 117.178104361938622, -0.400018461092226 ], [ 117.178403783332101, -0.399945847961409 ], [ 117.178454683310832, -0.399935347978813 ], [ 117.178799770456322, -0.399878147378591 ], [ 117.179045038087935, -0.399857025399516 ], [ 117.179131761541512, -0.399829803804929 ], [ 117.179277161492237, -0.399786203859133 ], [ 117.179684618799143, -0.399684618175137 ], [ 117.180099714461591, -0.399621753014424 ], [ 117.180415214306848, -0.39958905310971 ], [ 117.18055246125553, -0.399576965657174 ], [ 117.18062966121613, -0.399571365679388 ], [ 117.180655359872645, -0.39957071985196 ], [ 117.180840345346468, -0.399530594115166 ], [ 117.181174641916954, -0.399484161995206 ], [ 117.181511457132814, -0.399463117563581 ], [ 117.181848891305449, -0.399467579512594 ], [ 117.182185041255465, -0.39949752267479 ], [ 117.182313841178185, -0.39951392269777 ], [ 117.182641395279816, -0.39956807120309 ], [ 117.182964084969839, -0.399646414882964 ], [ 117.183280149309638, -0.399748526209444 ], [ 117.183587863515626, -0.39987384795311 ], [ 117.18388554837135, -0.40002169622382 ], [ 117.183956348330128, -0.400060196216735 ], [ 117.184289111671134, -0.400260275108297 ], [ 117.184409311648579, -0.400347521492273 ], [ 117.184555630271902, -0.400339346784269 ], [ 117.184609430242631, -0.400338646798431 ], [ 117.184921476034944, -0.400345500575328 ], [ 117.185232296430684, -0.400374145184711 ], [ 117.185540391777835, -0.400424442420368 ], [ 117.185844275572464, -0.400496149606146 ], [ 117.185904675534601, -0.400512649611424 ], [ 117.18594741575663, -0.400525964058578 ], [ 117.186071796206491, -0.400529160438169 ], [ 117.186167896151204, -0.400534060460234 ], [ 117.186302231579205, -0.400542942899038 ], [ 117.1863957315243, -0.400550542918856 ], [ 117.186746272155602, -0.400593046139397 ], [ 117.187092415799881, -0.400663125436172 ], [ 117.187432025354013, -0.400760348135431 ], [ 117.187763004056762, -0.400884113979204 ], [ 117.188083308433974, -0.401033658831255 ], [ 117.188390960915115, -0.40120805939493 ], [ 117.188617419993662, -0.401361179078248 ], [ 117.188894685464177, -0.401381620513712 ], [ 117.189240328432305, -0.401434540563128 ], [ 117.189580838249626, -0.401514353541017 ], [ 117.18962033333797, -0.401525257700995 ], [ 117.189814144291148, -0.401542652547821 ], [ 117.190163041384665, -0.401602109732959 ], [ 117.190506209192662, -0.40168902127451 ], [ 117.190841519533336, -0.401802848182121 ], [ 117.191166892953575, -0.401942884547736 ], [ 117.191370879000345, -0.402050519098537 ], [ 117.191416779142102, -0.402072150210473 ], [ 117.191700471381907, -0.402218409444158 ], [ 117.191973151177848, -0.402384545933338 ], [ 117.192125864175992, -0.402493188134491 ], [ 117.192248738001041, -0.402553961866189 ], [ 117.192560414252682, -0.402740951431128 ], [ 117.192856088889414, -0.402952646110467 ], [ 117.193133834175455, -0.403187665698872 ], [ 117.193391839270305, -0.403444477917761 ], [ 117.193463839246547, -0.403522177887015 ], [ 117.193689493409693, -0.403785274489072 ], [ 117.193759947209685, -0.403881459617183 ], [ 117.193854536482107, -0.403826792703097 ], [ 117.193872585844971, -0.403817289531269 ], [ 117.194081489386619, -0.403693476836046 ], [ 117.194359783607126, -0.4035536716717 ], [ 117.19464701765456, -0.403433581559065 ], [ 117.195091280891333, -0.403265740256468 ], [ 117.195162515721108, -0.403238378318044 ], [ 117.195197130963919, -0.403222849776023 ], [ 117.195599770864874, -0.403065116524 ], [ 117.196065670727435, -0.402908116711855 ], [ 117.196131162493529, -0.402886607771431 ], [ 117.196257762454195, -0.402846107822022 ], [ 117.19662642367679, -0.402745324258813 ], [ 117.197002255917653, -0.402676428627764 ], [ 117.197382542819611, -0.402639918875246 ], [ 117.197418526119392, -0.402638013227615 ], [ 117.197591052719048, -0.402611276050361 ], [ 117.197871369178785, -0.402585782606731 ], [ 117.197957469134053, -0.402580682633038 ], [ 117.197972003104312, -0.402580318701686 ], [ 117.198135524859964, -0.402517127628309 ], [ 117.198486641554751, -0.402413542099287 ], [ 117.19884496558052, -0.402339057970137 ], [ 117.199208121200513, -0.402294169078697 ], [ 117.199573700644265, -0.402279173042339 ], [ 117.199669900590976, -0.402279173068969 ], [ 117.200030299483657, -0.402293746622047 ], [ 117.200388376218953, -0.402337373183622 ], [ 117.200504773766994, -0.402361215501505 ], [ 117.200537010637504, -0.402353409120909 ], [ 117.200773161875972, -0.402200073979513 ], [ 117.201094135280371, -0.402026981343293 ], [ 117.201427976285942, -0.401880620039443 ], [ 117.201772492702062, -0.401761951157568 ], [ 117.201912211883069, -0.401726243519006 ], [ 117.202206152949344, -0.401585969364648 ], [ 117.202542150594724, -0.401457620275036 ], [ 117.20288726200242, -0.401356712521858 ], [ 117.202977021720443, -0.401338144166624 ], [ 117.203059264937039, -0.401290418082266 ], [ 117.203364196191018, -0.401143032057415 ], [ 117.203679276486, -0.401019155812241 ], [ 117.204002720360805, -0.400919491312827 ], [ 117.204332694960982, -0.400844603324816 ], [ 117.204629303898898, -0.400800562442097 ], [ 117.204894342815251, -0.400736232511426 ], [ 117.204993642774824, -0.400716132548686 ], [ 117.20533040544349, -0.40066126395257 ], [ 117.205670332445763, -0.400632273732482 ], [ 117.205806073715607, -0.400631101976731 ], [ 117.205817578323902, -0.400627432347886 ], [ 117.206141286916761, -0.400550172059602 ], [ 117.206194886894849, -0.400539472079751 ], [ 117.206536177637602, -0.400484978086226 ], [ 117.206546852227362, -0.400484112502365 ], [ 117.206552960559364, -0.400482485603014 ], [ 117.206922968426341, -0.400416628202097 ], [ 117.207062368362145, -0.400397828251181 ], [ 117.20743100253847, -0.400363796897766 ], [ 117.207449392615629, -0.400334347832658 ], [ 117.207650794307227, -0.400060109601716 ], [ 117.207872146813386, -0.399801926209027 ], [ 117.208112191931008, -0.399561265206617 ], [ 117.208315437857976, -0.399386134423661 ], [ 117.208357163948762, -0.399326496202445 ], [ 117.208362472141403, -0.399320050143161 ], [ 117.208367286714022, -0.399313222565898 ], [ 117.208475053584166, -0.399183335688238 ], [ 117.208582342423284, -0.399053048358579 ], [ 117.20858813663088, -0.399047041442864 ], [ 117.208593468473993, -0.39904061519628 ], [ 117.208711025961705, -0.398919640784262 ], [ 117.208828138103542, -0.398798229394636 ], [ 117.208834382602902, -0.398792698657012 ], [ 117.20884019884376, -0.3987867133611 ], [ 117.208966822167298, -0.398675397260882 ], [ 117.209093035575407, -0.398563610352579 ], [ 117.209099691866982, -0.398558589891963 ], [ 117.209105956646638, -0.398553082447879 ], [ 117.209240865132173, -0.398452110957774 ], [ 117.209375401656558, -0.398350637734848 ], [ 117.209382428701986, -0.398346158504032 ], [ 117.209389103396006, -0.398341162866913 ], [ 117.209531465287839, -0.398251158508701 ], [ 117.209673495465353, -0.398160624586279 ], [ 117.209680849940611, -0.398156714201098 ], [ 117.209687893397245, -0.398152261170721 ], [ 117.209836830985381, -0.398073778851128 ], [ 117.209985479154184, -0.397994742398711 ], [ 117.209993115716586, -0.397991424967916 ], [ 117.210000484510473, -0.397987541998657 ], [ 117.210152084490161, -0.397915142064808 ], [ 117.210480498037086, -0.397774106833621 ], [ 117.210818997816375, -0.397659766798062 ], [ 117.211087016316483, -0.397592521792303 ], [ 117.211096813733306, -0.397576235735748 ], [ 117.211112003756554, -0.397554954672562 ], [ 117.21112574531783, -0.397532698108607 ], [ 117.211214927612062, -0.397410759428809 ], [ 117.211302701367572, -0.397287789313764 ], [ 117.211319503120023, -0.397267773651381 ], [ 117.211334936901991, -0.397246671087426 ], [ 117.211433347655287, -0.3971321524523 ], [ 117.211530434597208, -0.397016494306915 ], [ 117.211548744490173, -0.39699786744865 ], [ 117.211565775338386, -0.396978048988704 ], [ 117.211672807814693, -0.39687165644311 ], [ 117.211778609368722, -0.396764023337726 ], [ 117.211798314515633, -0.396746900123994 ], [ 117.21181683742887, -0.396728487955615 ], [ 117.211931831735853, -0.396630877444871 ], [ 117.212045695600168, -0.396531932971967 ], [ 117.21206667451213, -0.396516418973018 ], [ 117.212086575290357, -0.396499526613115 ], [ 117.212208822449853, -0.396411299937116 ], [ 117.212330046614753, -0.396321654121951 ], [ 117.212352169949625, -0.396307844986666 ], [ 117.212373325897957, -0.396292576582015 ], [ 117.212502072215415, -0.396214277686482 ], [ 117.212629909293184, -0.396134483224491 ], [ 117.212653040653237, -0.396122464090568 ], [ 117.212675321338168, -0.396108913775832 ], [ 117.212809773049514, -0.396041025398591 ], [ 117.212943434882177, -0.395971574247992 ], [ 117.212967431654917, -0.395961419217219 ], [ 117.212990699708627, -0.395949670534398 ], [ 117.213130027875366, -0.395892611228465 ], [ 117.213268690392709, -0.395833931577987 ], [ 117.213293404629937, -0.395825703259384 ], [ 117.213317516597343, -0.395815828642745 ], [ 117.213460862214973, -0.395769950196923 ], [ 117.2136036705175, -0.395722403824688 ], [ 117.213628949848115, -0.395716152948266 ], [ 117.213653757070773, -0.395708213278055 ], [ 117.213800236366026, -0.395673798547292 ], [ 117.213946309994355, -0.395637678591238 ], [ 117.213971998563011, -0.395633443695581 ], [ 117.213997348096299, -0.395627487922274 ], [ 117.214135743963467, -0.395606326172546 ], [ 117.214184597857454, -0.395589512080091 ], [ 117.214513706519512, -0.395503592806651 ], [ 117.214848326131701, -0.395442970609249 ], [ 117.214868757675163, -0.395440857586856 ], [ 117.215184398590907, -0.395307693618329 ], [ 117.215527799857654, -0.395194508935072 ], [ 117.215879124460628, -0.395109467532775 ], [ 117.216112990489847, -0.395072552091425 ], [ 117.216133825869989, -0.395065205463525 ], [ 117.216238425838966, -0.395033005507216 ], [ 117.216502962923428, -0.394963273056289 ], [ 117.216722004600641, -0.394798796576639 ], [ 117.217017904525903, -0.394610800738314 ], [ 117.217327437652898, -0.394446553342132 ], [ 117.217376826395224, -0.394425108881564 ], [ 117.217558040021729, -0.394306723912138 ], [ 117.217671007399261, -0.394244652175692 ], [ 117.217861471746005, -0.393989053169194 ], [ 117.218093772626375, -0.393723416374461 ], [ 117.2183459905918, -0.393476874997123 ], [ 117.218616581828499, -0.393250938101376 ], [ 117.218733069363864, -0.393168247917819 ], [ 117.218782186115504, -0.393077221547935 ], [ 117.218968520566776, -0.392787124805273 ], [ 117.219176302098532, -0.392512189234186 ], [ 117.219404318891236, -0.392254018304199 ], [ 117.219570618969627, -0.392079618364969 ], [ 117.21969151626574, -0.391962411714313 ], [ 117.219811968241117, -0.391844741310555 ], [ 117.219818577483977, -0.391839229304832 ], [ 117.219824759541936, -0.391833235967007 ], [ 117.219954418726971, -0.391725939819526 ], [ 117.220083670108735, -0.391618146172754 ], [ 117.220090688559338, -0.391613173196184 ], [ 117.220097318654524, -0.391607686629979 ], [ 117.22023494033607, -0.391510962500696 ], [ 117.22037219424567, -0.391413710194035 ], [ 117.220379578632617, -0.39140930690685 ], [ 117.220386615888572, -0.391404360938449 ], [ 117.220468137112576, -0.391356172331321 ], [ 117.220558747803622, -0.391198002817948 ], [ 117.220602631025457, -0.391133740534434 ], [ 117.22066773805868, -0.390916210610445 ], [ 117.220793607880523, -0.390589624781336 ], [ 117.220944203382814, -0.390273823604856 ], [ 117.221118621458857, -0.389970700902578 ], [ 117.221315816141185, -0.389682074464473 ], [ 117.221534604873966, -0.389409675147755 ], [ 117.221773675604979, -0.389155136497167 ], [ 117.222031594653686, -0.388919984948909 ], [ 117.222306815308954, -0.388705630676727 ], [ 117.222597687104667, -0.388513359135351 ], [ 117.222902465717155, -0.388344323351875 ], [ 117.223219323425866, -0.388199537011154 ], [ 117.22331178126305, -0.38816570501488 ], [ 117.223311718245142, -0.388127132775609 ], [ 117.22333947514251, -0.387768814714735 ], [ 117.223395400906625, -0.387413845959982 ], [ 117.223479142504573, -0.387064467237352 ], [ 117.223590171317127, -0.386722883985616 ], [ 117.223675958294976, -0.386516150449084 ], [ 117.223744507874088, -0.386225797249798 ], [ 117.223849961187909, -0.385894653367336 ], [ 117.223980370470144, -0.385572642877396 ], [ 117.224134965065829, -0.385261668695482 ], [ 117.224312831397569, -0.384963568517825 ], [ 117.224512918364269, -0.384680103961629 ], [ 117.224734043552715, -0.384412950154754 ], [ 117.224971493698902, -0.384167211275458 ], [ 117.225100074726825, -0.383938793480175 ], [ 117.225290759457693, -0.383653125536733 ], [ 117.225502466421887, -0.383382879389365 ], [ 117.225733970088399, -0.383129619436978 ], [ 117.225983930327487, -0.382894811748504 ], [ 117.226250900168637, -0.382679815576234 ], [ 117.226533334176651, -0.382485875487371 ], [ 117.226829597397909, -0.382314114159537 ], [ 117.227137974824913, -0.382165525881852 ], [ 117.227456681324, -0.382040970799259 ], [ 117.227783871969109, -0.381941169933398 ], [ 117.228117652721778, -0.381866701008763 ], [ 117.22849585257535, -0.38179740115803 ], [ 117.228838956383683, -0.38174820780467 ], [ 117.229184805713572, -0.381725781307797 ], [ 117.229272906367157, -0.381726918679464 ], [ 117.229463821554162, -0.381631461161078 ], [ 117.2297923855688, -0.381483387727094 ], [ 117.230131669225727, -0.381362267342713 ], [ 117.230479494956853, -0.381268877372544 ], [ 117.230833630370384, -0.381203817203561 ], [ 117.230945291951031, -0.381192496546659 ], [ 117.231101126550058, -0.381136084679152 ], [ 117.231222489197634, -0.381102754766694 ], [ 117.231322629567316, -0.380828469507801 ], [ 117.231427329732057, -0.380571769494195 ], [ 117.231563799625349, -0.380269293929831 ], [ 117.231721952208574, -0.379977716928362 ], [ 117.231900934492757, -0.37969861109178 ], [ 117.232063395013057, -0.379464598497033 ], [ 117.232151332935743, -0.379317111811355 ], [ 117.232339514073388, -0.379027252774906 ], [ 117.232549167988239, -0.37875273413863 ], [ 117.232779066168348, -0.378495164498725 ], [ 117.232929036158183, -0.378351031843511 ], [ 117.232894071447021, -0.378146753024794 ], [ 117.232861475460197, -0.377778933820769 ], [ 117.232858789369644, -0.37740966362751 ], [ 117.232886031071899, -0.377041403292896 ], [ 117.232943019022073, -0.37667660693468 ], [ 117.233029373443685, -0.376317705586031 ], [ 117.233107273616312, -0.376043405545649 ], [ 117.233216165175804, -0.375709611871849 ], [ 117.233350460504397, -0.37538533256192 ], [ 117.233509349516339, -0.375072523699631 ], [ 117.233691873774532, -0.374773072177495 ], [ 117.233896932272145, -0.374488784314919 ], [ 117.234123288074017, -0.374221374962266 ], [ 117.234166543736961, -0.374177657373879 ], [ 117.234201730161217, -0.374132952528747 ], [ 117.234443923041695, -0.373870825822896 ], [ 117.234705947249836, -0.373628800390201 ], [ 117.234737669900042, -0.373603848299229 ], [ 117.234882710028714, -0.373309753627406 ], [ 117.234987532609026, -0.373132952797901 ], [ 117.235054428460501, -0.372984792506708 ], [ 117.235228742957517, -0.372668546492027 ], [ 117.235283929848322, -0.372584951209682 ], [ 117.235440781296148, -0.37227050435551 ], [ 117.235623791805381, -0.371965972068816 ], [ 117.23583001870567, -0.371676867598114 ], [ 117.235996686668713, -0.371478263447085 ], [ 117.236145058133474, -0.371288561876837 ], [ 117.23625379737868, -0.371104719924897 ], [ 117.236448075524336, -0.37080405427009 ], [ 117.236665405298425, -0.370519829566743 ], [ 117.236904420333545, -0.370253832750406 ], [ 117.237163617926313, -0.370007736156491 ], [ 117.237441368485008, -0.369783087006217 ], [ 117.237735925774984, -0.369581297679251 ], [ 117.238045437897284, -0.369403636833992 ], [ 117.238367958931761, -0.36925122143158 ], [ 117.238701461171132, -0.369125009713472 ], [ 117.239043847869283, -0.369025795176995 ], [ 117.239392966423623, -0.368954201586757 ], [ 117.239746621908566, -0.368910679052947 ], [ 117.24004655593491, -0.368897890427645 ], [ 117.2402811431716, -0.368755824761494 ], [ 117.240496538697656, -0.368647551430513 ], [ 117.240747183017035, -0.368434335964794 ], [ 117.241038872463392, -0.368223941908012 ], [ 117.241477772519175, -0.367933342098492 ], [ 117.241805141921034, -0.367736103595513 ], [ 117.242147951252278, -0.36756753314569 ], [ 117.242270632757922, -0.367519710196134 ], [ 117.242321693686634, -0.367468661140938 ], [ 117.242566517599428, -0.367241402332259 ], [ 117.243556917931699, -0.366388202721001 ], [ 117.243831938888036, -0.366169396969598 ], [ 117.244123065398185, -0.365972839358024 ], [ 117.244428525751815, -0.36579972607532 ], [ 117.244746461007537, -0.365651110635171 ], [ 117.244897189029459, -0.365594571598326 ], [ 117.244992403090777, -0.365508424051755 ], [ 117.245253961155456, -0.365304694243462 ], [ 117.245529694719636, -0.365120882489392 ], [ 117.245996687360559, -0.36483388221622 ], [ 117.246072062222851, -0.364713429242223 ], [ 117.246283446633228, -0.364428125781463 ], [ 117.246516457864587, -0.364160436389528 ], [ 117.246769653375907, -0.363912018290867 ], [ 117.247041465668815, -0.363684409403867 ], [ 117.247330211991667, -0.363479018819789 ], [ 117.24763410475731, -0.363297118079355 ], [ 117.247951262609803, -0.363139833300918 ], [ 117.248894062527654, -0.362717833728744 ], [ 117.249212149782366, -0.362589842739659 ], [ 117.249538997879526, -0.362486618106791 ], [ 117.249872707273667, -0.362408759739363 ], [ 117.250211338543991, -0.362356720125247 ], [ 117.250552923665524, -0.362330801701239 ], [ 117.250956696500026, -0.362315713434394 ], [ 117.251049338553926, -0.362257949845254 ], [ 117.251369132055075, -0.362092588290956 ], [ 117.251549183264473, -0.362017131585177 ], [ 117.2543, -0.3630321 ], [ 117.2581806, -0.3644639 ], [ 117.258498, -0.364496 ], [ 117.258732, -0.364585 ], [ 117.259293, -0.364485 ], [ 117.259441, -0.364567 ], [ 117.259751, -0.364829 ], [ 117.260424, -0.36511 ], [ 117.260959, -0.365182 ], [ 117.26144, -0.365055 ], [ 117.261628, -0.365073 ], [ 117.261737, -0.365245 ], [ 117.261965, -0.365345 ], [ 117.262098, -0.365318 ], [ 117.262295, -0.364874 ], [ 117.262788, -0.364702 ], [ 117.262961, -0.364548 ], [ 117.262999, -0.364386 ], [ 117.263143, -0.364214 ], [ 117.263305, -0.364196 ], [ 117.26352, -0.36425 ], [ 117.2636046, -0.3642318 ], [ 117.2640017, -0.3642801 ], [ 117.2647988, -0.364173 ], [ 117.2653699, -0.3638756 ], [ 117.265627, -0.363558 ], [ 117.266172, -0.363173 ], [ 117.2668867, -0.3627921 ], [ 117.2671961, -0.3627037 ], [ 117.26744, -0.3627572 ], [ 117.2677553, -0.3627394 ], [ 117.268266, -0.36254 ], [ 117.268427, -0.362531 ], [ 117.2686, -0.36244 ], [ 117.268759, -0.362332 ], [ 117.26889, -0.362033 ], [ 117.269114, -0.361816 ], [ 117.269407, -0.361689 ], [ 117.269887, -0.361409 ], [ 117.269891478653904, -0.361404583897264 ], [ 117.270010739761801, -0.361656238180496 ], [ 117.270137211010663, -0.361987826084174 ], [ 117.270237449959509, -0.362328381298296 ], [ 117.270310838600537, -0.362675804189605 ], [ 117.270356924466398, -0.363027952783331 ], [ 117.270375423419907, -0.363382655969064 ], [ 117.270366221405894, -0.363737726886291 ], [ 117.270329375154532, -0.364090976407111 ], [ 117.270265111831449, -0.364440226632812 ], [ 117.270173827637564, -0.364783324321295 ], [ 117.270056085366235, -0.365118154162558 ], [ 117.269912610933631, -0.365442651820156 ], [ 117.269744288903382, -0.365754816658547 ], [ 117.269552157032962, -0.366052724077691 ], [ 117.269337399875681, -0.366334537378772 ], [ 117.269303699899609, -0.366375337387957 ], [ 117.269141191711981, -0.36656146716063 ], [ 117.269050691765727, -0.366659567189685 ], [ 117.268840021592482, -0.366873209789548 ], [ 117.268615703096472, -0.36707227324046 ], [ 117.268576293461862, -0.367102807116514 ], [ 117.268361289651068, -0.367301164457365 ], [ 117.268073896367881, -0.367526072230984 ], [ 117.267769362696967, -0.367726823001382 ], [ 117.267449687191785, -0.36790209930449 ], [ 117.267116967777397, -0.368050750856585 ], [ 117.266773387982454, -0.368171802103255 ], [ 117.266421202609422, -0.368264458621776 ], [ 117.266339068604012, -0.368282523932987 ], [ 117.265991687140044, -0.36834465650244 ], [ 117.265640534191689, -0.368379159178861 ], [ 117.265500042420456, -0.368381811649911 ], [ 117.26548951384801, -0.368386148663317 ], [ 117.265408734458688, -0.36845295627324 ], [ 117.265117789513752, -0.368674298496938 ], [ 117.264809973582516, -0.36887116015993 ], [ 117.264487314137909, -0.369042244601852 ], [ 117.264151936422607, -0.369186424947504 ], [ 117.263806049450693, -0.369302751529203 ], [ 117.263451931457737, -0.369390458142014 ], [ 117.263091914894744, -0.369448967090563 ], [ 117.262922455779886, -0.369469444485215 ], [ 117.262862543988433, -0.369488723051354 ], [ 117.262762176494235, -0.36951669828421 ], [ 117.262656642675708, -0.369546086344867 ], [ 117.262228477765149, -0.369642933933894 ], [ 117.261490977501779, -0.369772034252161 ], [ 117.26114460254523, -0.369818780926337 ], [ 117.260795666460425, -0.369838286586753 ], [ 117.260446279921879, -0.369830433243617 ], [ 117.260098556329126, -0.369795268398611 ], [ 117.259754599023097, -0.369733004757659 ], [ 117.25941648856309, -0.369644018944275 ], [ 117.259086270141623, -0.369528849221523 ], [ 117.258265669602494, -0.369206149306635 ], [ 117.257981994697147, -0.369083120566075 ], [ 117.257835767304059, -0.369007316264041 ], [ 117.257578792174996, -0.369177991327633 ], [ 117.256959292232111, -0.369555091606135 ], [ 117.256585320996862, -0.369759053006129 ], [ 117.25619386939961, -0.369926504548663 ], [ 117.255674735073086, -0.370119918879096 ], [ 117.255665091502266, -0.370129046987657 ], [ 117.255402637309444, -0.370358868002495 ], [ 117.255123310470907, -0.370567562013191 ], [ 117.254828784902642, -0.37075387838053 ], [ 117.254520825602455, -0.370916700567188 ], [ 117.254201278072827, -0.371055052828872 ], [ 117.253872057261404, -0.371168106061633 ], [ 117.253535136085361, -0.371255182770608 ], [ 117.253192533608285, -0.371315761129968 ], [ 117.252846302940441, -0.371349478110209 ], [ 117.252534832594051, -0.371355436928589 ], [ 117.252521277042248, -0.371368922174212 ], [ 117.252255638482225, -0.371595088527746 ], [ 117.251973415207033, -0.371799887462656 ], [ 117.251676299010967, -0.37198209130378 ], [ 117.251066548223918, -0.372324161713342 ], [ 117.251038650591894, -0.372366932751985 ], [ 117.250840884341443, -0.372646423839868 ], [ 117.25062264204135, -0.372910018659796 ], [ 117.250385179557455, -0.373156200362693 ], [ 117.250129863357913, -0.373383552302343 ], [ 117.249858162650057, -0.373590766187526 ], [ 117.24957164092578, -0.373776649610537 ], [ 117.249271946964669, -0.373940132908952 ], [ 117.248960805345959, -0.374080275320951 ], [ 117.248640006524738, -0.374196270399048 ], [ 117.248311396528678, -0.374287450650714 ], [ 117.24824105423734, -0.374301295105283 ], [ 117.248222808808436, -0.374319536320275 ], [ 117.247948565605299, -0.374571919882518 ], [ 117.247654547250733, -0.37480063045907 ], [ 117.247051947361953, -0.375230530718152 ], [ 117.246984318233373, -0.375275167466779 ], [ 117.246789422310911, -0.375543158101638 ], [ 117.246554121353654, -0.37581756953472 ], [ 117.246297749546542, -0.376072131954267 ], [ 117.246021953315548, -0.376305210550117 ], [ 117.245728503831558, -0.37651530848157 ], [ 117.245419285635933, -0.376701076490253 ], [ 117.24509628453788, -0.376861321565134 ], [ 117.244761574861556, -0.376995014604141 ], [ 117.244417306124689, -0.377101297023173 ], [ 117.244065689234262, -0.377179486270062 ], [ 117.243977506223374, -0.377191746595443 ], [ 117.243783502035086, -0.377304514644019 ], [ 117.243731499035903, -0.37732951586954 ], [ 117.243701774591514, -0.377352323594737 ], [ 117.243412861750031, -0.377540659731224 ], [ 117.243179777405103, -0.377668246446817 ], [ 117.243116670064893, -0.377898869816354 ], [ 117.243000107327788, -0.37822495107287 ], [ 117.242859090528881, -0.378541092207156 ], [ 117.242729800654047, -0.378780086546881 ], [ 117.242730962170853, -0.378840854188289 ], [ 117.242709125860031, -0.379202078272861 ], [ 117.242658677038605, -0.379560389173953 ], [ 117.242579938580704, -0.379913493662267 ], [ 117.242473414417333, -0.380259131829742 ], [ 117.24240157904444, -0.38043973599133 ], [ 117.242355071304502, -0.380627829210557 ], [ 117.242243443117829, -0.380964245575121 ], [ 117.242105976312317, -0.381290823205447 ], [ 117.241943516014757, -0.381605554338649 ], [ 117.241757061009409, -0.381906504042411 ], [ 117.241547757597559, -0.382191822110655 ], [ 117.241476979502522, -0.382273964211836 ], [ 117.241422086083475, -0.382421256709368 ], [ 117.241273183721773, -0.382741983156707 ], [ 117.241099823138399, -0.383050004653304 ], [ 117.240903066161735, -0.383343434570097 ], [ 117.240684117923081, -0.383620475650914 ], [ 117.240444319475458, -0.38387943102064 ], [ 117.240185139579665, -0.384118714578599 ], [ 117.239947211003397, -0.384306108426373 ], [ 117.239895294167539, -0.384512169948385 ], [ 117.239778095294739, -0.384857619835794 ], [ 117.239633609726766, -0.385192431551057 ], [ 117.239462778354223, -0.385514424789501 ], [ 117.239278756582536, -0.385802640968652 ], [ 117.239208234900971, -0.386050800613838 ], [ 117.23908964204908, -0.386373195172761 ], [ 117.238947071022054, -0.386685591749656 ], [ 117.238781345287421, -0.386986185984071 ], [ 117.238593422051352, -0.387273241683992 ], [ 117.238498322129757, -0.387407141706939 ], [ 117.238273254293674, -0.387698182205862 ], [ 117.238025382075648, -0.387969796122421 ], [ 117.237756353377733, -0.388220177710556 ], [ 117.237467956755111, -0.388447662380581 ], [ 117.237341668515953, -0.38853151481046 ], [ 117.23728378092656, -0.388581699036945 ], [ 117.23699632780361, -0.388793421181192 ], [ 117.236941643233877, -0.388827352394126 ], [ 117.236899901417814, -0.388863705942377 ], [ 117.236615625134547, -0.389074398578683 ], [ 117.236315797048903, -0.389261975487576 ], [ 117.236002267629985, -0.38942527898534 ], [ 117.235676971908944, -0.389563301197975 ], [ 117.235341917536573, -0.389675190281649 ], [ 117.23505540271583, -0.389758445541814 ], [ 117.235003467170984, -0.389782465826312 ], [ 117.234663627455575, -0.389907396754853 ], [ 117.234385327383976, -0.389997096876456 ], [ 117.234032119063301, -0.390095151083066 ], [ 117.233833493812796, -0.390133090936617 ], [ 117.233793418407686, -0.390152244883551 ], [ 117.233457160291351, -0.39028089220734 ], [ 117.233111757723464, -0.390382049135822 ], [ 117.232807113234884, -0.390445184233207 ], [ 117.232725407331898, -0.39050390403067 ], [ 117.232508870228699, -0.390635354030204 ], [ 117.232480239681152, -0.390751203432052 ], [ 117.232472050177748, -0.390776000972623 ], [ 117.232468865058834, -0.390794822091545 ], [ 117.23245011808163, -0.39106190912107 ], [ 117.232445451382191, -0.391092227980187 ], [ 117.232445249054919, -0.391128860299824 ], [ 117.232416497410043, -0.391477316869465 ], [ 117.232361097091427, -0.391822496854272 ], [ 117.232313197241027, -0.392061796807725 ], [ 117.232237861790068, -0.39237873631645 ], [ 117.232140056123356, -0.392689393210909 ], [ 117.232020287844435, -0.392992155197471 ], [ 117.231879178541746, -0.393285450956337 ], [ 117.231717460562791, -0.393567758296701 ], [ 117.231535973213298, -0.393837612056833 ], [ 117.231366873346445, -0.394070512101489 ], [ 117.231143823002625, -0.394353295099648 ], [ 117.230899078855415, -0.394617267133982 ], [ 117.230634200377978, -0.394860746209884 ], [ 117.230541591907084, -0.39493312502053 ], [ 117.23049037021228, -0.394986861447934 ], [ 117.230221002067097, -0.395227518137878 ], [ 117.229933354732836, -0.395445684715065 ], [ 117.229629276020361, -0.395639959701177 ], [ 117.229310719294375, -0.395809095094441 ], [ 117.229152519277804, -0.395885095165587 ], [ 117.229105403721476, -0.395905483832916 ], [ 117.229059489227353, -0.395928482493145 ], [ 117.229015602778205, -0.395946290815279 ], [ 117.228977435789261, -0.395998457789561 ], [ 117.228853959864082, -0.396267209931289 ], [ 117.228676835435166, -0.396583397604606 ], [ 117.228475098045067, -0.39688426981078 ], [ 117.22825004676038, -0.397167889109026 ], [ 117.228003130775917, -0.397432429156653 ], [ 117.227735940082837, -0.397676186469745 ], [ 117.227450195230162, -0.397897591392604 ], [ 117.227147736245328, -0.398095218205461 ], [ 117.226830510785774, -0.398267794305403 ], [ 117.226500561596936, -0.398414208401106 ], [ 117.226267661550622, -0.398506508504052 ], [ 117.226216134548721, -0.398524589638225 ], [ 117.22618689115437, -0.398587317418332 ], [ 117.225997506613368, -0.398917857732533 ], [ 117.225958908019976, -0.398973743901826 ], [ 117.225950134939211, -0.399003039219436 ], [ 117.225823410182386, -0.399331290044562 ], [ 117.225764410270926, -0.399468090042285 ], [ 117.225620932887722, -0.399769722733491 ], [ 117.225455711650824, -0.400059859843311 ], [ 117.225269649607583, -0.400336915567726 ], [ 117.225063763715426, -0.400599375601412 ], [ 117.22483917928335, -0.40084580541444 ], [ 117.224597123821482, -0.401074858093067 ], [ 117.224338920331803, -0.401285281701543 ], [ 117.224196820356994, -0.401392581762915 ], [ 117.223875169986997, -0.401614188101281 ], [ 117.223845694463733, -0.40163091859871 ], [ 117.223652772660444, -0.401811832738185 ], [ 117.223367907852861, -0.402038616314183 ], [ 117.22328460970752, -0.402094552565954 ], [ 117.22314694558176, -0.402253218592343 ], [ 117.222902673720313, -0.402494845134659 ], [ 117.222640832456236, -0.402717042071106 ], [ 117.222362942641411, -0.402918518812837 ], [ 117.222070618343139, -0.403098105119973 ], [ 117.22176555746907, -0.403254757898728 ], [ 117.221449531905392, -0.403387567260018 ], [ 117.22112437722501, -0.403495761804557 ], [ 117.220791982026057, -0.403578713103271 ], [ 117.220454276962343, -0.403635939347601 ], [ 117.220113223529381, -0.403667108147987 ], [ 117.220108673765324, -0.403667173657451 ], [ 117.21997329863251, -0.403733140311513 ], [ 117.219630349798464, -0.403866631933305 ], [ 117.219277707663721, -0.403971448942306 ], [ 117.219154431698499, -0.403997284148956 ], [ 117.219143792656922, -0.404002185948513 ], [ 117.218809702064689, -0.40412497188872 ], [ 117.218467011797273, -0.404220773164665 ], [ 117.218117868729706, -0.4042889896015 ], [ 117.21776816427095, -0.404328772452664 ], [ 117.217657123492046, -0.404447096049701 ], [ 117.217385869046595, -0.404692747876703 ], [ 117.217095711769062, -0.404915435049922 ], [ 117.216928252344829, -0.40502352513912 ], [ 117.216908742428373, -0.405038671542002 ], [ 117.216624137205542, -0.405226845108891 ], [ 117.21632619522768, -0.405392782851054 ], [ 117.216016627296838, -0.405535531941088 ], [ 117.215903343588622, -0.405577644360563 ], [ 117.215901595884176, -0.405579410006654 ], [ 117.215628916733749, -0.405814074935771 ], [ 117.215338511923306, -0.406026094109246 ], [ 117.215103796600204, -0.40617018360757 ], [ 117.214962151644457, -0.406362605413727 ], [ 117.214727456978764, -0.406633498420234 ], [ 117.214472138143918, -0.406884776654618 ], [ 117.214197807249889, -0.407114853515866 ], [ 117.214095493808074, -0.407187629066616 ], [ 117.214055524826094, -0.407234276847086 ], [ 117.213868788455699, -0.407420544021538 ], [ 117.213798995167892, -0.407530195942934 ], [ 117.213596384968284, -0.407801371389254 ], [ 117.213374153408992, -0.408056494595519 ], [ 117.213133550918059, -0.408294130058824 ], [ 117.21310135092844, -0.408323630071911 ], [ 117.212844029049904, -0.408542206438796 ], [ 117.212571172773735, -0.40874077300322 ], [ 117.212284313941439, -0.408918214990877 ], [ 117.211985063006807, -0.409073536222735 ], [ 117.21167509999465, -0.409205864707811 ], [ 117.211594699975464, -0.409236664742335 ], [ 117.211275770551453, -0.409345255925247 ], [ 117.211122844154318, -0.409384762606296 ], [ 117.21085967019323, -0.409493432572627 ], [ 117.210528722566892, -0.409600831418893 ], [ 117.210190516556963, -0.409682146322527 ], [ 117.209847077391331, -0.409736890355955 ], [ 117.209500461635187, -0.409764735701855 ], [ 117.209152744876079, -0.409765515616283 ], [ 117.208806009294747, -0.409739225427194 ], [ 117.208712209237305, -0.409728425447997 ], [ 117.208629955413883, -0.40971591693491 ], [ 117.208321866404376, -0.409836532921351 ], [ 117.207987766706566, -0.409938076069382 ], [ 117.207646846613116, -0.410013209907812 ], [ 117.207594546590556, -0.410022609927194 ], [ 117.20722128058361, -0.410073552372581 ], [ 117.207094240869253, -0.410080066807759 ], [ 117.20689377640926, -0.410199882301512 ], [ 117.206566778555057, -0.410360833859403 ], [ 117.206227913302868, -0.410494613143433 ], [ 117.205879404190469, -0.410600342329633 ], [ 117.205523538036388, -0.410677327650773 ], [ 117.205162649934607, -0.41072506394866 ], [ 117.204799107932232, -0.410743237988982 ], [ 117.204435297490889, -0.410731730516727 ], [ 117.204348365572883, -0.410721848970275 ], [ 117.204166545971034, -0.410811621385522 ], [ 117.203829125039931, -0.410945429160983 ], [ 117.203482084480584, -0.411051408236651 ], [ 117.203127684815215, -0.411128868293294 ], [ 117.203049099447654, -0.411139457793877 ], [ 117.203002363157765, -0.411158459016954 ], [ 117.202656063631281, -0.411267468462274 ], [ 117.202342930769646, -0.411338717488619 ], [ 117.202254875439706, -0.411378522941986 ], [ 117.201930496722582, -0.41149599460225 ], [ 117.201598127093504, -0.41158808630725 ], [ 117.201259722756632, -0.411654256037706 ], [ 117.200917275434662, -0.411694114341329 ], [ 117.200572800646157, -0.41170742662517 ], [ 117.200479900594075, -0.411707426650998 ], [ 117.200116775, -0.411692631595787 ], [ 117.200082288670487, -0.411688397779544 ], [ 117.199752117422136, -0.411675660420038 ], [ 117.199410251261881, -0.411635939032787 ], [ 117.199200891135035, -0.411595074223582 ], [ 117.199116744496763, -0.411609795227224 ], [ 117.198779032377814, -0.411642717081347 ], [ 117.198692932332619, -0.411647817107752 ], [ 117.198512349844535, -0.411647817161356 ], [ 117.198462191839184, -0.411654373971392 ], [ 117.198283434412801, -0.411723036420119 ], [ 117.198260385028647, -0.411731817091006 ], [ 117.19816047649644, -0.41176956229667 ], [ 117.198019466270225, -0.411843805711313 ], [ 117.197700640266675, -0.411995934204245 ], [ 117.197370940809748, -0.412122410999965 ], [ 117.197032400607796, -0.412222456324421 ], [ 117.196687106875842, -0.412295453362439 ], [ 117.196337188467282, -0.412340952060621 ], [ 117.195984802748583, -0.41235867190221 ], [ 117.195632122298306, -0.412348503636522 ], [ 117.195405168084292, -0.412323923229799 ], [ 117.195177590400874, -0.412507818288331 ], [ 117.194885958559453, -0.412707737426094 ], [ 117.194579644824742, -0.412884005501957 ], [ 117.19426053772311, -0.413035535762146 ], [ 117.193930604656941, -0.413161393969688 ], [ 117.193591879774942, -0.413260804164348 ], [ 117.193246451430809, -0.413333153446772 ], [ 117.192896449307838, -0.413377995757232 ], [ 117.192544031288662, -0.413395054625816 ], [ 117.192191370151065, -0.413384224877029 ], [ 117.191840640172032, -0.413345573278251 ], [ 117.191494003722482, -0.413279338128155 ], [ 117.191214703544304, -0.413214438161858 ], [ 117.190984136227414, -0.413154340677549 ], [ 117.190912936181718, -0.413133740683324 ], [ 117.19042825212702, -0.412962766589831 ], [ 117.190187551974972, -0.412861966587287 ], [ 117.189826242617386, -0.412691334208675 ], [ 117.189481397236264, -0.412489101319831 ], [ 117.18915573605311, -0.412256863179677 ], [ 117.18905525552637, -0.412178235310388 ], [ 117.188916166574629, -0.412128509824546 ], [ 117.188535785664229, -0.411972464493515 ], [ 117.188171148263748, -0.411782103369203 ], [ 117.187825301257121, -0.411559017093369 ], [ 117.187658301168668, -0.411440117057904 ], [ 117.187375592609456, -0.411221392899951 ], [ 117.187111000244485, -0.410980791908584 ], [ 117.186866190008743, -0.41071982896334 ], [ 117.186642703283866, -0.410440147147414 ], [ 117.186503661155157, -0.410234696739065 ], [ 117.186484269090343, -0.410229797506813 ], [ 117.186329511731842, -0.410187105862639 ], [ 117.186236964697002, -0.410184616150624 ], [ 117.18590671720122, -0.4101634606802 ], [ 117.185578911762804, -0.410117895239267 ], [ 117.185255326204157, -0.410048166946378 ], [ 117.184937715461615, -0.409954653965131 ], [ 117.184627802067695, -0.409837863453208 ], [ 117.1843337194952, -0.409701422563958 ], [ 117.184217074287503, -0.409721469004606 ], [ 117.183847106063368, -0.409753735010964 ], [ 117.183475754732186, -0.409755136510442 ], [ 117.183412354695676, -0.409752736525247 ], [ 117.183070792112503, -0.409726653522522 ], [ 117.182732195632965, -0.409674452687362 ], [ 117.18239853292981, -0.409596437370947 ], [ 117.182341732893974, -0.409580837375601 ], [ 117.181990657117396, -0.40946866206621 ], [ 117.181649886975379, -0.409327916669752 ], [ 117.181618217903136, -0.409311668881498 ], [ 117.181506019806832, -0.409280752142018 ], [ 117.18133892380817, -0.409220293360367 ], [ 117.181281406917435, -0.409375620154178 ], [ 117.181249506964789, -0.409452920155845 ], [ 117.181103363131939, -0.409771567548111 ], [ 117.18093311977222, -0.410077849546881 ], [ 117.18073980169072, -0.410369922435905 ], [ 117.180524572595104, -0.410646028032685 ], [ 117.180455972630469, -0.410727328057324 ], [ 117.180220767278072, -0.410985156047996 ], [ 117.179966462097582, -0.411223902271832 ], [ 117.179694579968853, -0.411442137019153 ], [ 117.179406749030022, -0.411638553410951 ], [ 117.179104692927737, -0.411811975225139 ], [ 117.178994492912679, -0.411869675270892 ], [ 117.178609230312375, -0.41204866384819 ], [ 117.178208915205886, -0.41219027145629 ], [ 117.178113615172592, -0.412218971491876 ], [ 117.177773199147623, -0.412307044821322 ], [ 117.177597336228416, -0.412338039853987 ], [ 117.177505369318325, -0.412430870510925 ], [ 117.177242944898552, -0.412657815952069 ], [ 117.177197544904871, -0.412694115970941 ], [ 117.176945779078338, -0.412881399468761 ], [ 117.176681671788103, -0.413050581972553 ], [ 117.176556071779103, -0.413124982025135 ], [ 117.176173109902635, -0.413323127693011 ], [ 117.176298559357036, -0.413608086176853 ], [ 117.176381559414764, -0.413821486093204 ], [ 117.176483578548314, -0.414112691045471 ], [ 117.176565626271056, -0.414410224099307 ], [ 117.176572201122497, -0.414437668895059 ], [ 117.176639703118923, -0.414650326433777 ], [ 117.176671092975809, -0.414760531454405 ], [ 117.176693751822157, -0.414824991310764 ], [ 117.176795017332452, -0.415151928988417 ], [ 117.176868517436517, -0.415425228889753 ], [ 117.176940169900277, -0.415734247973146 ], [ 117.176990126622385, -0.41604756368456 ], [ 117.177002626672234, -0.416148463653856 ], [ 117.17701973069947, -0.416341070378204 ], [ 117.177120201031329, -0.416674976615774 ], [ 117.177197476501362, -0.416966507469888 ], [ 117.177255275009031, -0.417262575885258 ], [ 117.177266675042247, -0.4173333758625 ], [ 117.177310795314966, -0.417703251068651 ], [ 117.177324534591364, -0.418075526740617 ], [ 117.177307799688464, -0.418447678130288 ], [ 117.177306609274225, -0.418461509704201 ], [ 117.177397765382011, -0.418712682821388 ], [ 117.177459965447241, -0.418905882748138 ], [ 117.177543594851016, -0.419198982996841 ], [ 117.177607418327511, -0.41949708957686 ], [ 117.177651145827355, -0.419798847735632 ], [ 117.177661045872654, -0.419888147708862 ], [ 117.177686013465063, -0.420231397624048 ], [ 117.177684986408536, -0.42057556504257 ], [ 117.177663286176369, -0.420851151960938 ], [ 117.177673476190506, -0.420887381986394 ], [ 117.177736256566945, -0.421186289154751 ], [ 117.177778852288569, -0.42148878068045 ], [ 117.177782652306803, -0.421524380669837 ], [ 117.177805789233261, -0.421854301054652 ], [ 117.177804919313587, -0.422185041467184 ], [ 117.177780047195043, -0.422514833876342 ], [ 117.177731305832793, -0.422841915318532 ], [ 117.177658955779293, -0.423164537321857 ], [ 117.17756338379148, -0.423480975252879 ], [ 117.177445100763293, -0.423789537535963 ], [ 117.177410364596582, -0.423871138541647 ], [ 117.177355136004422, -0.424072893116547 ], [ 117.177240583612743, -0.42439437207951 ], [ 117.177204834338625, -0.424483909697495 ], [ 117.17717875234996, -0.424752565271051 ], [ 117.177124266894182, -0.425073308329066 ], [ 117.177112266931204, -0.425131308322714 ], [ 117.177027147330406, -0.425474788955321 ], [ 117.17691560807539, -0.425810516991136 ], [ 117.176778332255367, -0.426136436351167 ], [ 117.176747032296248, -0.426203336356095 ], [ 117.176558636225678, -0.42656310517039 ], [ 117.176444604948642, -0.426740214971489 ], [ 117.17641860451981, -0.426882887008786 ], [ 117.17636110468068, -0.427133386985587 ], [ 117.176280779955832, -0.427435350651093 ], [ 117.176243057051082, -0.427545943025981 ], [ 117.176240359029393, -0.4275695771703 ], [ 117.176222159106189, -0.427690977152562 ], [ 117.176150423576658, -0.428063069775699 ], [ 117.176047997197486, -0.428427810452246 ], [ 117.175915599077854, -0.428782638414933 ], [ 117.175754158752341, -0.429125062491026 ], [ 117.175728528938066, -0.429169407778024 ], [ 117.175719700366514, -0.429212298062318 ], [ 117.175701458185245, -0.429296843461624 ], [ 117.175607258454292, -0.429714143422592 ], [ 117.17550987233632, -0.430075598845924 ], [ 117.175374772613409, -0.430505698832503 ], [ 117.175363095524276, -0.430542331106291 ], [ 117.175346314198322, -0.43059421652542 ], [ 117.175287283299767, -0.430819410337258 ], [ 117.175165237880989, -0.431167212647962 ], [ 117.175137237925583, -0.431237712649941 ], [ 117.17501132651465, -0.431525328065629 ], [ 117.174865880290739, -0.431803447332093 ], [ 117.174701601417468, -0.432070727781449 ], [ 117.17451928297649, -0.432325879071796 ], [ 117.174487782995996, -0.432366879083204 ], [ 117.174264587296861, -0.432635254495325 ], [ 117.174021447922186, -0.432885453805509 ], [ 117.173759820533718, -0.43311597908107 ], [ 117.17359685153302, -0.433238533063288 ], [ 117.173672433104841, -0.433386139586716 ], [ 117.173727333129605, -0.433502739538298 ], [ 117.173875815508637, -0.433856079313822 ], [ 117.173994023047456, -0.43422081443903 ], [ 117.174081105472609, -0.434594321365142 ], [ 117.17412240557573, -0.434812721292333 ], [ 117.174145066695615, -0.434942875785441 ], [ 117.174177366796059, -0.435145775720437 ], [ 117.174212413974033, -0.435418911286636 ], [ 117.174230885832642, -0.435693687699758 ], [ 117.174234260893712, -0.435785159678128 ], [ 117.174254017797352, -0.435911651704373 ], [ 117.174260856281109, -0.435994295601586 ], [ 117.174404069002435, -0.43618427985361 ], [ 117.174452969000626, -0.436254279823085 ], [ 117.174635891997298, -0.436538129659357 ], [ 117.174797228607375, -0.436834949658312 ], [ 117.174936076229315, -0.437143079256632 ], [ 117.175051658076086, -0.437460794619275 ], [ 117.175097958127992, -0.437604494564086 ], [ 117.175184438155043, -0.437908785735451 ], [ 117.175249571324315, -0.438218419646619 ], [ 117.175293038791068, -0.438531880565852 ], [ 117.175305838857653, -0.438655680529257 ], [ 117.175328667287488, -0.439014489701069 ], [ 117.17532832737183, -0.439036508295483 ], [ 117.175373407422228, -0.439253524537262 ], [ 117.1753915362832, -0.439387983733506 ], [ 117.175393929163462, -0.439398976484379 ], [ 117.17544187341133, -0.439654019882552 ], [ 117.175468889830654, -0.439824349958181 ], [ 117.175478350741358, -0.439875533333942 ], [ 117.175534278466017, -0.440277769166141 ], [ 117.175554142638603, -0.440683433793329 ], [ 117.175537783119225, -0.441089256969248 ], [ 117.175527783193687, -0.441206756947429 ], [ 117.175475511141357, -0.441608447361193 ], [ 117.175387750148005, -0.442003818904711 ], [ 117.175371571069078, -0.442054764723452 ], [ 117.175376083756376, -0.442219835319382 ], [ 117.175369884010308, -0.442637235223535 ], [ 117.175349009235617, -0.443010326001088 ], [ 117.17532750937707, -0.443231425961895 ], [ 117.1752924776914, -0.443505224906842 ], [ 117.175250190892342, -0.44377135453636 ], [ 117.175245478848993, -0.44395439560162 ], [ 117.175225736152882, -0.44427662700321 ], [ 117.175183214450755, -0.444596620223386 ], [ 117.175131214652964, -0.444904020184025 ], [ 117.175128776522342, -0.444918295208777 ], [ 117.175046076838299, -0.445397895148543 ], [ 117.175034235909138, -0.445463675970493 ], [ 117.174957956082295, -0.445870290991131 ], [ 117.174911068572627, -0.446206192809666 ], [ 117.174820478314857, -0.44667442956123 ], [ 117.174723211702471, -0.447065883943721 ], [ 117.17469954280979, -0.447161537818823 ], [ 117.174543950244285, -0.447663775799273 ], [ 117.174490359626063, -0.447806889696251 ], [ 117.174483345503404, -0.447839254748655 ], [ 117.174449694597797, -0.448030764666666 ], [ 117.174430631479567, -0.448132458406918 ], [ 117.174355071206577, -0.448511682832873 ], [ 117.174593361519058, -0.448739286075017 ], [ 117.17482835158161, -0.44900175424252 ], [ 117.174885851570536, -0.449071254211744 ], [ 117.175096003694975, -0.449346034503245 ], [ 117.175284628945462, -0.449636214096559 ], [ 117.175450618770512, -0.44994008760729 ], [ 117.175592997646461, -0.450255869171901 ], [ 117.175646997685519, -0.450388969116906 ], [ 117.175724200044201, -0.450604548453604 ], [ 117.175910556316893, -0.450794954365721 ], [ 117.176277805080602, -0.451196115477339 ], [ 117.17641199106663, -0.451335388335689 ], [ 117.176620306728381, -0.451567107115762 ], [ 117.17681223250834, -0.451812752803374 ], [ 117.17698685232601, -0.452071152908665 ], [ 117.177172002569478, -0.452366588564656 ], [ 117.177260536159281, -0.452506934896999 ], [ 117.177457598148379, -0.452851986283275 ], [ 117.177623769207813, -0.45321314012556 ], [ 117.17768056924848, -0.453352340067438 ], [ 117.177818037114747, -0.453738088905171 ], [ 117.177920262136851, -0.454134779372438 ], [ 117.177986405289474, -0.454539155600218 ], [ 117.178016805431312, -0.454797555520394 ], [ 117.17804793731348, -0.455306996126975 ], [ 117.178048402707944, -0.455400751505511 ], [ 117.178085190796821, -0.455690445032843 ], [ 117.178103287756755, -0.455992663541064 ], [ 117.178114096465521, -0.456399525022042 ], [ 117.178132386504544, -0.456493102851095 ], [ 117.178158286582971, -0.456645802799922 ], [ 117.178204935174989, -0.45700881571333 ], [ 117.178222276799531, -0.457374437067294 ], [ 117.178222976859715, -0.457471737043259 ], [ 117.178216442984379, -0.4577505478707 ], [ 117.178194198224915, -0.458161657570299 ], [ 117.178199977728781, -0.458335395134176 ], [ 117.178198596786444, -0.458675195762066 ], [ 117.178171882745247, -0.459013933351916 ], [ 117.178139482930746, -0.459291933305831 ], [ 117.17813169938789, -0.459343883946286 ], [ 117.178137912760704, -0.459571522346343 ], [ 117.178137359720381, -0.459596873730009 ], [ 117.178135421497004, -0.459943588161504 ], [ 117.178104700513728, -0.460303968513408 ], [ 117.178045476947801, -0.460660725916614 ], [ 117.178024577016856, -0.460761625906443 ], [ 117.177942943135548, -0.461092721005561 ], [ 117.1778367563996, -0.461416681454747 ], [ 117.177706620706189, -0.461731664839402 ], [ 117.177553276154129, -0.46203587979853 ], [ 117.177377594835022, -0.462327596212572 ], [ 117.177195592619185, -0.462583999565288 ], [ 117.177099900932234, -0.462738050068797 ], [ 117.176952508349785, -0.462960432520553 ], [ 117.176792323909339, -0.463173661336912 ], [ 117.17666872398263, -0.463328461386687 ], [ 117.176613884543968, -0.463395805994763 ], [ 117.176595698394252, -0.463417705806566 ], [ 117.176194339964482, -0.463976111011439 ], [ 117.175961613779521, -0.464272938062749 ], [ 117.175705074556404, -0.46454916012059 ], [ 117.175677183373239, -0.464576780787822 ], [ 117.17562434730705, -0.464673508837264 ], [ 117.175610062592, -0.464699458250972 ], [ 117.175525962684546, -0.464851058275157 ], [ 117.175351839225769, -0.465139155609359 ], [ 117.175156879999506, -0.465413393597235 ], [ 117.174942168513411, -0.465672248126043 ], [ 117.174708898051094, -0.465914280578224 ], [ 117.174565698092749, -0.466052180642395 ], [ 117.174285117704144, -0.466300724143962 ], [ 117.174165980240844, -0.466389726396151 ], [ 117.174152301970096, -0.466420568939073 ], [ 117.174033327937124, -0.46664894706877 ], [ 117.173923876358742, -0.466887223017326 ], [ 117.173877983879379, -0.466967980929601 ], [ 117.173876700042115, -0.466970984367496 ], [ 117.173715602521199, -0.467279849211149 ], [ 117.173531341208104, -0.467575298072487 ], [ 117.173325011939198, -0.467855573856132 ], [ 117.173266011973979, -0.467929573880248 ], [ 117.172942464016046, -0.468293287068123 ], [ 117.172883904587579, -0.468352364767785 ], [ 117.172869387706186, -0.46836739423699 ], [ 117.172754179898291, -0.468493657442705 ], [ 117.172682995385031, -0.468565386270144 ], [ 117.172514729578438, -0.468823978752917 ], [ 117.172511114018917, -0.468829526298735 ], [ 117.172357514150292, -0.469064826353532 ], [ 117.172331869205308, -0.469103674036481 ], [ 117.172252176538834, -0.469223054955543 ], [ 117.17214789602221, -0.469447844879207 ], [ 117.171932652548833, -0.469856040427018 ], [ 117.171835552645263, -0.470019440458677 ], [ 117.171668661215605, -0.470279632673268 ], [ 117.171484475279527, -0.470527718518332 ], [ 117.171357775353954, -0.470686718570592 ], [ 117.171147871086959, -0.470931650235617 ], [ 117.171044171129836, -0.471044250281113 ], [ 117.170762199093616, -0.471324549895639 ], [ 117.170456792915601, -0.47157875056063 ], [ 117.170130327785031, -0.471804875315625 ], [ 117.169959927770407, -0.471912075393545 ], [ 117.169528456192992, -0.47215145763606 ], [ 117.169333556145475, -0.47224595772127 ], [ 117.169210453494912, -0.472303357420101 ], [ 117.168940553418437, -0.472424257535895 ], [ 117.168861757233159, -0.472458649472545 ], [ 117.168734768500101, -0.472512630452203 ], [ 117.168509509745107, -0.47262691667498 ], [ 117.168314427719991, -0.472720045232893 ], [ 117.167831927582583, -0.472936245439575 ], [ 117.167800824422287, -0.472950040601232 ], [ 117.167471473836883, -0.473094622373154 ], [ 117.167360465452987, -0.473145117560927 ], [ 117.167289339974914, -0.473180962940354 ], [ 117.166989538744176, -0.473318458680041 ], [ 117.166680536470537, -0.473433472122563 ], [ 117.166523036406929, -0.473485572184561 ], [ 117.16620247626247, -0.473578490711243 ], [ 117.165875952113581, -0.473647212777251 ], [ 117.165759441957192, -0.473662766862137 ], [ 117.165616675740026, -0.473694554830716 ], [ 117.165297075574628, -0.473759254939647 ], [ 117.165198287867412, -0.473778098499023 ], [ 117.165103530247734, -0.473795070037674 ], [ 117.165092369892577, -0.473799105799001 ], [ 117.164783886082716, -0.473898178927611 ], [ 117.164427385921769, -0.473998579060777 ], [ 117.164209203926873, -0.474048779132859 ], [ 117.162919760372745, -0.474571308635279 ], [ 117.162547317693907, -0.47470340676119 ], [ 117.162099117500091, -0.474840406931596 ], [ 117.161734936950268, -0.474935161536584 ], [ 117.161488736824538, -0.474988261620845 ], [ 117.161167748212506, -0.475045320447085 ], [ 117.16084349538049, -0.475078804292248 ], [ 117.160517684515341, -0.475088536966479 ], [ 117.160192030002392, -0.475074467256242 ], [ 117.160098259211409, -0.475063520615522 ], [ 117.160049805579774, -0.475077054984712 ], [ 117.159694423030899, -0.475160835536482 ], [ 117.159333458469831, -0.475215303258968 ], [ 117.158969293515952, -0.475240098776262 ], [ 117.158798072187011, -0.475237734139429 ], [ 117.158761338345499, -0.475264865859302 ], [ 117.158464378162449, -0.475450296009403 ], [ 117.157762663700467, -0.475851298207178 ], [ 117.157531944038823, -0.476016521489613 ], [ 117.157513012521264, -0.476037076444367 ], [ 117.156974956048813, -0.476654917737894 ], [ 117.156616086536602, -0.477022467314669 ], [ 117.155993786662137, -0.477591067600681 ], [ 117.155714597388354, -0.477826126025626 ], [ 117.155417427308677, -0.478037667151193 ], [ 117.15510422598301, -0.478224303176504 ], [ 117.155040417004329, -0.478255606510326 ], [ 117.154804367490144, -0.478707357032427 ], [ 117.154687792912611, -0.478904482556688 ], [ 117.154733409271032, -0.47898046101577 ], [ 117.154897359079527, -0.479312143408938 ], [ 117.155033798346977, -0.479656219339493 ], [ 117.155141811925773, -0.480010380974418 ], [ 117.15522067532855, -0.480372252832308 ], [ 117.155269859587534, -0.480739407716391 ], [ 117.155312759868252, -0.481202007592344 ], [ 117.155314344321269, -0.481219458096331 ], [ 117.155357244615629, -0.481702257967909 ], [ 117.155374783172249, -0.482050275989414 ], [ 117.155365659383449, -0.482398620529286 ], [ 117.155329927385267, -0.482745224527302 ], [ 117.155323341618583, -0.482781563031268 ], [ 117.15538258939543, -0.48288899910962 ], [ 117.155495189452935, -0.483115699011655 ], [ 117.155626738086184, -0.483405662491004 ], [ 117.155737675495033, -0.483704232386148 ], [ 117.15582745078467, -0.484009926059984 ], [ 117.155895618146729, -0.484321225500089 ], [ 117.155937218272157, -0.484549125427436 ], [ 117.155972915493194, -0.484830812463502 ], [ 117.156002301608908, -0.484959662839335 ], [ 117.156039801708985, -0.485146062778104 ], [ 117.156097483345718, -0.485507329833868 ], [ 117.156112283420129, -0.485632029798356 ], [ 117.156143979364572, -0.486149910545034 ], [ 117.156144773917106, -0.486342467177184 ], [ 117.156153778878064, -0.486497731093926 ], [ 117.156156771028549, -0.486967088371148 ], [ 117.156147371169766, -0.487174988333363 ], [ 117.156144144705905, -0.487212607788513 ], [ 117.156328513726137, -0.487276172618397 ], [ 117.15644548322193, -0.487327304028466 ], [ 117.156563757829758, -0.487303716373572 ], [ 117.156914063683914, -0.487262246557633 ], [ 117.157266521343004, -0.487248564783902 ], [ 117.15761895914487, -0.487262755350992 ], [ 117.157969205549904, -0.487304730822539 ], [ 117.158315102520902, -0.487374232565943 ], [ 117.158669102267552, -0.487460032582215 ], [ 117.15899183641713, -0.487551200371847 ], [ 117.159306921840439, -0.487666333724557 ], [ 117.159612605219337, -0.487804791970431 ], [ 117.159907185553976, -0.487965804646422 ], [ 117.160189023628064, -0.48814847578352 ], [ 117.160456551130451, -0.488351788892577 ], [ 117.160708279381922, -0.48857461262054 ], [ 117.160942807619264, -0.488815707045936 ], [ 117.161158830789702, -0.489073730578543 ], [ 117.16127951999907, -0.489229309253862 ], [ 117.161332497114344, -0.489256745462106 ], [ 117.161636731335719, -0.489446554745197 ], [ 117.161924994171557, -0.489660138069861 ], [ 117.162195456718251, -0.489896140341432 ], [ 117.162446403006825, -0.490153064226723 ], [ 117.162676240890107, -0.49042927965401 ], [ 117.162883512144106, -0.490723034155072 ], [ 117.163066901719816, -0.491032463983742 ], [ 117.163225246086739, -0.491355605940611 ], [ 117.163357540614896, -0.491690409828596 ], [ 117.163462945948879, -0.492034751460524 ], [ 117.163540793333283, -0.492386446136083 ], [ 117.163607793541146, -0.49275834601352 ], [ 117.163656851387259, -0.493107802132575 ], [ 117.163678697899726, -0.49346004484438 ], [ 117.163673200096113, -0.493812930072017 ], [ 117.163664492726213, -0.493906185739446 ], [ 117.163721252136028, -0.49409161586013 ], [ 117.163836152345127, -0.494520715700451 ], [ 117.163912497494977, -0.494856108967228 ], [ 117.163963298541148, -0.495196373797453 ], [ 117.163988261557449, -0.49553954150194 ], [ 117.16398724211011, -0.495883626595882 ], [ 117.163960246093353, -0.496226638286395 ], [ 117.163907429695527, -0.496566591990767 ], [ 117.163851040140159, -0.496807702656038 ], [ 117.163852714269893, -0.496812953183057 ], [ 117.163940547273455, -0.497126892484332 ], [ 117.164005682277633, -0.49744638683705 ], [ 117.164047780681912, -0.497769775383681 ], [ 117.164066623638973, -0.498095377022895 ], [ 117.16406211319233, -0.498421499148643 ], [ 117.163950914755802, -0.500659398726567 ], [ 117.163911575808413, -0.501071644332982 ], [ 117.163834950712712, -0.501478540450689 ], [ 117.163402552048296, -0.503311640361403 ], [ 117.163346156421326, -0.503526993516427 ], [ 117.162954657406218, -0.504885393507005 ], [ 117.162821425497654, -0.505279063342326 ], [ 117.162652842563787, -0.505658751417069 ], [ 117.162289234743824, -0.506385968149127 ], [ 117.162153487636488, -0.506800004490463 ], [ 117.161957286395861, -0.507639836168823 ], [ 117.161819471714892, -0.508112562844219 ], [ 117.16157737220766, -0.508801662875688 ], [ 117.16146476459059, -0.509090306006731 ], [ 117.161332777604798, -0.509370504236327 ], [ 117.161025877993495, -0.509968204338207 ], [ 117.160864484418113, -0.510256205485694 ], [ 117.160236526534376, -0.511286837618456 ], [ 117.160044168405292, -0.51160256927756 ], [ 117.159234921569478, -0.512930709878155 ], [ 117.159928134694511, -0.515789252883006 ], [ 117.160002339238972, -0.516162915811295 ], [ 117.160045041507303, -0.516541540051259 ], [ 117.160055938485584, -0.516922438945146 ], [ 117.160034952844924, -0.517302909694158 ], [ 117.159982233490396, -0.517680252537114 ], [ 117.159489735507265, -0.520376352320181 ], [ 117.159428175533861, -0.520661362332783 ], [ 117.159348498712916, -0.520941786215368 ], [ 117.159196780174511, -0.521417221920876 ], [ 117.159477449554316, -0.521315104703911 ], [ 117.159817660552378, -0.521220956616473 ], [ 117.160164160411526, -0.521153970154894 ], [ 117.160514812848717, -0.521114558310817 ], [ 117.160867455979243, -0.521102964069424 ], [ 117.161219915645461, -0.521119258911483 ], [ 117.161570018821067, -0.521163342372645 ], [ 117.161915607008382, -0.521234942662859 ], [ 117.162254549546176, -0.521333618342082 ], [ 117.162584756745687, -0.521458761041893 ], [ 117.16290419277415, -0.52160959921635 ], [ 117.163210888206322, -0.52178520289875 ], [ 117.163502952166496, -0.521984489435195 ], [ 117.163778583986343, -0.522206230159507 ], [ 117.164036084306503, -0.522449057968255 ], [ 117.164273865553625, -0.522711475749434 ], [ 117.164490461728334, -0.522991865612571 ], [ 117.164684537443449, -0.5232884988635 ], [ 117.164854896157209, -0.523599546662288 ], [ 117.165000487550216, -0.52392309129853 ], [ 117.165120414001237, -0.524257138014691 ], [ 117.165213936121148, -0.524599627304253 ], [ 117.165280477311725, -0.52494844760935 ], [ 117.165319627320628, -0.525301448339023 ], [ 117.165331144770803, -0.525656453128352 ], [ 117.165314958648779, -0.526011273256406 ], [ 117.165271168742564, -0.526363721140402 ], [ 117.165200045026594, -0.526711623822768 ], [ 117.165102025997285, -0.527052836368247 ], [ 117.165018868250854, -0.527275209353508 ], [ 117.165002142004084, -0.527339991380235 ], [ 117.164886694809752, -0.52767608233883 ], [ 117.16475931116598, -0.527969873237588 ], [ 117.164763193757551, -0.528052867641424 ], [ 117.164752499311362, -0.528404108584222 ], [ 117.164714753905301, -0.528753454041244 ], [ 117.164650185310208, -0.529098795879191 ], [ 117.164559183162211, -0.529438050124344 ], [ 117.164442296611398, -0.529769169538299 ], [ 117.164367217567531, -0.52993880493506 ], [ 117.164351254657063, -0.530006932295809 ], [ 117.164239581715137, -0.530354889364913 ], [ 117.164100356472105, -0.530692629530195 ], [ 117.163934488658612, -0.531017945905201 ], [ 117.163743062095605, -0.531328712783423 ], [ 117.163602448924919, -0.531520460208313 ], [ 117.165624778007782, -0.534589340843614 ], [ 117.167277028986817, -0.536354456522222 ], [ 117.168484724624193, -0.537644654747038 ], [ 117.168563918837137, -0.537474647085108 ], [ 117.168738325965549, -0.537165881316972 ], [ 117.168936259819716, -0.536871842804019 ], [ 117.169156500068496, -0.536594344389826 ], [ 117.169397688854957, -0.536335096942452 ], [ 117.169658339168208, -0.536095698806375 ], [ 117.169712618319238, -0.536049643163392 ], [ 117.169821800310316, -0.535932396050774 ], [ 117.169981916919866, -0.535768967356628 ], [ 117.170113760658566, -0.535641056422238 ], [ 117.17016767692698, -0.535579861470362 ], [ 117.171398877420202, -0.534273662094837 ], [ 117.171572114375437, -0.53409962021455 ], [ 117.171946571933859, -0.533743377774006 ], [ 117.171984227351132, -0.533701723368471 ], [ 117.172032246958906, -0.533649436822058 ], [ 117.172611547200091, -0.533028537114209 ], [ 117.172743926281228, -0.532892506649289 ], [ 117.173179829614597, -0.532463047464434 ], [ 117.174018039842636, -0.531612066448898 ], [ 117.174230806495785, -0.531377992233631 ], [ 117.174335255964564, -0.53126691308128 ], [ 117.174966198067821, -0.530618249545872 ], [ 117.175351079147745, -0.530215721233815 ], [ 117.175629716015948, -0.529914837809837 ], [ 117.175731777777585, -0.529808182359126 ], [ 117.176260777963577, -0.529273182627128 ], [ 117.176293980157581, -0.529239951923862 ], [ 117.176462299089735, -0.529073234718263 ], [ 117.177066031388421, -0.528434814201062 ], [ 117.177198353412763, -0.528300620636781 ], [ 117.177494761988598, -0.528012328354949 ], [ 117.177636607552287, -0.527866121794437 ], [ 117.177940843309429, -0.527521973227735 ], [ 117.178144811546488, -0.527306010554878 ], [ 117.178617194342849, -0.526837751523296 ], [ 117.178859261656299, -0.526573378685952 ], [ 117.179108396313651, -0.526321862241335 ], [ 117.179376365437506, -0.526090798907705 ], [ 117.179661516908226, -0.525881613264855 ], [ 117.179962092672099, -0.525695595009161 ], [ 117.180276239580252, -0.525533891002233 ], [ 117.180602020813978, -0.525397498200257 ], [ 117.180937427825782, -0.525287257507405 ], [ 117.181280392722684, -0.52520384859157 ], [ 117.181628801015506, -0.525147785693943 ], [ 117.181980504655186, -0.525119414458654 ], [ 117.18198559727324, -0.525119407174787 ], [ 117.181989026965269, -0.525118161704952 ], [ 117.182318814702583, -0.52501266059971 ], [ 117.182655688972744, -0.524933019737688 ], [ 117.182997652031887, -0.524879711406405 ], [ 117.183342675958812, -0.524853051735194 ], [ 117.183688714681082, -0.524853198820575 ], [ 117.18403371610853, -0.524880151788765 ], [ 117.184375634302555, -0.524933750800794 ], [ 117.184712441609051, -0.525013678000551 ], [ 117.185042140682626, -0.525119459399669 ], [ 117.185362776331303, -0.525250467688461 ], [ 117.185672447111287, -0.525405925955969 ], [ 117.185969316602723, -0.525584912297284 ], [ 117.186251624300084, -0.525786365280654 ], [ 117.186517696052434, -0.526009090241904 ], [ 117.186765953991312, -0.526251766369214 ], [ 117.186994925887902, -0.526512954535696 ], [ 117.187192336944861, -0.526776529969958 ], [ 117.187443859596257, -0.526937107694644 ], [ 117.187452852231758, -0.526942863858311 ], [ 117.188358170939225, -0.527523874709909 ], [ 117.188926841799031, -0.527883762076217 ], [ 117.189083374766241, -0.527987471243162 ], [ 117.189301974633352, -0.528138971179175 ], [ 117.189319534386897, -0.528151202919425 ], [ 117.189654290499647, -0.528385572728783 ], [ 117.189880596834342, -0.528516077144411 ], [ 117.190178446589755, -0.528551415509757 ], [ 117.190524532090848, -0.528620537826949 ], [ 117.190864163527905, -0.528716782418492 ], [ 117.191195246965094, -0.52883955590423 ], [ 117.191515741167606, -0.528988101344967 ], [ 117.191823670186452, -0.529161502909304 ], [ 117.192117135540769, -0.52935869151999 ], [ 117.192394327922472, -0.529578451445113 ], [ 117.192653538351166, -0.529819427793538 ], [ 117.192893168710413, -0.530080134868091 ], [ 117.193111741600745, -0.53035896532538 ], [ 117.193307909448251, -0.530654200085621 ], [ 117.193480462812673, -0.530964018931124 ], [ 117.193628337844174, -0.531286511728569 ], [ 117.193750622842302, -0.531619690205528 ], [ 117.193846563876932, -0.53196150020874 ], [ 117.193915569436513, -0.532309834368589 ], [ 117.193957214075184, -0.532662545091648 ], [ 117.193971241035626, -0.53301745780126 ], [ 117.193957563832456, -0.533372384344515 ], [ 117.193916266785266, -0.533725136482775 ], [ 117.193847604499027, -0.534073539382997 ], [ 117.193752000294538, -0.534415445026133 ], [ 117.193630043598532, -0.534748745450479 ], [ 117.193482486309804, -0.535071385747895 ], [ 117.193310238163704, -0.535381376732987 ], [ 117.193114361123349, -0.535676807207169 ], [ 117.192896062832361, -0.535955855741786 ], [ 117.19265668916951, -0.536216801907961 ], [ 117.192397715950904, -0.536458036883575 ], [ 117.192120739831168, -0.536678073372286 ], [ 117.191827468459664, -0.536875554773252 ], [ 117.191519709952104, -0.537049263545121 ], [ 117.191199361743074, -0.53719812871262 ], [ 117.190868398887616, -0.537321232469571 ], [ 117.190528861884303, -0.537417815837485 ], [ 117.190182844094906, -0.537487283345096 ], [ 117.189832478837857, -0.537529206699611 ], [ 117.189479926235833, -0.537543327427382 ], [ 117.189127359897441, -0.537529558467525 ], [ 117.18900795980592, -0.537520158491854 ], [ 117.18873360656238, -0.537490001602917 ], [ 117.188295125949494, -0.537428034131772 ], [ 117.188131848668249, -0.53741049596537 ], [ 117.18768888923465, -0.537340264193874 ], [ 117.187485089073306, -0.537297364213504 ], [ 117.187152714824478, -0.537213971756761 ], [ 117.186827616406745, -0.53710533370037 ], [ 117.186511682960415, -0.536972081336452 ], [ 117.186206750368115, -0.536814988990437 ], [ 117.185479849866908, -0.536404588846467 ], [ 117.185444342284597, -0.53638432770051 ], [ 117.185016541993008, -0.536137627611587 ], [ 117.184684463247336, -0.535926197203471 ], [ 117.18419702840184, -0.535584933930358 ], [ 117.184064414897591, -0.535493026602114 ], [ 117.183563055379722, -0.535175737845044 ], [ 117.183539045877637, -0.535160436427853 ], [ 117.183274660768362, -0.534990760804161 ], [ 117.182920772093524, -0.535364983247744 ], [ 117.182817723061504, -0.535470445189311 ], [ 117.182613710204976, -0.535672516999348 ], [ 117.182153123568753, -0.536138328085169 ], [ 117.181900187309807, -0.536411459433209 ], [ 117.181850844973965, -0.536463895759046 ], [ 117.181427745142216, -0.536906395973473 ], [ 117.181400947056844, -0.53693418376199 ], [ 117.180809704837074, -0.537542033413892 ], [ 117.180587396807113, -0.53778660496966 ], [ 117.180463113561487, -0.537917947338553 ], [ 117.179537713892714, -0.53885744781204 ], [ 117.179489876891722, -0.53890529035941 ], [ 117.179097488944151, -0.539291878120436 ], [ 117.178607170457681, -0.539817407239584 ], [ 117.178479375903905, -0.539958773771595 ], [ 117.178242388848091, -0.540201876835175 ], [ 117.177833862358156, -0.540590531608841 ], [ 117.176790950213757, -0.541696974963388 ], [ 117.17678687355459, -0.541701927804881 ], [ 117.176535445093336, -0.541982645011423 ], [ 117.176293782799604, -0.542210872127404 ], [ 117.176088703050993, -0.542431101212168 ], [ 117.175706364246267, -0.542796198572197 ], [ 117.175450264283469, -0.543013498706496 ], [ 117.175171759474679, -0.543231571855085 ], [ 117.174877117125419, -0.543426975248816 ], [ 117.174568153804259, -0.543598504157952 ], [ 117.174246774374055, -0.543745101046848 ], [ 117.174208212102556, -0.543759135472389 ], [ 117.179447005765908, -0.549355837801132 ], [ 117.180553085206896, -0.550265856377482 ], [ 117.190726322866823, -0.555718190831117 ], [ 117.197866374608353, -0.558418610644389 ], [ 117.205427732890428, -0.560697996206045 ], [ 117.20556964389769, -0.5607433677463 ], [ 117.208989141059874, -0.561899767741879 ], [ 117.215160025990457, -0.563986617082402 ], [ 117.215178170491299, -0.563805626955546 ], [ 117.21523904907356, -0.563463752905646 ], [ 117.215325803651382, -0.563127588625048 ], [ 117.215437922786251, -0.562799115861963 ], [ 117.215574745511319, -0.562480271021241 ], [ 117.215735465227965, -0.562172933749002 ], [ 117.215904465446513, -0.561877833809104 ], [ 117.216085139733494, -0.561588230611894 ], [ 117.216287030404104, -0.561313195362219 ], [ 117.216508983604513, -0.561054299947138 ], [ 117.216749730819672, -0.560813024010588 ], [ 117.216845602966941, -0.56073047913878 ], [ 117.217010510004911, -0.560365095901522 ], [ 117.217045042321743, -0.560295929975853 ], [ 117.217076496564133, -0.560225291715678 ], [ 117.217086367183853, -0.560205270095346 ], [ 117.217111605729457, -0.560142593304719 ], [ 117.217127423851096, -0.559807912946106 ], [ 117.217129113079721, -0.559774738464452 ], [ 117.21713060915188, -0.559747326345156 ], [ 117.217103787085023, -0.559521515693956 ], [ 117.217089272525911, -0.55917320189963 ], [ 117.217101446231766, -0.558824797233025 ], [ 117.217140235894917, -0.558478370963644 ], [ 117.217205411128276, -0.55813598061036 ], [ 117.217296584833761, -0.557799659721271 ], [ 117.217413215501551, -0.557471405795866 ], [ 117.217554610426362, -0.557153168421341 ], [ 117.217719929821698, -0.556846837693462 ], [ 117.218002530170708, -0.556368137795799 ], [ 117.218194556850037, -0.556070156844656 ], [ 117.218409215472462, -0.555788261523824 ], [ 117.218645182593065, -0.555524189809856 ], [ 117.218901003393597, -0.555279569790469 ], [ 117.219175100652095, -0.555055909626913 ], [ 117.219465784466877, -0.554854588255686 ], [ 117.219771262675522, -0.554676846887008 ], [ 117.220089651904033, -0.554523781352455 ], [ 117.220418989178526, -0.554396335348828 ], [ 117.220757244027524, -0.554295294619991 ], [ 117.221102331000452, -0.554221282112665 ], [ 117.221452122525065, -0.554174754135763 ], [ 117.221804462024522, -0.554155997547185 ], [ 117.222157177213347, -0.554165127985292 ], [ 117.222508093490092, -0.554202089156005 ], [ 117.222855047344524, -0.554266653179981 ], [ 117.223195899695995, -0.554358421997488 ], [ 117.223528549081692, -0.55447682982276 ], [ 117.223850944612678, -0.554621146632076 ], [ 117.22416109861804, -0.554790482664801 ], [ 117.224457098899606, -0.554983793908909 ], [ 117.224737120521027, -0.555199888537647 ], [ 117.224999437059154, -0.555437434257618 ], [ 117.22524243124785, -0.555694966522629 ], [ 117.225464604948897, -0.555970897563197 ], [ 117.225664588388454, -0.556263526175466 ], [ 117.225841148602342, -0.556571048209744 ], [ 117.225993197037369, -0.556891567693559 ], [ 117.226119796262836, -0.557223108520883 ], [ 117.226220165750135, -0.5575636266354 ], [ 117.226293686684926, -0.557911022632768 ], [ 117.226339905782524, -0.558263154703996 ], [ 117.226358538082508, -0.558617851840371 ], [ 117.226349468705877, -0.558972927218384 ], [ 117.226312753563249, -0.559326191682189 ], [ 117.22624861901042, -0.559675467240367 ], [ 117.226157460452796, -0.560018600493997 ], [ 117.226108921965391, -0.560156793583943 ], [ 117.226103591019552, -0.5602544738165 ], [ 117.226072175647246, -0.560919183277681 ], [ 117.226060989362864, -0.561088723797136 ], [ 117.226023489719864, -0.561531223690456 ], [ 117.225980610514227, -0.561878216710528 ], [ 117.225911235626029, -0.562220838917903 ], [ 117.225815779566275, -0.562557043139483 ], [ 117.225739279763118, -0.562791743133311 ], [ 117.225687576641789, -0.562941460187289 ], [ 117.225592976857413, -0.563200660189878 ], [ 117.22549151526357, -0.563454642982991 ], [ 117.225380392408169, -0.56369049193065 ], [ 117.225347804397202, -0.563771420539605 ], [ 117.22519455177104, -0.564111062933411 ], [ 117.225159959585227, -0.564180024725984 ], [ 117.224789266378778, -0.56500136979509 ], [ 117.224805994557798, -0.565089337791799 ], [ 117.224845071506664, -0.565446579844758 ], [ 117.224855853120232, -0.565805817352724 ], [ 117.224838271336637, -0.566164782701682 ], [ 117.22479243713201, -0.566521209995149 ], [ 117.224718639820196, -0.566872849357204 ], [ 117.224638400774197, -0.567191928253309 ], [ 117.225898417293806, -0.567618020848067 ], [ 117.230679592798239, -0.568529721012735 ], [ 117.231135956170405, -0.568592325618816 ], [ 117.231202455458572, -0.568240929299391 ], [ 117.231307063214274, -0.567866607140411 ], [ 117.23144321812002, -0.567502711905434 ], [ 117.231907030115593, -0.566408197313841 ], [ 117.231897439147133, -0.56622766502948 ], [ 117.231874340696507, -0.564191764355176 ], [ 117.231887864497835, -0.563785634394335 ], [ 117.231934455179712, -0.563188919821806 ], [ 117.231033159140551, -0.562027962888246 ], [ 117.230824037913592, -0.561735260902689 ], [ 117.230638736714724, -0.561426722830785 ], [ 117.230478432682276, -0.561104308685654 ], [ 117.230344144157513, -0.560770066629241 ], [ 117.230236724215516, -0.560426119961104 ], [ 117.230156855245909, -0.560074653629972 ], [ 117.230105044618213, -0.559717900353534 ], [ 117.230081621458709, -0.559358126434905 ], [ 117.230086734559791, -0.558997617365752 ], [ 117.230207436330673, -0.556755416741719 ], [ 117.230237690871135, -0.556422153587923 ], [ 117.230293991231591, -0.555982253492439 ], [ 117.230352781470657, -0.555632026263325 ], [ 117.230438686339312, -0.555287522164642 ], [ 117.23055117620018, -0.554950865179426 ], [ 117.230689557510644, -0.554624130910117 ], [ 117.230852977099033, -0.554309333781824 ], [ 117.231040427424716, -0.55400841462271 ], [ 117.231250752790132, -0.553723228698211 ], [ 117.231482656466028, -0.553455534272635 ], [ 117.231734708686432, -0.553206981769059 ], [ 117.232005355463627, -0.552979103593839 ], [ 117.232292928169016, -0.552773304688951 ], [ 117.232595653820994, -0.552590853870121 ], [ 117.232911666015653, -0.55243287600421 ], [ 117.233239016434069, -0.552300345074095 ], [ 117.233575686854167, -0.552194078173853 ], [ 117.233919601593655, -0.552114730471134 ], [ 117.234268640307349, -0.552062791167999 ], [ 117.234620651059558, -0.552038580484786 ], [ 117.23497346359153, -0.552042247685968 ], [ 117.235324902701635, -0.552073770159997 ], [ 117.235672801656108, -0.552132953558648 ], [ 117.236015015547466, -0.552219432995382 ], [ 117.236349434518687, -0.552332675294984 ], [ 117.236673996770762, -0.552471982280747 ], [ 117.236986701274375, -0.552636495079052 ], [ 117.237285620106874, -0.552825199414562 ], [ 117.237568910338297, -0.553036931863523 ], [ 117.237834825393648, -0.553270387026662 ], [ 117.238081725820948, -0.553524125577386 ], [ 117.238308089399013, -0.553796583135613 ], [ 117.238512520522363, -0.554086079912627 ], [ 117.238693758805553, -0.554390831067569 ], [ 117.238850686853823, -0.554708957711338 ], [ 117.238982337152393, -0.555038498490652 ], [ 117.239087898031229, -0.555377421680263 ], [ 117.239166718669637, -0.555723637709146 ], [ 117.239218313108637, -0.556075012043373 ], [ 117.239242363247271, -0.556429378346097 ], [ 117.239240242749332, -0.556636147313667 ], [ 117.2383653, -0.5565489 ], [ 117.2384723, -0.5603798 ], [ 117.238287900000017, -0.5605999 ], [ 117.2378239, -0.5615636 ], [ 117.236293900000021, -0.561309 ], [ 117.2364795, -0.5616373 ], [ 117.236600900000013, -0.5619479 ], [ 117.2366473, -0.5622584 ], [ 117.236554499999983, -0.5642678 ], [ 117.2365552, -0.5644418 ], [ 117.236561600000016, -0.566031 ], [ 117.2365831, -0.5661988 ], [ 117.2368722, -0.5666199 ], [ 117.235849900000019, -0.5691541 ], [ 117.235683, -0.569375 ], [ 117.235565, -0.5698785 ], [ 117.235556, -0.5704484 ], [ 117.235897, -0.575575 ], [ 117.239373, -0.574361 ], [ 117.244652, -0.574005 ], [ 117.248161, -0.57417 ], [ 117.258097, -0.576341 ], [ 117.2596075, -0.5767812 ], [ 117.261127, -0.577224 ], [ 117.270407, -0.581075 ], [ 117.277287, -0.584673 ], [ 117.279551215386306, -0.586793745935221 ], [ 117.279379597249999, -0.587005165066576 ], [ 117.279135588261141, -0.587261722288657 ], [ 117.278872335888863, -0.587498215903962 ], [ 117.27859146316969, -0.587713187847868 ], [ 117.278294701776289, -0.58790531274367 ], [ 117.277983881341271, -0.588073406074086 ], [ 117.277660918176764, -0.588216431484306 ], [ 117.277327803459769, -0.588333507171479 ], [ 117.276986590955886, -0.588423911321492 ], [ 117.276639384356983, -0.588487086559216 ], [ 117.276288324311281, -0.588522643385083 ], [ 117.275935575225319, -0.588530362576456 ], [ 117.275583311919689, -0.588510196539366 ], [ 117.275233706220291, -0.588462269601934 ], [ 117.274888913568248, -0.58838687724797 ], [ 117.274551059730726, -0.588284484295249 ], [ 117.274222227694722, -0.588155722029743 ], [ 117.267810338206516, -0.585348472056792 ], [ 117.259894049693571, -0.58244402529182 ], [ 117.254103180509958, -0.580895903649222 ], [ 117.252395510940048, -0.580599908163974 ], [ 117.246978422285977, -0.579660873868846 ], [ 117.245374267725794, -0.579478842678804 ], [ 117.242077394314109, -0.579104683096628 ], [ 117.241790953403012, -0.581065622128084 ], [ 117.241773046106999, -0.581178317501912 ], [ 117.241424755512924, -0.583205873131894 ], [ 117.241409356633397, -0.583534462794169 ], [ 117.241364456351619, -0.583890111077352 ], [ 117.241291720147913, -0.584241062991253 ], [ 117.241234020352223, -0.584473062965879 ], [ 117.241137431160269, -0.5848065222194 ], [ 117.241015710769503, -0.585131537730226 ], [ 117.240869576835351, -0.585446193214762 ], [ 117.240699890955241, -0.585748633471387 ], [ 117.240507653588779, -0.586037075318686 ], [ 117.24029399815899, -0.586309818109114 ], [ 117.240060184370009, -0.586565253755908 ], [ 117.239978000629364, -0.586642241138677 ], [ 117.23958036693449, -0.587308914405007 ], [ 117.23936306784455, -0.587639497711059 ], [ 117.23893436243857, -0.588233408437517 ], [ 117.238050453083588, -0.589841624133561 ], [ 117.237877270079792, -0.590130701227576 ], [ 117.237722790328363, -0.590349765684459 ], [ 117.237809348468133, -0.592897368626798 ], [ 117.237800969540501, -0.593368401109104 ], [ 117.237762070013076, -0.593926900960262 ], [ 117.237723592208766, -0.594279974953657 ], [ 117.237657715101264, -0.594628921425446 ], [ 117.237564844839156, -0.594971589005641 ], [ 117.237445553992785, -0.595305865035166 ], [ 117.23730057802446, -0.59562968859114 ], [ 117.23713081075411, -0.5959410631931 ], [ 117.236937298848744, -0.596238069112032 ], [ 117.236721235369572, -0.596518875206113 ], [ 117.236483952416336, -0.596781750210376 ], [ 117.236226912914731, -0.597025073410593 ], [ 117.235951701596989, -0.597247344635548 ], [ 117.235660015231474, -0.597447193506188 ], [ 117.235353652161578, -0.597623387884549 ], [ 117.235034501218436, -0.597774841470325 ], [ 117.234704530075447, -0.597900620498422 ], [ 117.234365773117091, -0.597999949495961 ], [ 117.234020318896, -0.59807221606341 ], [ 117.233696834665764, -0.598113581212559 ], [ 117.233805077474642, -0.598287047584753 ], [ 117.233933877515057, -0.598517747449894 ], [ 117.234129837527121, -0.598912712086645 ], [ 117.234286618690192, -0.599325025575591 ], [ 117.234511919032201, -0.600016925214246 ], [ 117.234616759199028, -0.600393039602412 ], [ 117.234688974424571, -0.600776857169538 ], [ 117.234728026167119, -0.601165515647227 ], [ 117.234765526675886, -0.601820015408175 ], [ 117.234769873045451, -0.602248770472341 ], [ 117.234733874884, -0.602676013731887 ], [ 117.234665236465901, -0.603196319923163 ], [ 117.23734353855815, -0.603031333081298 ], [ 117.237709392394223, -0.603023823092088 ], [ 117.238074640150444, -0.603046305114936 ], [ 117.23813543693106, -0.603055087602804 ], [ 117.238980340470206, -0.603055087891078 ], [ 117.238979242931606, -0.602922038815496 ], [ 117.239005625460806, -0.602556998562329 ], [ 117.239061236923646, -0.602195300278605 ], [ 117.239145713258026, -0.601839311793287 ], [ 117.239258501440403, -0.601491363555975 ], [ 117.239398863106274, -0.601153733380935 ], [ 117.239570563424508, -0.600783533420087 ], [ 117.239717954946869, -0.600493477865172 ], [ 117.239885702645196, -0.600214854185618 ], [ 117.240072936360278, -0.599949107682035 ], [ 117.240496736735096, -0.59939130789386 ], [ 117.240691988152662, -0.599156174501863 ], [ 117.240751737852577, -0.599055408461062 ], [ 117.240968993449869, -0.598749858036135 ], [ 117.241210690062971, -0.598463513235403 ], [ 117.241475159993797, -0.598198349821125 ], [ 117.241614660043396, -0.598069649902987 ], [ 117.24172179266921, -0.597978461000976 ], [ 117.24168676503254, -0.597859132466686 ], [ 117.241613632704258, -0.597511653693791 ], [ 117.24156780768952, -0.597159469829928 ], [ 117.241549572510195, -0.596804752208509 ], [ 117.241559039587187, -0.596449687784059 ], [ 117.241596150547366, -0.596096465648858 ], [ 117.241660676583678, -0.595747263536436 ], [ 117.24175221986593, -0.595404234395018 ], [ 117.241870215993714, -0.595069493113909 ], [ 117.242013937476131, -0.594745103484482 ], [ 117.242182498217332, -0.594433065476179 ], [ 117.24237485897963, -0.594135302906095 ], [ 117.242589833790831, -0.593853651578002 ], [ 117.242826097256255, -0.593589847964037 ], [ 117.243082192730427, -0.59334551849888 ], [ 117.243356541297658, -0.593122169552189 ], [ 117.243647451506817, -0.592921178141533 ], [ 117.24395312979955, -0.592743783442558 ], [ 117.244271691568315, -0.592591079149266 ], [ 117.244601172775475, -0.592464006730964 ], [ 117.244939542062312, -0.592363349628044 ], [ 117.245284713272881, -0.59228972842173 ], [ 117.245634558315786, -0.592243597008178 ], [ 117.245986920284537, -0.592225239800079 ], [ 117.246339626755429, -0.592234769973271 ], [ 117.246690503181156, -0.592272128768973 ], [ 117.247037386297478, -0.592337085856155 ], [ 117.247378137460345, -0.592429240751609 ], [ 117.24771065583117, -0.592548025289155 ], [ 117.24803289132916, -0.592692707122477 ], [ 117.248342857270444, -0.592862394240409 ], [ 117.248638642616712, -0.593056040466412 ], [ 117.248918423757061, -0.593272451908534 ], [ 117.249180475751317, -0.59351029432019 ], [ 117.249423182964506, -0.593768101326201 ], [ 117.249645049027919, -0.594044283463334 ], [ 117.24984470606465, -0.594337137979894 ], [ 117.250020923122804, -0.594644859333635 ], [ 117.250172613764946, -0.594965550323455 ], [ 117.250295061104566, -0.59525297696185 ], [ 117.25039489602328, -0.595381510240629 ], [ 117.250600093183394, -0.595696591354166 ], [ 117.250778533339584, -0.596027769224074 ], [ 117.250826833364883, -0.59612706916586 ], [ 117.250976719043322, -0.596470603270938 ], [ 117.251097808298169, -0.596825460218663 ], [ 117.251189268049416, -0.597189198647954 ], [ 117.251250469062754, -0.597559316094192 ], [ 117.251280990278914, -0.597933266205789 ], [ 117.251280621710535, -0.598308476262524 ], [ 117.251259222136611, -0.598815376106329 ], [ 117.25123141829873, -0.599160990807132 ], [ 117.25117739911542, -0.599503446255517 ], [ 117.251097481977354, -0.599840730315444 ], [ 117.250915082573471, -0.600497830257609 ], [ 117.250807102441925, -0.600835226602332 ], [ 117.25067321078113, -0.601163075616348 ], [ 117.250514229741782, -0.601479364156414 ], [ 117.250331135535234, -0.601782150065375 ], [ 117.250125052439301, -0.602069574097853 ], [ 117.249899752632658, -0.602359174211575 ], [ 117.249672248158788, -0.602629140210522 ], [ 117.249484430958034, -0.602819572240187 ], [ 117.249415330321682, -0.602963197540812 ], [ 117.249503988590234, -0.603106862933105 ], [ 117.249660782689787, -0.603409779491066 ], [ 117.249794424908401, -0.603723742485624 ], [ 117.24990415326657, -0.604046961821031 ], [ 117.249989342131983, -0.604377594625355 ], [ 117.250049505786563, -0.604713755757734 ], [ 117.250084301196026, -0.60505352855664 ], [ 117.250093529965795, -0.605394975767913 ], [ 117.250077139472168, -0.605736150590247 ], [ 117.250061039636037, -0.605923950539953 ], [ 117.250015029255707, -0.60628775118754 ], [ 117.249939895952195, -0.60664660428453 ], [ 117.249836133543653, -0.606998151217967 ], [ 117.249704424017239, -0.607340081395104 ], [ 117.24943082457645, -0.607972981440183 ], [ 117.249191675787046, -0.608447708945193 ], [ 117.24894496923153, -0.608873337390377 ], [ 117.248904221461643, -0.60909707068316 ], [ 117.248822384228006, -0.609414592430092 ], [ 117.248634684807726, -0.610047492390311 ], [ 117.248520794914867, -0.610382955983848 ], [ 117.248381159072821, -0.610708411125916 ], [ 117.248216634896835, -0.611021858923586 ], [ 117.248028232862779, -0.611321374230517 ], [ 117.247817110100939, -0.611605117470979 ], [ 117.247584563289337, -0.611871345938182 ], [ 117.247332020689726, -0.612118424497845 ], [ 117.247261275743597, -0.612177532224411 ], [ 117.247247800078796, -0.612307481074216 ], [ 117.247205730601351, -0.612612326850272 ], [ 117.247143167236501, -0.612913587311135 ], [ 117.246832485925324, -0.614190980422184 ], [ 117.246764475003971, -0.614548540403572 ], [ 117.246758035146314, -0.614744216972502 ], [ 117.246728515570894, -0.615042322682731 ], [ 117.246679459983255, -0.615337807692038 ], [ 117.246572160476106, -0.615874207609477 ], [ 117.246480443630617, -0.616249201127609 ], [ 117.246400469208425, -0.616486712311611 ], [ 117.246398934236197, -0.61650533075588 ], [ 117.246412709133409, -0.616900002158974 ], [ 117.246503917683995, -0.617505536937215 ], [ 117.246624818107335, -0.617852966236918 ], [ 117.246901427913571, -0.618173727755654 ], [ 117.247146721113822, -0.618484766757411 ], [ 117.247468535867, -0.618931814095839 ], [ 117.247530815095487, -0.618987788979224 ], [ 117.24756174329768, -0.61901728723244 ], [ 117.247802916589521, -0.618924197316653 ], [ 117.248141260115233, -0.618823447223814 ], [ 117.248486412929864, -0.618749731146463 ], [ 117.248805019051076, -0.618707630079586 ], [ 117.249054823936319, -0.618504149734225 ], [ 117.24934568087599, -0.618303078516088 ], [ 117.24965131235696, -0.618125599938713 ], [ 117.249969834060309, -0.617972808213079 ], [ 117.250857556717563, -0.617589268618418 ], [ 117.251214599664522, -0.617452787957587 ], [ 117.251581865330635, -0.617347320920142 ], [ 117.254870238056739, -0.616553438449198 ], [ 117.257421289750383, -0.615061674902843 ], [ 117.258622137365663, -0.613914794827072 ], [ 117.259005014169105, -0.613588027873125 ], [ 117.261393463667204, -0.611770307202184 ], [ 117.261438120609, -0.61173901690409 ], [ 117.261491749043714, -0.611658569026369 ], [ 117.261710740721767, -0.611380071576264 ], [ 117.265352044989044, -0.607105515228679 ], [ 117.265703305238048, -0.605637274691223 ], [ 117.265721164342992, -0.605573702521192 ], [ 117.265715898775255, -0.605534948119523 ], [ 117.265695659068953, -0.605180341362378 ], [ 117.265607068815001, -0.600260385174284 ], [ 117.265614653196465, -0.599903215248495 ], [ 117.265769755384966, -0.597341314433069 ], [ 117.265806257178212, -0.596979156870849 ], [ 117.265871566876925, -0.596621126448748 ], [ 117.265965261560879, -0.596269541599466 ], [ 117.266086734502593, -0.595926679016747 ], [ 117.266235199096144, -0.595594758912532 ], [ 117.266409693951161, -0.595275930639993 ], [ 117.266609089118461, -0.594972258775317 ], [ 117.266832093407089, -0.594685709748632 ], [ 117.267077262745602, -0.594418139110279 ], [ 117.267455401237072, -0.594037399736799 ], [ 117.267564020188829, -0.593936302734415 ], [ 117.267664425143252, -0.593826938139102 ], [ 117.268589064063264, -0.592895939442194 ], [ 117.268850489712534, -0.592652785861149 ], [ 117.269130212131529, -0.59243122419967 ], [ 117.269426476352621, -0.592232644522972 ], [ 117.269737423626594, -0.592058292708044 ], [ 117.270061103084245, -0.591909262627167 ], [ 117.270395483976188, -0.591786489285033 ], [ 117.270738468413541, -0.591690742952731 ], [ 117.271087904529963, -0.591622624335122 ], [ 117.271441599982253, -0.591582560802216 ], [ 117.273199398660324, -0.591454161563351 ], [ 117.273558143917384, -0.591442425964101 ], [ 117.273916675134359, -0.591459552026968 ], [ 117.274272704735523, -0.591505430478099 ], [ 117.274623961106897, -0.59157976859162 ], [ 117.274968203089699, -0.591682092057505 ], [ 117.27540154282508, -0.591830082419682 ], [ 117.275730964400637, -0.591957308858986 ], [ 117.276049454705571, -0.592110161976642 ], [ 117.276355050146449, -0.592287699382764 ], [ 117.276645866630588, -0.592488826501221 ], [ 117.276920111181823, -0.592712303317946 ], [ 117.277176092994821, -0.592956752026082 ], [ 117.277412233859422, -0.593220665520482 ], [ 117.277627077890529, -0.593502416689569 ], [ 117.277819300504333, -0.593800268446797 ], [ 117.277987716584633, -0.594112384440481 ], [ 117.278131287789506, -0.594436840375237 ], [ 117.278249128953107, -0.594771635875985 ], [ 117.278340513542844, -0.59511470682069 ], [ 117.278404878139099, -0.595463938066373 ], [ 117.278441825908629, -0.59581717648958 ], [ 117.278451129051504, -0.596172244260957 ], [ 117.27843273020558, -0.596526952272282 ], [ 117.278386742800308, -0.596879113632921 ], [ 117.278313450357558, -0.597226557152735 ], [ 117.278239540639433, -0.597477915501607 ], [ 117.2764458, -0.5966461 ], [ 117.2738486, -0.5960905 ], [ 117.27276430000002, -0.5962246 ], [ 117.27173710000001, -0.5965502 ], [ 117.270690900000019, -0.5971056 ], [ 117.2705954, -0.5973208 ], [ 117.270201, -0.598793 ], [ 117.2701252, -0.5999514 ], [ 117.2702996, -0.6035746 ], [ 117.2700331, -0.6072295 ], [ 117.269500100000016, -0.609133 ], [ 117.2681296, -0.6110556 ], [ 117.2655217, -0.613911 ], [ 117.2622475, -0.6172993 ], [ 117.2596396, -0.6195265 ], [ 117.2558706, -0.6209732 ], [ 117.251009, -0.6223351 ], [ 117.248693, -0.623482 ], [ 117.2480538, -0.6240726 ], [ 117.246164800000017, -0.6265995 ], [ 117.2446657, -0.6294691 ], [ 117.242495599999984, -0.632096 ], [ 117.240482600000021, -0.6331382 ], [ 117.2364423, -0.6343946 ], [ 117.23104570000001, -0.6351084 ], [ 117.22921820000002, -0.6361078 ], [ 117.228290200000018, -0.6373499 ], [ 117.2281771, -0.6390389 ], [ 117.228895, -0.640095 ], [ 117.23248289999998, -0.6456922 ], [ 117.2332919, -0.6478338 ], [ 117.2334346, -0.6497135 ], [ 117.233220500000016, -0.6515695 ], [ 117.2314121, -0.6548294 ], [ 117.2285139, -0.6586603 ], [ 117.2257347, -0.6620487 ], [ 117.2227271, -0.6646756 ], [ 117.2192195, -0.6670617 ], [ 117.218539, -0.667483 ], [ 117.215935, -0.668632 ], [ 117.212113, -0.670414 ], [ 117.210034, -0.671095 ], [ 117.20814510000001, -0.6714014 ], [ 117.206933600000013, -0.6712486 ], [ 117.2056773, -0.6709774 ], [ 117.20471, -0.67097 ], [ 117.203835, -0.671266 ], [ 117.2017994, -0.6734544 ], [ 117.2002099, -0.6747583 ], [ 117.1970024, -0.6766238 ], [ 117.1953177, -0.6778992 ], [ 117.194366, -0.6793364 ], [ 117.1925671, -0.6809068 ], [ 117.1912536, -0.6820966 ], [ 117.1910248, -0.6824687 ], [ 117.1909239, -0.68274 ], [ 117.1906995, -0.6830859 ], [ 117.1907124, -0.6838058 ], [ 117.190646199999989, -0.6855539 ], [ 117.190464300000016, -0.6869865 ], [ 117.1904792, -0.688889 ], [ 117.190265100000019, -0.6894839 ], [ 117.1900985, -0.6901026 ], [ 117.1900271, -0.690745 ], [ 117.190050900000017, -0.6912685 ], [ 117.1899319, -0.6919586 ], [ 117.189741600000019, -0.6923393 ], [ 117.1894561, -0.6927438 ], [ 117.189289500000015, -0.6931007 ], [ 117.1891882, -0.6938902 ], [ 117.189102600000012, -0.6940578 ], [ 117.1889504, -0.694254 ], [ 117.188361500000013, -0.6946949 ], [ 117.1874573, -0.6958133 ], [ 117.187218055469714, -0.695995342118761 ], [ 117.186989330315498, -0.695834748503821 ], [ 117.18671621849235, -0.695608895763661 ], [ 117.186461584647802, -0.695362133651933 ], [ 117.186227004094576, -0.69509598878335 ], [ 117.186013928083156, -0.694812107685755 ], [ 117.185823674823695, -0.694512246613572 ], [ 117.185657421330646, -0.69419826068257 ], [ 117.185516196141208, -0.693872092392997 ], [ 117.1854008729523, -0.693535759612049 ], [ 117.185312165215308, -0.693191343090115 ], [ 117.185250621722474, -0.692840973587933 ], [ 117.185216623211772, -0.692486818694513 ], [ 117.185210380011711, -0.692131069417011 ], [ 117.185231930740173, -0.691775926625966 ], [ 117.185446532835911, -0.68963032627899 ], [ 117.185489342094215, -0.689314452349556 ], [ 117.185554144946877, -0.689002398020997 ], [ 117.185640619536429, -0.688695713157444 ], [ 117.185871579762264, -0.687974403792697 ], [ 117.185942095877309, -0.686113379870154 ], [ 117.18604600070384, -0.683372120529869 ], [ 117.186071730712996, -0.683031526658719 ], [ 117.186122916944441, -0.682693858192992 ], [ 117.186199267543856, -0.682361040418802 ], [ 117.186300347177252, -0.682034970964619 ], [ 117.186933848865024, -0.680233571128145 ], [ 117.187063212801888, -0.679906717726581 ], [ 117.187217420120334, -0.67959097413774 ], [ 117.1873955379384, -0.679288250451037 ], [ 117.187596488728147, -0.67900037799157 ], [ 117.187819056834385, -0.678729098241515 ], [ 117.188061895828682, -0.678476052305107 ], [ 117.188323536654806, -0.678242770980787 ], [ 117.18860239651579, -0.678030665500799 ], [ 117.188896788449014, -0.677841018993938 ], [ 117.189204931531563, -0.677674978723372 ], [ 117.189493683838819, -0.677533644081697 ], [ 117.191515145204662, -0.675792845859886 ], [ 117.191792063327341, -0.675572726490388 ], [ 117.192085283738521, -0.675375157296366 ], [ 117.19239299863753, -0.675201356354243 ], [ 117.192713310861407, -0.675052395201159 ], [ 117.193044245581333, -0.674929192228819 ], [ 117.193383762478121, -0.674832507021282 ], [ 117.193729768321461, -0.674762935671938 ], [ 117.19408012987509, -0.674720907108578 ], [ 117.194280584554974, -0.674712818209456 ], [ 117.194324237771738, -0.674512095140197 ], [ 117.194426508298847, -0.674172149461318 ], [ 117.194554958687931, -0.673841329287028 ], [ 117.19470879699405, -0.67352167423298 ], [ 117.194887074747811, -0.673215155077658 ], [ 117.195088692803111, -0.672923661611881 ], [ 117.195312408113892, -0.672648990987631 ], [ 117.195556841398002, -0.672392836638111 ], [ 117.195820485640979, -0.672156777837197 ], [ 117.196882473351806, -0.671278599755398 ], [ 117.197045731732871, -0.671149833483009 ], [ 117.19939216046609, -0.669385573309547 ], [ 117.199767892299334, -0.669069716130285 ], [ 117.20004738937881, -0.668852925851572 ], [ 117.200276917340176, -0.668702217500003 ], [ 117.200382714581707, -0.668543079541157 ], [ 117.200601360389484, -0.668264303017602 ], [ 117.200841059789951, -0.668003655040995 ], [ 117.200957458754942, -0.667886652852425 ], [ 117.201222595009781, -0.667640717417232 ], [ 117.20150646307107, -0.667416970383074 ], [ 117.201807235665541, -0.667216852017321 ], [ 117.202122976705724, -0.667041650488273 ], [ 117.202451653752547, -0.666892493573239 ], [ 117.20279115109814, -0.666770341399107 ], [ 117.203139283384829, -0.666675980262055 ], [ 117.20349380967221, -0.666610017566194 ], [ 117.203852447862019, -0.666572877913758 ], [ 117.204212889388174, -0.666564800371966 ], [ 117.204430771983596, -0.666568719963968 ], [ 117.204783035675888, -0.666589004021951 ], [ 117.205132632531644, -0.666637048174774 ], [ 117.205441005442026, -0.666704583982339 ], [ 117.205751578596363, -0.666648182665332 ], [ 117.20610265741999, -0.666612743306779 ], [ 117.206455416090336, -0.666605142237798 ], [ 117.20693118906415, -0.666613701142117 ], [ 117.207188173962024, -0.66662573865179 ], [ 117.208724957290201, -0.666742180772138 ], [ 117.211561803246084, -0.665703722641585 ], [ 117.21189787767824, -0.665595536999358 ], [ 117.212241347987302, -0.665514228825743 ], [ 117.212590096569045, -0.665460299409616 ], [ 117.21265024794134, -0.66545581756084 ], [ 117.212657311200417, -0.665448411532484 ], [ 117.212920890527755, -0.665212280264707 ], [ 117.213202061180368, -0.664997695050269 ], [ 117.213499089647399, -0.664805978875074 ], [ 117.213810144650338, -0.664638313729639 ], [ 117.216531264042629, -0.663307202415085 ], [ 117.220724375684924, -0.660204300472623 ], [ 117.220974135294483, -0.660032212679491 ], [ 117.222051340542379, -0.659342450382341 ], [ 117.222356259958758, -0.659163729349925 ], [ 117.222674168739644, -0.659009642561331 ], [ 117.223003106873762, -0.658881140009338 ], [ 117.223341046351123, -0.658779013951475 ], [ 117.223685903666293, -0.658703894025591 ], [ 117.224035552663707, -0.658656243367988 ], [ 117.22438783764612, -0.658636355758095 ], [ 117.224740586665149, -0.65864435380731 ], [ 117.225091624911627, -0.658680188203102 ], [ 117.225438788124237, -0.658743638013108 ], [ 117.225649494864754, -0.658799641982334 ], [ 117.225610189153372, -0.658712779929223 ], [ 117.225489566169841, -0.658378987937814 ], [ 117.225395330487515, -0.658036697793604 ], [ 117.225328063096796, -0.657688019832418 ], [ 117.225288178718756, -0.657335103772779 ], [ 117.225275923248645, -0.656980125462194 ], [ 117.225291372239766, -0.656625273462228 ], [ 117.225334430437982, -0.656272735555207 ], [ 117.225404832369009, -0.655924685255852 ], [ 117.225502143975376, -0.655583268410746 ], [ 117.225625765292634, -0.655250589968484 ], [ 117.225774934148575, -0.654928701001907 ], [ 117.225948730862271, -0.654619586062663 ], [ 117.226495422851627, -0.653730575596325 ], [ 117.226514527123115, -0.653699785672149 ], [ 117.228421291173134, -0.650653964395522 ], [ 117.228695357888085, -0.64934682228764 ], [ 117.228109031179088, -0.647629729764722 ], [ 117.226274915169611, -0.644374418599842 ], [ 117.224616020418622, -0.641983486872822 ], [ 117.22443092960593, -0.641693821164429 ], [ 117.224268267666289, -0.641390818844174 ], [ 117.224128977542719, -0.641076236406866 ], [ 117.224013866692061, -0.640751897476706 ], [ 117.22399202623474, -0.640671514278093 ], [ 117.223849828514631, -0.640569645770509 ], [ 117.223604014070631, -0.640365661154291 ], [ 117.222761713606104, -0.639614660715374 ], [ 117.222458248552059, -0.639317249483246 ], [ 117.222183945823033, -0.638992398426447 ], [ 117.221690445760643, -0.638348798026848 ], [ 117.221486465949567, -0.63806006962948 ], [ 117.221305558542326, -0.637756156271138 ], [ 117.221148833299523, -0.637438922286588 ], [ 117.221120238218091, -0.637374865823392 ], [ 117.221118644525774, -0.637376237962852 ], [ 117.221011344539178, -0.637462038029574 ], [ 117.22073168662881, -0.637668458023883 ], [ 117.220437049203881, -0.637852553944649 ], [ 117.220129186941719, -0.638013229428177 ], [ 117.219809933279436, -0.638149527588289 ], [ 117.219481189495056, -0.638260636714972 ], [ 117.219144913384611, -0.638345895108446 ], [ 117.218803107602625, -0.638404795020023 ], [ 117.218457807735547, -0.638436985675921 ], [ 117.218111070178892, -0.638442275366339 ], [ 117.21776495989053, -0.638420632587236 ], [ 117.217421538092978, -0.638372186227952 ], [ 117.217082849997894, -0.638297224803761 ], [ 117.216750912625884, -0.638196194737515 ], [ 117.21642770279432, -0.638069697701233 ], [ 117.216115145344546, -0.637918487032728 ], [ 117.215815101678473, -0.637743463249339 ], [ 117.215697101588688, -0.637668363213231 ], [ 117.215410935854607, -0.637470251114886 ], [ 117.215140823696984, -0.637250482389893 ], [ 117.214888378631684, -0.637010369827243 ], [ 117.214728122918928, -0.636832422515383 ], [ 117.214680637866465, -0.636799068094073 ], [ 117.214416024048703, -0.636581312149986 ], [ 117.214168616015286, -0.636343940254779 ], [ 117.213939844987522, -0.636088325572665 ], [ 117.213731034373666, -0.635815946800002 ], [ 117.213543392112925, -0.635528379611137 ], [ 117.213495936680218, -0.63544925028439 ], [ 117.213353923264251, -0.635237180701877 ], [ 117.213180258735818, -0.634927990495339 ], [ 117.213031227467809, -0.63460603687011 ], [ 117.212907748285389, -0.634273304780754 ], [ 117.212810582475726, -0.633931845634512 ], [ 117.212740329094544, -0.6335837646437 ], [ 117.21269742127285, -0.633231207846196 ], [ 117.212682123546642, -0.63287634887447 ], [ 117.212694530226003, -0.632521375554207 ], [ 117.212734564813871, -0.632168476415696 ], [ 117.212801980477835, -0.631819827200743 ], [ 117.212896361571907, -0.631477577448409 ], [ 117.213017126199503, -0.631143837242455 ], [ 117.213163529801022, -0.630820664201925 ], [ 117.213334669744455, -0.630510050795255 ], [ 117.213529490890522, -0.630213912056047 ], [ 117.213746792098178, -0.629934073776346 ], [ 117.213985233629984, -0.629672261249987 ], [ 117.214243345412257, -0.629430088635677 ], [ 117.214519536098493, -0.62920904900522 ], [ 117.214812102880643, -0.629010505138346 ], [ 117.215119241987566, -0.628835681120724 ], [ 117.215439059805746, -0.628685654797228 ], [ 117.215701562811503, -0.628586932729777 ], [ 117.215600293579087, -0.628457615316694 ], [ 117.215404268223864, -0.628162283094267 ], [ 117.215231864956962, -0.627852378586874 ], [ 117.215084146700576, -0.627529812462256 ], [ 117.214962024184729, -0.627196573451197 ], [ 117.214866250332292, -0.626854716086266 ], [ 117.21486324189047, -0.626839490558192 ], [ 117.214652986648957, -0.62693225302094 ], [ 117.214256086465383, -0.627087853235435 ], [ 117.213953915519681, -0.627194003613328 ], [ 117.213540815286052, -0.627322703821882 ], [ 117.213331035541486, -0.627382486525976 ], [ 117.21302337847807, -0.62746209963925 ], [ 117.212557047463008, -0.627617511278415 ], [ 117.212499212695462, -0.627636349575813 ], [ 117.212263212563542, -0.627711449695367 ], [ 117.212253996797841, -0.627714371375495 ], [ 117.212050096683214, -0.627778771478505 ], [ 117.211714848271967, -0.627870488034632 ], [ 117.21137356330496, -0.627935858325443 ], [ 117.211028281670139, -0.627974491625581 ], [ 117.210681067144364, -0.627986157018758 ], [ 117.21033399505788, -0.627970784778165 ], [ 117.209947794712022, -0.627938584862756 ], [ 117.209564817572513, -0.627889905595138 ], [ 117.209187403669489, -0.627808317607345 ], [ 117.208962103462653, -0.627749317618539 ], [ 117.20864883314465, -0.62765490404371 ], [ 117.208343212878233, -0.627537806149436 ], [ 117.20804686115126, -0.62739864405532 ], [ 117.20776134736748, -0.627238154727425 ], [ 117.207488183535389, -0.627057188075578 ], [ 117.207228816260979, -0.626856702452377 ], [ 117.207145089961443, -0.626786965208063 ], [ 117.207102453285842, -0.626754566424325 ], [ 117.206920821734485, -0.626618366291021 ], [ 117.206637504506219, -0.626387347990113 ], [ 117.206373724363303, -0.626133968063137 ], [ 117.206131217835889, -0.625859894573714 ], [ 117.205911581403697, -0.625566931816429 ], [ 117.205716260986165, -0.625257008438698 ], [ 117.205546542423562, -0.624932164743878 ], [ 117.205500942457306, -0.624835564689874 ], [ 117.205362131294791, -0.624509013944609 ], [ 117.205249198955016, -0.624172506100376 ], [ 117.205162841700144, -0.623828115843076 ], [ 117.205103591947349, -0.623477966456085 ], [ 117.20507181498634, -0.623124216729459 ], [ 117.20506770672759, -0.62276904765025 ], [ 117.20509129249433, -0.622414648955816 ], [ 117.205142426866757, -0.622063205633439 ], [ 117.205220794578608, -0.62171688444906 ], [ 117.20532591246112, -0.621377820588429 ], [ 117.205457132421969, -0.621048104492981 ], [ 117.205613645441233, -0.620729768971539 ], [ 117.20579448655927, -0.620424776667416 ], [ 117.205998540826215, -0.620135007958073 ], [ 117.206224550176131, -0.619862249362024 ], [ 117.206471121183412, -0.619608182524381 ], [ 117.206736733653798, -0.619374373849021 ], [ 117.207019749997045, -0.619162264841242 ], [ 117.207318425323052, -0.618973163220484 ], [ 117.207630918199854, -0.618808234857882 ], [ 117.207955302006553, -0.618668496588333 ], [ 117.208289576811566, -0.618554809941514 ], [ 117.208373733708996, -0.618533424382458 ], [ 117.208476837693155, -0.618275252531664 ], [ 117.208633729786243, -0.617957106282365 ], [ 117.208814934044923, -0.617652332614085 ], [ 117.209019333280423, -0.617362810556302 ], [ 117.209245667299967, -0.617090325106873 ], [ 117.209492540676237, -0.616836556226862 ], [ 117.209758431350764, -0.616603068483158 ], [ 117.210041700018067, -0.616391301402426 ], [ 117.210340600232357, -0.616202560596004 ], [ 117.210653289175141, -0.616038009710482 ], [ 117.210977839016664, -0.615898663253484 ], [ 117.211312248801704, -0.615785380339005 ], [ 117.21165445678588, -0.61569885939073 ], [ 117.212002353147184, -0.61563963383616 ], [ 117.212353792993326, -0.615608068817806 ], [ 117.212706609585894, -0.61560435894215 ], [ 117.213058627698672, -0.615628527079856 ], [ 117.213407677028613, -0.615680424224766 ], [ 117.213751605576348, -0.615759730412661 ], [ 117.214088292913758, -0.615865956693933 ], [ 117.214415663257014, -0.61599844814822 ], [ 117.214731698264416, -0.616156387922069 ], [ 117.215034449479873, -0.616338802265254 ], [ 117.215322050345748, -0.61654456653415 ], [ 117.215592727710714, -0.616772412125486 ], [ 117.215844812761702, -0.617020934297767 ], [ 117.215854255287198, -0.617031831357687 ], [ 117.215865170215707, -0.617034091780162 ], [ 117.21621514323212, -0.617136945277851 ], [ 117.216555681706652, -0.617268020948098 ], [ 117.216884543996045, -0.617426455964625 ], [ 117.217199565316832, -0.617611207404401 ], [ 117.217498671995443, -0.61782105911291 ], [ 117.217779895118142, -0.618054629709586 ], [ 117.218041383491851, -0.618310381680933 ], [ 117.218063306834807, -0.618335612948183 ], [ 117.218078936819353, -0.618345450276942 ], [ 117.218362514692387, -0.618556797374603 ], [ 117.218628746343398, -0.61878989082736 ], [ 117.218875990368403, -0.619043293538971 ], [ 117.21910272242765, -0.619315443200209 ], [ 117.21930754464357, -0.619604661920894 ], [ 117.219489194219193, -0.619909166574669 ], [ 117.219646551223619, -0.620227079792383 ], [ 117.219778645496831, -0.620556441536726 ], [ 117.219884662631145, -0.620895221186308 ], [ 117.219963948992273, -0.621241330055137 ], [ 117.219975487575994, -0.621319183061547 ], [ 117.220108897224023, -0.621335786922622 ], [ 117.220366396987657, -0.621378686962582 ], [ 117.220753327208101, -0.621460905785905 ], [ 117.221131578462931, -0.621577051939085 ], [ 117.221498221300223, -0.621726225899498 ], [ 117.221850416171833, -0.621907272353306 ], [ 117.221912737408104, -0.621942872649244 ], [ 117.222039469058771, -0.621986074212178 ], [ 117.222238329197822, -0.622064665144131 ], [ 117.222538456720216, -0.622034913724675 ], [ 117.222858763414735, -0.622026259204289 ], [ 117.223178868427283, -0.622040604480296 ], [ 117.223575868071734, -0.622072704575221 ], [ 117.223922688437398, -0.622114457364869 ], [ 117.224265239533437, -0.622183202199218 ], [ 117.22460145164213, -0.622278523715215 ], [ 117.224929293346491, -0.622399845971738 ], [ 117.225246783803897, -0.622546435929393 ], [ 117.22555200471453, -0.62271740787971 ], [ 117.225843111911715, -0.622911728796544 ], [ 117.226118346504521, -0.62312822457777 ], [ 117.226376045504892, -0.623365587139236 ], [ 117.22661465187565, -0.62362238231825 ], [ 117.22683272393806, -0.623897058538884 ], [ 117.227028944082605, -0.624187956186691 ], [ 117.227202126730035, -0.62449331763607 ], [ 117.227351225494786, -0.624811297870036 ], [ 117.227475339507322, -0.625139975627808 ], [ 117.227573718857329, -0.625477365013174 ], [ 117.227638119017641, -0.625734864887729 ], [ 117.227702822307251, -0.625993977900338 ], [ 117.227783337616316, -0.626390777023668 ], [ 117.227828276467548, -0.626793235185612 ], [ 117.227849776726742, -0.62711503506809 ], [ 117.227859838147808, -0.627443519382696 ], [ 117.227846182616858, -0.627771872182351 ], [ 117.227808882203448, -0.628098360417422 ], [ 117.227748133775009, -0.628421260879112 ], [ 117.227673034083224, -0.628753860845644 ], [ 117.227661780653534, -0.628794218038678 ], [ 117.227679383963959, -0.628900742576786 ], [ 117.227782465150469, -0.62966342353986 ], [ 117.227862746416477, -0.630201222865182 ], [ 117.227901739117385, -0.630380006958346 ], [ 117.227913418348436, -0.630399954611049 ], [ 117.228063117671581, -0.630677325690357 ], [ 117.22819323719375, -0.630964531067578 ], [ 117.228300355025269, -0.631252671908809 ], [ 117.228732345031702, -0.631065344529146 ], [ 117.229139679367663, -0.630911782906988 ], [ 117.229559853598133, -0.630798585496281 ], [ 117.232371551708738, -0.630186186845122 ], [ 117.232820869717301, -0.63011208156444 ], [ 117.236612766771373, -0.629683883137926 ], [ 117.236612781778376, -0.62968401781244 ], [ 117.236727320297931, -0.629668196060445 ], [ 117.237012326493684, -0.62965158641958 ], [ 117.237151105385053, -0.6295625824668 ], [ 117.237462639830582, -0.629395827115928 ], [ 117.237786210578548, -0.629254191740655 ], [ 117.238857692907771, -0.628834721851638 ], [ 117.239924591649185, -0.628107318312089 ], [ 117.241354447566067, -0.625565004737015 ], [ 117.241121581028167, -0.625355710566506 ], [ 117.240889373414973, -0.625131460520449 ], [ 117.240673702710581, -0.624891056966979 ], [ 117.240475674839161, -0.624635732657182 ], [ 117.23998533342801, -0.623954576767316 ], [ 117.239476367887605, -0.623364371069619 ], [ 117.239257728804944, -0.623089969695894 ], [ 117.239060931299605, -0.622799295446801 ], [ 117.238887165403284, -0.622494106028774 ], [ 117.238522365571143, -0.621791405607532 ], [ 117.238382405450778, -0.621496283298232 ], [ 117.238263991246896, -0.621191752994569 ], [ 117.237883191772724, -0.620097452393916 ], [ 117.237763301064632, -0.619693498568114 ], [ 117.237681288921308, -0.619280062964723 ], [ 117.23748818983627, -0.617998062396155 ], [ 117.237440177569439, -0.617478735203502 ], [ 117.237407978320718, -0.616556134872577 ], [ 117.237406484779186, -0.616289453090036 ], [ 117.237420604732378, -0.616023146146876 ], [ 117.237506405651175, -0.614982445877762 ], [ 117.237546436107863, -0.614648291554455 ], [ 117.237611036128285, -0.61431805842172 ], [ 117.237699848083324, -0.613993574642555 ], [ 117.237798895947279, -0.61371461418388 ], [ 117.237800799744505, -0.613674124709151 ], [ 117.237860889973163, -0.613250671899176 ], [ 117.238027190771007, -0.612376371760692 ], [ 117.238075931895864, -0.61215130856025 ], [ 117.238087848582452, -0.612102312433275 ], [ 117.237736000006535, -0.612102312503429 ], [ 117.237443598197586, -0.612089317703996 ], [ 117.234943343130951, -0.612243338092486 ], [ 117.233945895936344, -0.612348911554184 ], [ 117.233938862218281, -0.61237001872549 ], [ 117.23380070576178, -0.612732276946826 ], [ 117.233632217466408, -0.613081283001848 ], [ 117.233396217827035, -0.613521083086044 ], [ 117.23324612976289, -0.613779894864018 ], [ 117.233138829893917, -0.613951594911159 ], [ 117.232916939474592, -0.614274642288477 ], [ 117.232668049865225, -0.614577096476801 ], [ 117.232458723725713, -0.614810094490199 ], [ 117.232426415279363, -0.614874711499837 ], [ 117.232244875427966, -0.615203073676957 ], [ 117.232036888171919, -0.615515133988735 ], [ 117.231803888872335, -0.615808738836192 ], [ 117.231600089006164, -0.616044738950012 ], [ 117.231523367851864, -0.61613131429121 ], [ 117.231496310382084, -0.616161069976778 ], [ 117.231399694831907, -0.616297945311833 ], [ 117.231219233255842, -0.616536452632553 ], [ 117.231023473850726, -0.616762402250185 ], [ 117.230757753709526, -0.617049324830834 ], [ 117.230508749598258, -0.617319071533735 ], [ 117.230524174624279, -0.617634274399678 ], [ 117.230513832429324, -0.617989314341215 ], [ 117.230475850856877, -0.618342442954196 ], [ 117.230410464070189, -0.618691483084702 ], [ 117.230318075194617, -0.619034282785253 ], [ 117.230199253832495, -0.619368728582092 ], [ 117.23005473255148, -0.619692758505537 ], [ 117.229885402368069, -0.62000437480273 ], [ 117.229692307254425, -0.620301656254368 ], [ 117.229476637702021, -0.620582770019786 ], [ 117.229239723382008, -0.620845982937002 ], [ 117.228983024947283, -0.62108967220833 ], [ 117.228708125027367, -0.621312335405535 ], [ 117.228416718470825, -0.621512599732829 ], [ 117.228110601896105, -0.621689230490722 ], [ 117.227791662614706, -0.621841138688455 ], [ 117.227461866995313, -0.621967387758045 ], [ 117.227123248340362, -0.622067199328623 ], [ 117.226777894350008, -0.622139958025459 ], [ 117.226427934250765, -0.622185215264022 ], [ 117.226075525667866, -0.622202692015688 ], [ 117.225722841322707, -0.622192280528195 ], [ 117.225372055637266, -0.622154044989927 ], [ 117.225025331327785, -0.622088221134307 ], [ 117.224684806070826, -0.621995214786407 ], [ 117.22435257932365, -0.621875599360904 ], [ 117.223955578969978, -0.62171469933315 ], [ 117.223587654793377, -0.621545840428317 ], [ 117.223236298897007, -0.621344370093209 ], [ 117.222904356321962, -0.62111191969566 ], [ 117.222764956230662, -0.621004619639177 ], [ 117.222494045608514, -0.620778638116864 ], [ 117.222241527936575, -0.620532012729891 ], [ 117.222008951212956, -0.620266255355723 ], [ 117.221797741191921, -0.619982995155924 ], [ 117.221609192643641, -0.619683968588981 ], [ 117.221448192692208, -0.619405068423582 ], [ 117.221295679304717, -0.6191174908751 ], [ 117.221164135411456, -0.618819602929276 ], [ 117.221054244169636, -0.61851295163745 ], [ 117.220966576285207, -0.61819912956236 ], [ 117.220901587048928, -0.617879766507312 ], [ 117.220837287320791, -0.617493466340626 ], [ 117.220794478566603, -0.617161194853523 ], [ 117.22077621778466, -0.616826645049627 ], [ 117.220782605149921, -0.616491652284728 ], [ 117.220813605616357, -0.616158054344319 ], [ 117.220869049109353, -0.615827681361565 ], [ 117.220944149440854, -0.615462981317681 ], [ 117.221029994135193, -0.615115804666864 ], [ 117.221147994504705, -0.614708104650824 ], [ 117.221239799317942, -0.614425781641954 ], [ 117.221349813266997, -0.614150133194591 ], [ 117.221500013563372, -0.613806833230729 ], [ 117.221640713528373, -0.613514226777771 ], [ 117.221801924989279, -0.613232548141597 ], [ 117.221982815376734, -0.612963252032015 ], [ 117.222182450491189, -0.612707729209769 ], [ 117.222399799327746, -0.612467299304054 ], [ 117.222764599498632, -0.612091799516597 ], [ 117.223039140216656, -0.611831954928308 ], [ 117.223334342154928, -0.611596180049554 ], [ 117.22364812936965, -0.611386132911769 ], [ 117.223788828366978, -0.611308215326812 ], [ 117.224176774545882, -0.610887953294414 ], [ 117.224181729670775, -0.610882594111635 ], [ 117.224246504429161, -0.610812650975509 ], [ 117.224331208522088, -0.610692650924584 ], [ 117.224498763912763, -0.610470151561517 ], [ 117.224679635657637, -0.610258482069559 ], [ 117.224686327879638, -0.610251122504752 ], [ 117.224850481768158, -0.609957433242627 ], [ 117.225024714416477, -0.609671123105553 ], [ 117.22521956278797, -0.609398611462719 ], [ 117.225433953400042, -0.609141399662811 ], [ 117.225595235866621, -0.608961878818112 ], [ 117.225653885652193, -0.608786020795535 ], [ 117.225771548865126, -0.608413284536916 ], [ 117.225850730998317, -0.608193135578623 ], [ 117.225813422052937, -0.608117169251543 ], [ 117.225677508311222, -0.60777157832908 ], [ 117.225570237096406, -0.607415921308263 ], [ 117.225479037304751, -0.607061821135643 ], [ 117.225411545695025, -0.606756752176671 ], [ 117.225375160105912, -0.606560570868077 ], [ 117.224657445620906, -0.606605929042479 ], [ 117.224187080865278, -0.606610821571237 ], [ 117.223870580595928, -0.606597421658518 ], [ 117.223475658154769, -0.606563085638162 ], [ 117.22308527810668, -0.60649384725616 ], [ 117.222702478209072, -0.606390245290808 ], [ 117.222330237234175, -0.606253085922087 ], [ 117.22211293704575, -0.606161885905154 ], [ 117.221769587130225, -0.606000351762358 ], [ 117.22144097994763, -0.605810265982005 ], [ 117.220998479617094, -0.605528665858552 ], [ 117.220687985402847, -0.605312167504967 ], [ 117.220396648652951, -0.605070184655385 ], [ 117.220126527651658, -0.604804426910086 ], [ 117.219879530793733, -0.604516771838351 ], [ 117.219657403101877, -0.604209251713437 ], [ 117.219563503108319, -0.604067051629616 ], [ 117.219372261726676, -0.603749965042186 ], [ 117.219207471434643, -0.603418170496477 ], [ 117.219070240389684, -0.603073899203113 ], [ 117.218961491421553, -0.602719466274562 ], [ 117.218881955826745, -0.602357255156745 ], [ 117.218832168450774, -0.601989701601051 ], [ 117.218767768963488, -0.601305801343488 ], [ 117.218748578894278, -0.600967629505081 ], [ 117.218754578788079, -0.600628960184419 ], [ 117.218785734999685, -0.600291692246467 ], [ 117.218841872836521, -0.599957716698487 ], [ 117.218922677538018, -0.599628906087464 ], [ 117.219027696040527, -0.599307104001016 ], [ 117.219037770069534, -0.599282593913516 ], [ 117.219034021598588, -0.599256002982508 ], [ 117.219011952689598, -0.598905221943809 ], [ 117.21901374980574, -0.59878020144566 ], [ 117.218771283888429, -0.59864765530853 ], [ 117.218480830586117, -0.598458380806346 ], [ 117.2183337228293, -0.598345448162736 ], [ 117.218025723004232, -0.598394013986385 ], [ 117.217561722667043, -0.598450314168061 ], [ 117.217426518338414, -0.598461090350182 ], [ 117.217295496004681, -0.598484285981686 ], [ 117.216950032303743, -0.598518062928121 ], [ 117.216603009431154, -0.598524896800151 ], [ 117.21625649779331, -0.598504746823668 ], [ 117.215912564746802, -0.598457733215534 ], [ 117.215573262263945, -0.598384136466354 ], [ 117.21524061469033, -0.598284395667031 ], [ 117.215157452081542, -0.598252237747566 ], [ 117.214919798753101, -0.598424525349189 ], [ 117.214604483477643, -0.598615737370585 ], [ 117.214274679488199, -0.598780326972451 ], [ 117.213932599958653, -0.598917189661418 ], [ 117.213886999936676, -0.598933289684747 ], [ 117.213542045064287, -0.599039633494673 ], [ 117.213189727618044, -0.599117777226951 ], [ 117.213076446594414, -0.599133447254835 ], [ 117.212802125671502, -0.599239148174667 ], [ 117.212463739211884, -0.599339697463636 ], [ 117.212118559483756, -0.599413210995993 ], [ 117.211913647315384, -0.599440168637077 ], [ 117.211831949113389, -0.599485141592997 ], [ 117.211759449093933, -0.59952274163363 ], [ 117.211443520608199, -0.599671269292508 ], [ 117.211117103270979, -0.599794689888314 ], [ 117.21078216246508, -0.599892260294501 ], [ 117.210696362413074, -0.599913660333946 ], [ 117.210367463047177, -0.599982667941722 ], [ 117.21003436135446, -0.600026745162798 ], [ 117.209698919355674, -0.600045645606208 ], [ 117.209554119238817, -0.600048345650449 ], [ 117.209067292971113, -0.600030837747375 ], [ 117.208919692844162, -0.600017437778975 ], [ 117.208560259099954, -0.599970026866 ], [ 117.208205791185719, -0.59989360397388 ], [ 117.207877014737349, -0.599794233413673 ], [ 117.207823038045319, -0.599794064310069 ], [ 117.207561279304798, -0.599799220351875 ], [ 117.207252043721724, -0.599783845024997 ], [ 117.206944593876088, -0.599747069877204 ], [ 117.206874893815041, -0.599736269887988 ], [ 117.206510115770953, -0.599664084613654 ], [ 117.20615251330986, -0.599561792199378 ], [ 117.205804534018171, -0.599430092776796 ], [ 117.205468559617003, -0.599269887751875 ], [ 117.20514688966044, -0.599082273635488 ], [ 117.204841725796385, -0.598868534538241 ], [ 117.204789009694352, -0.598824679220919 ], [ 117.204543262312725, -0.598635882766328 ], [ 117.204298537593218, -0.598417786964921 ], [ 117.204221037558654, -0.598343486923352 ], [ 117.20397528183311, -0.598088621696271 ], [ 117.203750147442321, -0.597815131466667 ], [ 117.203547022415421, -0.59752470239568 ], [ 117.203367159085687, -0.597219125078209 ], [ 117.20321166636937, -0.596900283503227 ], [ 117.203081502928953, -0.596570143438292 ], [ 117.202977471262713, -0.596230740309792 ], [ 117.202900212757072, -0.5958841666539 ], [ 117.202850203732368, -0.595532559215215 ], [ 117.202827752506337, -0.595178085773022 ], [ 117.202832997493161, -0.594822931776098 ], [ 117.202865906350425, -0.594469286868697 ], [ 117.20292627617853, -0.594119331390587 ], [ 117.203013734771844, -0.593775222934495 ], [ 117.203127742913509, -0.593439083043868 ], [ 117.203267597700176, -0.593112984132756 ], [ 117.203432436875644, -0.592798936708728 ], [ 117.203621244147072, -0.592498876977515 ], [ 117.203832855450969, -0.592214654905551 ], [ 117.204065966130074, -0.591948022814447 ], [ 117.204319138977056, -0.591700624577412 ], [ 117.204590813095464, -0.591473985484183 ], [ 117.204879313523165, -0.591269502837257 ], [ 117.20518286155918, -0.591088437337082 ], [ 117.205499585729825, -0.590931905309555 ], [ 117.205827533327039, -0.590800871823479 ], [ 117.20616468244738, -0.590696144740762 ], [ 117.206508954457689, -0.590618369735719 ], [ 117.206858226810525, -0.590568026314299 ], [ 117.207210346130196, -0.590545424857949 ], [ 117.207563141488976, -0.590550704709982 ], [ 117.207914437791459, -0.590583833316569 ], [ 117.208154379475204, -0.590625780055975 ], [ 117.2082564027681, -0.59062456748056 ], [ 117.208476299821314, -0.590635970529662 ], [ 117.208512711872061, -0.590634896513603 ], [ 117.208647305072148, -0.590642559022985 ], [ 117.208808041291974, -0.590405220795525 ], [ 117.209029057125093, -0.590128347479022 ], [ 117.209270970585592, -0.589869784299374 ], [ 117.209532290194446, -0.589631125382085 ], [ 117.209811404827917, -0.589413842136005 ], [ 117.210106593651091, -0.589219274181628 ], [ 117.210416036726983, -0.589048621091979 ], [ 117.210513457872281, -0.589004514913881 ], [ 117.210563698109254, -0.588959986395234 ], [ 117.210847726592789, -0.588745809179483 ], [ 117.211100532044696, -0.588584865152909 ], [ 117.211191120760489, -0.588517950030248 ], [ 117.211506571893409, -0.588322977119831 ], [ 117.211716419892525, -0.588216138745633 ], [ 117.211754860590005, -0.588185334482765 ], [ 117.212011928436027, -0.588012129578894 ], [ 117.212049731598512, -0.587980726371807 ], [ 117.212120570880984, -0.58793250184496 ], [ 117.212178353053531, -0.587887062376703 ], [ 117.212441506510558, -0.587708711794874 ], [ 117.212716503818328, -0.587549496117503 ], [ 117.213001974398566, -0.58741020886876 ], [ 117.213038174385673, -0.587394108888312 ], [ 117.213363026195665, -0.587264580954112 ], [ 117.213696893142668, -0.587160853605438 ], [ 117.21403775664011, -0.58708355398426 ], [ 117.21438355580031, -0.587033149448332 ], [ 117.214732199894669, -0.58700994474549 ], [ 117.215081580994266, -0.587014080171304 ], [ 117.215429586714535, -0.587045530720755 ], [ 117.215774112986836, -0.587104106239611 ], [ 117.216113076779592, -0.58718945257398 ], [ 117.216444428692483, -0.587301053711764 ], [ 117.21676616534711, -0.587438234902354 ], [ 117.217076341499521, -0.587600166736368 ], [ 117.217373081801156, -0.587785870160287 ], [ 117.217654592137293, -0.58799422239579 ], [ 117.217681392121179, -0.588015722384789 ], [ 117.217929875056356, -0.588230423820325 ], [ 117.218162166528415, -0.588462771804796 ], [ 117.218377032962024, -0.588711532463221 ], [ 117.218573333316428, -0.588975384761818 ], [ 117.218580308008796, -0.588985508469916 ], [ 117.218695479126538, -0.588983222726954 ], [ 117.219089778802754, -0.588991322840157 ], [ 117.219471899025365, -0.58901559706978 ], [ 117.219850579420651, -0.589072530057832 ], [ 117.220223070743913, -0.589161708464529 ], [ 117.22029730128564, -0.589186365637256 ], [ 117.220474978670978, -0.589199345904326 ], [ 117.220796724004344, -0.589246582428747 ], [ 117.221064144831431, -0.589305989414533 ], [ 117.221194277703944, -0.589191322715328 ], [ 117.221219777708285, -0.589170522730238 ], [ 117.221289517654355, -0.589118755213191 ], [ 117.221546575352974, -0.588916907493691 ], [ 117.22187661679682, -0.588701648287405 ], [ 117.221939016787772, -0.588664748323509 ], [ 117.222076523594311, -0.58858667205703 ], [ 117.222113423586549, -0.588566572078148 ], [ 117.222407164040433, -0.588420247171399 ], [ 117.222710717399593, -0.588295864102942 ], [ 117.223022468936733, -0.58819408451657 ], [ 117.223340760315381, -0.588115449818633 ], [ 117.223376260292937, -0.588108049834698 ], [ 117.223724307220166, -0.588049739923324 ], [ 117.224075825780943, -0.588019099759734 ], [ 117.224428648751243, -0.588016318248323 ], [ 117.224780600865301, -0.588041412535954 ], [ 117.225129512226786, -0.588094227906362 ], [ 117.225473231686721, -0.588174438734027 ], [ 117.225809640105894, -0.588281550491834 ], [ 117.226136663420021, -0.588414902799981 ], [ 117.226452285426717, -0.588573673497478 ], [ 117.226754560216179, -0.588756883710988 ], [ 117.227041624168066, -0.588963403889944 ], [ 117.227311707441245, -0.589191960770517 ], [ 117.22756314488548, -0.589441145225751 ], [ 117.227794386307437, -0.589709420953147 ], [ 117.228004006028129, -0.589995133946452 ], [ 117.228190711672696, -0.590296522693159 ], [ 117.228353352138299, -0.590611729034609 ], [ 117.228490924691059, -0.590938809622233 ], [ 117.228602581148252, -0.591275747898692 ], [ 117.228687633107711, -0.591620466530703 ], [ 117.228745556192138, -0.591970840216304 ], [ 117.228775993282142, -0.592324708787979 ], [ 117.228778756718086, -0.592679890530837 ], [ 117.228753829457247, -0.593034195633384 ], [ 117.228701365178992, -0.59338543968855 ], [ 117.228621687337281, -0.593731457161113 ], [ 117.228515287166928, -0.594070114739038 ], [ 117.228382820654829, -0.594399324485874 ], [ 117.228225104495834, -0.594717056713759 ], [ 117.228083983475713, -0.594953013197602 ], [ 117.228171766484706, -0.595165118040645 ], [ 117.228272611887775, -0.595477610222458 ], [ 117.228544318477717, -0.595442564568988 ], [ 117.22887542921778, -0.595412339480397 ], [ 117.229157068247488, -0.595407681927259 ], [ 117.229142808585365, -0.595377230073759 ], [ 117.22901786509351, -0.595045053121226 ], [ 117.228919196028798, -0.594704031671226 ], [ 117.228847409715399, -0.594356268237568 ], [ 117.228802948735776, -0.594003906900364 ], [ 117.228786087202081, -0.593649120087113 ], [ 117.228796929066135, -0.593294095178791 ], [ 117.228819440743607, -0.592970891487962 ], [ 117.228726768927302, -0.590243219639676 ], [ 117.228650547474743, -0.589200624385867 ], [ 117.228638842653098, -0.588807091616171 ], [ 117.228661173271917, -0.588414024782827 ], [ 117.228694673556234, -0.588080124704688 ], [ 117.228738209094914, -0.587760607603179 ], [ 117.228804248124419, -0.587445025149914 ], [ 117.22889245497052, -0.5871349814205 ], [ 117.228934055083158, -0.587006281417053 ], [ 117.229050657435607, -0.586686902582668 ], [ 117.229190777160355, -0.586377250511929 ], [ 117.229353621447757, -0.586079077233095 ], [ 117.22953826891171, -0.585794069826412 ], [ 117.229743674803032, -0.585523840878431 ], [ 117.22996867692072, -0.585269919357998 ], [ 117.230212002187855, -0.585033741965302 ], [ 117.230346102228864, -0.584913042042544 ], [ 117.230607719907383, -0.584695645545324 ], [ 117.23120465067511, -0.583609572170742 ], [ 117.231345823216472, -0.583370390758965 ], [ 117.231501334570424, -0.583140398219112 ], [ 117.231976884250187, -0.582481593103874 ], [ 117.232611397267334, -0.581417770719055 ], [ 117.232907693818106, -0.579692912504814 ], [ 117.233154965693174, -0.578000139007093 ], [ 117.22935087105374, -0.57747829124981 ], [ 117.229121310901249, -0.577440684737597 ], [ 117.223923206422555, -0.576449485537001 ], [ 117.223623248256175, -0.576381510426795 ], [ 117.223328609730714, -0.576293045137057 ], [ 117.217829505034203, -0.574433445201438 ], [ 117.210113041383806, -0.571823930403375 ], [ 117.209902405690215, -0.572339070504839 ], [ 117.209757795893594, -0.572657193394452 ], [ 117.209589197181174, -0.572963114626215 ], [ 117.209397617976634, -0.573255004413559 ], [ 117.209371408315533, -0.573288914189477 ], [ 117.209280179630028, -0.573433591573253 ], [ 117.209107503816924, -0.573685185954808 ], [ 117.208479812115201, -0.574790421730844 ], [ 117.208314185304729, -0.575059715656911 ], [ 117.208212961545357, -0.575201127088927 ], [ 117.208178709293961, -0.575290835210359 ], [ 117.20801426897286, -0.575632696736236 ], [ 117.207821919253533, -0.575959465573911 ], [ 117.207603016267569, -0.576268837880661 ], [ 117.207382673631884, -0.576554096031057 ], [ 117.206416677365766, -0.578162836089554 ], [ 117.206222437618578, -0.578459360633138 ], [ 117.206005686133452, -0.578739629297913 ], [ 117.205767759252311, -0.579001914132319 ], [ 117.205510123871179, -0.579244598060766 ], [ 117.205234368396319, -0.579466184853462 ], [ 117.204942192951336, -0.579665308351238 ], [ 117.204635398895164, -0.579840740888446 ], [ 117.204315877716283, -0.579991400862016 ], [ 117.203985599370895, -0.580116359399937 ], [ 117.203646600137489, -0.580214846088191 ], [ 117.203300970062514, -0.5802862537207 ], [ 117.202950840074365, -0.580330142042945 ], [ 117.202598368845401, -0.580346240466405 ], [ 117.202245729482954, -0.58033444973692 ], [ 117.201895096131253, -0.58029484254659 ], [ 117.201548630566975, -0.580227663085694 ], [ 117.201208468870988, -0.58013332553723 ], [ 117.200876708258676, -0.580012411523293 ], [ 117.200555394149674, -0.579865666519251 ], [ 117.200246507557011, -0.579693995257579 ], [ 117.199951952873576, -0.579498456149903 ], [ 117.199673546130569, -0.579280254761497 ], [ 117.199413003801197, -0.579040736378495 ], [ 117.199171932217766, -0.578781377713777 ], [ 117.198951817668174, -0.578503777802442 ], [ 117.198754017232446, -0.578209648143117 ], [ 117.198579750415732, -0.577900802146025 ], [ 117.198430091629788, -0.57757914395252 ], [ 117.19830596356887, -0.577246656695453 ], [ 117.198208131521056, -0.576905390272327 ], [ 117.198137198649988, -0.576557448707014 ], [ 117.198093602276401, -0.576204977177604 ], [ 117.198077611181915, -0.575850148790645 ], [ 117.198089323951976, -0.575495151183124 ], [ 117.198128668368213, -0.575142173034977 ], [ 117.198195401853852, -0.574793390575032 ], [ 117.198289112969348, -0.574450954163897 ], [ 117.198409223949199, -0.574116975036115 ], [ 117.198554994264242, -0.573793512283881 ], [ 117.198725525187299, -0.573482560161874 ], [ 117.199827926488211, -0.571646660616246 ], [ 117.20007877172911, -0.571279381618004 ], [ 117.200182625491038, -0.571069814408982 ], [ 117.200403925787313, -0.570668814490818 ], [ 117.200581367700735, -0.570374291290441 ], [ 117.200780556976952, -0.570094214099184 ], [ 117.200834238705085, -0.570024501888735 ], [ 117.201400591205243, -0.569027274756299 ], [ 117.201452744513858, -0.568943901215748 ], [ 117.195140959830169, -0.567041204312215 ], [ 117.194849650076264, -0.566942337795884 ], [ 117.187292143985104, -0.564084037391216 ], [ 117.187022580477532, -0.563971906838389 ], [ 117.18676081085043, -0.563842407795873 ], [ 117.177603519295346, -0.558934574138349 ], [ 117.177537520284829, -0.559059056192825 ], [ 117.177347473618283, -0.5593583219154 ], [ 117.177134688725232, -0.559641654443524 ], [ 117.176900477492367, -0.559907306935986 ], [ 117.176646283907672, -0.560153641554589 ], [ 117.17637367515772, -0.560379139561947 ], [ 117.176084331965512, -0.560582410685123 ], [ 117.175780038228254, -0.560762201687163 ], [ 117.175462670019115, -0.560917404093831 ], [ 117.175134184020493, -0.561047061027728 ], [ 117.174796605460386, -0.561150373107914 ], [ 117.174452015626173, -0.561226703378346 ], [ 117.174102539032674, -0.561275581235074 ], [ 117.173750330323671, -0.561296705327643 ], [ 117.173397560987752, -0.561289945417149 ], [ 117.173046405970297, -0.561255343179222 ], [ 117.172699030263942, -0.561193111947121 ], [ 117.172065629748715, -0.561053611986224 ], [ 117.171854935882919, -0.561001815096501 ], [ 117.171585220428668, -0.560928521812141 ], [ 117.170967234004294, -0.561004216026034 ], [ 117.17056436943642, -0.561035140440611 ], [ 117.170160374078222, -0.561029511227001 ], [ 117.169758514039216, -0.560987373892406 ], [ 117.169614050429743, -0.56096557917373 ], [ 117.16923405409824, -0.561056257983767 ], [ 117.168846560108307, -0.561130809345879 ], [ 117.168454064079995, -0.561170859230089 ], [ 117.167708247332669, -0.561213780498822 ], [ 117.167506650038462, -0.561358928857359 ], [ 117.167188757369019, -0.561550076914537 ], [ 117.166928657302208, -0.561692177045399 ], [ 117.166909872763782, -0.561701604627641 ], [ 117.166790292085466, -0.56183731873977 ], [ 117.166513992181919, -0.562121618887229 ], [ 117.166496212387742, -0.562138337751209 ], [ 117.16637387470162, -0.562354400381741 ], [ 117.166282944756205, -0.562534435440119 ], [ 117.166094547255852, -0.562871044902698 ], [ 117.165878304272823, -0.563190242740952 ], [ 117.165749858196705, -0.563363459491468 ], [ 117.165679628947899, -0.563517404566848 ], [ 117.165503100079789, -0.563864154582671 ], [ 117.16529758525607, -0.564194325769257 ], [ 117.165174055398182, -0.56435930163549 ], [ 117.165056563427513, -0.564571174647772 ], [ 117.165013042691584, -0.564644306243204 ], [ 117.164900365304561, -0.564858540982499 ], [ 117.164729104652423, -0.565156209558998 ], [ 117.164309561460698, -0.565825387593872 ], [ 117.16407901325374, -0.566262498716173 ], [ 117.163869599701343, -0.566619093580278 ], [ 117.16362866020836, -0.566954908280025 ], [ 117.163358215261624, -0.567267126707858 ], [ 117.162709157231347, -0.567950566634646 ], [ 117.162631082866795, -0.568072660810501 ], [ 117.162459530572846, -0.568322137894321 ], [ 117.162271751157718, -0.568559476534066 ], [ 117.162068589437851, -0.568783608943839 ], [ 117.16186228950869, -0.568996409055322 ], [ 117.161625190622118, -0.569223781437946 ], [ 117.161372273058376, -0.56943316803717 ], [ 117.161104879917204, -0.569623456918655 ], [ 117.160829504872666, -0.569790558764009 ], [ 117.160081553209451, -0.570484833184346 ], [ 117.160280640675396, -0.570827771920034 ], [ 117.160704608334441, -0.571453957148191 ], [ 117.161286149997636, -0.572098517967722 ], [ 117.161805516416635, -0.572603729355047 ], [ 117.163725739451081, -0.573775546901616 ], [ 117.163875426296201, -0.573851101260549 ], [ 117.164086234770068, -0.573852971967165 ], [ 117.164452851911022, -0.573886561615544 ], [ 117.164694251711239, -0.573918761644449 ], [ 117.165029783917518, -0.573976611980832 ], [ 117.165360003014413, -0.574059866673241 ], [ 117.165683013865021, -0.574168047919322 ], [ 117.165996962700675, -0.57430053486249 ], [ 117.166300047759762, -0.574456567155206 ], [ 117.16659052962784, -0.574635249322461 ], [ 117.166866741220346, -0.57483555590103 ], [ 117.167127097349834, -0.575056337324578 ], [ 117.167370103823401, -0.575296326521026 ], [ 117.167594366017951, -0.575554146184321 ], [ 117.167798596883841, -0.575828316678799 ], [ 117.167981624331432, -0.57611726453074 ], [ 117.168142397957581, -0.576419331458704 ], [ 117.168228198017417, -0.576596331370825 ], [ 117.168376006363431, -0.57693588975373 ], [ 117.168495698297079, -0.577286492063293 ], [ 117.168586469909982, -0.577645783499904 ], [ 117.168647711534874, -0.57801135090362 ], [ 117.168676893024411, -0.578355733927617 ], [ 117.168734866704781, -0.578602947661326 ], [ 117.16885333283463, -0.57910913583028 ], [ 117.168914043482687, -0.579415618986171 ], [ 117.168953588920431, -0.579725590502117 ], [ 117.169001889303459, -0.580245890346468 ], [ 117.169020408626551, -0.580761040491611 ], [ 117.169004309248095, -0.581538840325621 ], [ 117.168977803781473, -0.581944123668835 ], [ 117.168915294370763, -0.582345380067657 ], [ 117.168817284933851, -0.582739374754094 ], [ 117.168715385215933, -0.583082774762054 ], [ 117.168630701885007, -0.58332915287977 ], [ 117.16857777970236, -0.583591425952962 ], [ 117.168468797465835, -0.583964088826837 ], [ 117.168372297696166, -0.584248388844319 ], [ 117.168185836708147, -0.584712158208679 ], [ 117.168114680140405, -0.584864347312087 ], [ 117.168174799676166, -0.585188659579596 ], [ 117.168180689468073, -0.585244430889839 ], [ 117.168272452296861, -0.585531707147757 ], [ 117.168357640777558, -0.585903369412676 ], [ 117.168367245076851, -0.58597079281989 ], [ 117.168368915997178, -0.585975715773696 ], [ 117.168452173786704, -0.586295826492605 ], [ 117.168511963988422, -0.586621207659136 ], [ 117.168547966670531, -0.586950118210114 ], [ 117.168555418015387, -0.587155067934941 ], [ 117.16863177299831, -0.587979225956642 ], [ 117.168640100177328, -0.588102196589628 ], [ 117.168664686621398, -0.588166765565945 ], [ 117.168759823041981, -0.588443011043804 ], [ 117.168837034003133, -0.588724866357031 ], [ 117.168885234129164, -0.588925966277464 ], [ 117.168953198432177, -0.589266320605787 ], [ 117.168995034921892, -0.589610919518649 ], [ 117.169021935167237, -0.589935519423471 ], [ 117.169037420215844, -0.590286121556669 ], [ 117.169025859529839, -0.590636877050756 ], [ 117.168987322685908, -0.590985674768561 ], [ 117.168960422837614, -0.591165374749891 ], [ 117.168915396450316, -0.591402715460854 ], [ 117.168903438543069, -0.591588880701191 ], [ 117.168864909666752, -0.591884445984698 ], [ 117.168838109805222, -0.592048045969762 ], [ 117.168767234422148, -0.592395322209068 ], [ 117.168669561176856, -0.592735944367429 ], [ 117.168545690002901, -0.593067820239955 ], [ 117.168396381749702, -0.59338891134356 ], [ 117.168342681826417, -0.593493511366095 ], [ 117.168214103983601, -0.593726824940697 ], [ 117.167353204976806, -0.595185825348073 ], [ 117.167191609229704, -0.59543998045486 ], [ 117.167013540989075, -0.595682724475521 ], [ 117.16671294118693, -0.596065124639212 ], [ 117.166525277707137, -0.596288603063372 ], [ 117.166025977937437, -0.596845603343773 ], [ 117.165917102181453, -0.59696281259168 ], [ 117.164688002625098, -0.598239813289334 ], [ 117.164427442768442, -0.598489682076022 ], [ 117.164147856987583, -0.598717760603782 ], [ 117.164051856985452, -0.598789860657757 ], [ 117.163765543546333, -0.598988022747486 ], [ 117.163464876819631, -0.59916332285984 ], [ 117.163151654393914, -0.599314712930338 ], [ 117.162827748924855, -0.599441287844829 ], [ 117.162495096939224, -0.599542290850908 ], [ 117.162155687257041, -0.599617118082339 ], [ 117.16181154910096, -0.599665322169446 ], [ 117.161464739964018, -0.599686614913862 ], [ 117.161117333308567, -0.599680869011587 ], [ 117.161089513068276, -0.599679324343214 ], [ 117.160783501791215, -0.599682265954928 ], [ 117.16064639016912, -0.599730276831792 ], [ 117.160589353011758, -0.599754868701451 ], [ 117.160427846683859, -0.59995264723637 ], [ 117.160176224598118, -0.600235670220467 ], [ 117.159901904307176, -0.600496445916935 ], [ 117.159606819751673, -0.60073313586887 ], [ 117.159462662609286, -0.600839119426235 ], [ 117.159569107065138, -0.601690499215104 ], [ 117.159597188397669, -0.601765900400053 ], [ 117.159691869361154, -0.602094871745087 ], [ 117.159702409135335, -0.602113843348014 ], [ 117.159753672215814, -0.602225955048005 ], [ 117.15980752374152, -0.602336646963755 ], [ 117.159827380421049, -0.602387153936309 ], [ 117.159849942219935, -0.602436496294968 ], [ 117.159892281238839, -0.602552234086308 ], [ 117.159937367888958, -0.602666915390161 ], [ 117.159953226936025, -0.602718835014537 ], [ 117.159971873531532, -0.602769807274708 ], [ 117.160005061641371, -0.602888532364651 ], [ 117.16004107125292, -0.603006421241008 ], [ 117.160052834890706, -0.603059433415848 ], [ 117.160067451319847, -0.603111721317045 ], [ 117.160093451391091, -0.603221021274649 ], [ 117.16011518412563, -0.603331342294603 ], [ 117.160140065155943, -0.603440987200831 ], [ 117.160149489328688, -0.603505484422932 ], [ 117.16016208638824, -0.603569430367118 ], [ 117.160175153906025, -0.60368112782934 ], [ 117.160191412709366, -0.603792399925157 ], [ 117.1601957810324, -0.60385744267698 ], [ 117.160203355427043, -0.603922186455717 ], [ 117.160207677160926, -0.604034571708809 ], [ 117.160211200970053, -0.604087039939895 ], [ 117.16023604764996, -0.604303515734356 ], [ 117.160240747705558, -0.604374115715264 ], [ 117.160249148356982, -0.604799429928839 ], [ 117.16021782517177, -0.605223657931546 ], [ 117.160198825306296, -0.605380657913519 ], [ 117.160176265702646, -0.605520938841867 ], [ 117.160155896938733, -0.605661559072581 ], [ 117.16014807905286, -0.605696210066581 ], [ 117.160142438092677, -0.60573128688482 ], [ 117.160109014778399, -0.605869353539998 ], [ 117.160077749105085, -0.606007931491772 ], [ 117.160049355199462, -0.606114263691713 ], [ 117.160005590556096, -0.606875032949981 ], [ 117.160004499887606, -0.606887574763483 ], [ 117.160006620039638, -0.606916855324702 ], [ 117.160004447217702, -0.607038652590607 ], [ 117.160048248612128, -0.607209063420931 ], [ 117.160112264011715, -0.607589151609021 ], [ 117.160115973888836, -0.607618794828585 ], [ 117.160132007342256, -0.607662217681488 ], [ 117.160224133075161, -0.607982016663647 ], [ 117.160292641623528, -0.608307771153036 ], [ 117.160337161796491, -0.608637716175974 ], [ 117.160357452374598, -0.608970064053708 ], [ 117.160354285059114, -0.609230515685359 ], [ 117.160395723900706, -0.609505118486575 ], [ 117.160434326291508, -0.609725151135162 ], [ 117.16047934076461, -0.610063194573855 ], [ 117.16070209614368, -0.610291413535279 ], [ 117.160932190656069, -0.610546122737583 ], [ 117.161273018474787, -0.61061516547564 ], [ 117.16161988330154, -0.610715155558745 ], [ 117.161957661221436, -0.610842837645795 ], [ 117.162284174589999, -0.610997388572701 ], [ 117.162597318384641, -0.611177811952856 ], [ 117.162895073775672, -0.611382944600703 ], [ 117.162933473753966, -0.611411744584781 ], [ 117.163199379817684, -0.611627464580957 ], [ 117.163448244320705, -0.611862890215099 ], [ 117.163678629904055, -0.612116661747482 ], [ 117.163889205936186, -0.612387313478595 ], [ 117.164078756198435, -0.612673282214506 ], [ 117.164246185909278, -0.612972916295371 ], [ 117.164390528047647, -0.613284485134703 ], [ 117.164510948938016, -0.61360618921472 ], [ 117.164606753065542, -0.613936170479618 ], [ 117.164677387093263, -0.614272523067161 ], [ 117.16472244305794, -0.614613304316102 ], [ 117.164741660726506, -0.614956545986495 ], [ 117.164745766913029, -0.615182461460019 ], [ 117.164768433121026, -0.615830794062371 ], [ 117.164771213528468, -0.615989898108787 ], [ 117.164771213649104, -0.61613389807654 ], [ 117.164759007803198, -0.616467092982872 ], [ 117.164722456011958, -0.616798477777161 ], [ 117.164661756843969, -0.617126252160397 ], [ 117.164264628240062, -0.618904267304828 ], [ 117.163938462365536, -0.620820419025792 ], [ 117.16386526270604, -0.621167885223086 ], [ 117.163765207695889, -0.621508498758072 ], [ 117.163638914202039, -0.621840159634823 ], [ 117.163487160860811, -0.622160823053005 ], [ 117.163310883277305, -0.622468512014804 ], [ 117.163111168257473, -0.622761329513809 ], [ 117.162889247107358, -0.623037470230757 ], [ 117.162646488042114, -0.623295231663902 ], [ 117.162384387750322, -0.623533024625628 ], [ 117.162104562166533, -0.623749383040381 ], [ 117.16180873650859, -0.623942972983519 ], [ 117.161498734640915, -0.62411260090556 ], [ 117.161176467829989, -0.624257220990854 ], [ 117.160843922960424, -0.624375941605468 ], [ 117.160503150285408, -0.624468030794455 ], [ 117.160156250785889, -0.624532920794694 ], [ 117.159805363217288, -0.624570211535439 ], [ 117.159452650923356, -0.624579673104854 ], [ 117.159100288498109, -0.624561247167633 ], [ 117.158750448378811, -0.624515047324695 ], [ 117.158405287451856, -0.62444135841272 ], [ 117.158066933754853, -0.624340634748198 ], [ 117.157737473356249, -0.624213497326301 ], [ 117.157418937494072, -0.624060729992319 ], [ 117.157113290052436, -0.623883274608885 ], [ 117.15682241545349, -0.623682225249139 ], [ 117.156548107039129, -0.623458821451306 ], [ 117.156292056014493, -0.62321444057649 ], [ 117.156055841020958, -0.622950589316714 ], [ 117.155840918403328, -0.62266889440562 ], [ 117.155648613230952, -0.622371092589027 ], [ 117.155480111128128, -0.62205901991725 ], [ 117.155336450964526, -0.621734600425134 ], [ 117.155218518450141, -0.621399834269721 ], [ 117.155127040674699, -0.621056785398478 ], [ 117.155062581625018, -0.620707568824382 ], [ 117.155025538707861, -0.620354337585993 ], [ 117.155016140300077, -0.619999269473307 ], [ 117.155034444340487, -0.619644553600868 ], [ 117.155080337972962, -0.619292376911072 ], [ 117.155356292641514, -0.617671221361747 ], [ 117.154939412286808, -0.617309735478627 ], [ 117.154737699568116, -0.617123765528587 ], [ 117.154639661319138, -0.617021663185711 ], [ 117.154370385041204, -0.61688702506888 ], [ 117.154078129741137, -0.616727056856398 ], [ 117.153798431112449, -0.616545761683163 ], [ 117.153532822032844, -0.616344133130181 ], [ 117.153282758162447, -0.61612327621487 ], [ 117.153049609965919, -0.615884401334995 ], [ 117.1527712099101, -0.615577201156332 ], [ 117.152742310200566, -0.615545002977732 ], [ 117.152550210166439, -0.615328902852257 ], [ 117.152338738127838, -0.615072611383897 ], [ 117.152146578061036, -0.614801346299429 ], [ 117.151974772358628, -0.614516579108071 ], [ 117.151824252998139, -0.614219854562715 ], [ 117.15169583648634, -0.613912782280178 ], [ 117.151590219430105, -0.613597028009631 ], [ 117.151507974757635, -0.61327430459645 ], [ 117.151468406902907, -0.613052212983235 ], [ 117.151419187080251, -0.612892248181205 ], [ 117.151334901919739, -0.612578967681589 ], [ 117.151273147792367, -0.612260409676769 ], [ 117.151264780587226, -0.612191116189674 ], [ 117.151193565621014, -0.61244778991901 ], [ 117.151158907819962, -0.612584504839693 ], [ 117.151183715990655, -0.612711771510256 ], [ 117.151225653426565, -0.61312118646771 ], [ 117.151230451942155, -0.613532743997 ], [ 117.151225052078374, -0.613693643968505 ], [ 117.151206359790095, -0.613980359587537 ], [ 117.151169623586739, -0.614265302197338 ], [ 117.151142823731021, -0.614431602186472 ], [ 117.151077362377407, -0.61476025576288 ], [ 117.150987906177122, -0.615083127436885 ], [ 117.150911722437456, -0.615295787265811 ], [ 117.150868084808565, -0.615646044580488 ], [ 117.150810465314194, -0.615996470633982 ], [ 117.150725711782727, -0.61634126546705 ], [ 117.150614346742344, -0.616678303304813 ], [ 117.150477056790379, -0.617005506196408 ], [ 117.150314688360211, -0.617320856826185 ], [ 117.150128242502902, -0.617622410951222 ], [ 117.149918868715531, -0.617908309388207 ], [ 117.149687857854175, -0.618176789476012 ], [ 117.14943663417553, -0.618426195943088 ], [ 117.149166746555807, -0.618654991112907 ], [ 117.148879858941527, -0.618861764384218 ], [ 117.148577740090758, -0.619045240928024 ], [ 117.14826225266809, -0.619204289547395 ], [ 117.147935341760615, -0.619337929651703 ], [ 117.147599022885814, -0.619445337302373 ], [ 117.147255369565158, -0.619525850292879 ], [ 117.146906500539998, -0.619578972231445 ], [ 117.146554566708787, -0.619604375601579 ], [ 117.146201737865951, -0.61960190378135 ], [ 117.145850189324108, -0.619571572009081 ], [ 117.145502088502667, -0.619513567289397 ], [ 117.145159581564556, -0.619428247240294 ], [ 117.144824780184479, -0.619316137888415 ], [ 117.144499748529441, -0.619177930425745 ], [ 117.144186490532505, -0.619014476948323 ], [ 117.143886937537587, -0.618826785202678 ], [ 117.143602936392156, -0.618616012372709 ], [ 117.143336238060499, -0.618383457945245 ], [ 117.143088486828631, -0.618130555698156 ], [ 117.142861210166458, -0.617858864860652 ], [ 117.142655809310483, -0.617570060500019 ], [ 117.142473550624729, -0.617265923194155 ], [ 117.14231555779314, -0.616948328053689 ], [ 117.142182804891789, -0.616619233161246 ], [ 117.1420761103834, -0.616280667499061 ], [ 117.141996132071313, -0.615934718439672 ], [ 117.141943363044078, -0.615583518876384 ], [ 117.141918128635382, -0.615229234073332 ], [ 117.141920584418557, -0.614874048315796 ], [ 117.141950715247333, -0.614520151443317 ], [ 117.142033915825039, -0.613852351382205 ], [ 117.142100546667891, -0.613458979994309 ], [ 117.142116027289603, -0.613386929729818 ], [ 117.142097195929438, -0.613211773768924 ], [ 117.14208490809753, -0.612909254162417 ], [ 117.142082208402599, -0.612541754087099 ], [ 117.142089395655034, -0.61225037865714 ], [ 117.142115207498023, -0.611960073978193 ], [ 117.142147407726839, -0.611694573952965 ], [ 117.142191525509062, -0.611407677833134 ], [ 117.142253832939247, -0.611124221326353 ], [ 117.142497933758335, -0.610161321347795 ], [ 117.142524036204833, -0.610062986467237 ], [ 117.142653932823222, -0.609594814598183 ], [ 117.142669008014366, -0.609507549260802 ], [ 117.142681606795591, -0.609259384850793 ], [ 117.142689606873461, -0.609168184839342 ], [ 117.142736104448701, -0.608805843650567 ], [ 117.142811496937938, -0.608448461629995 ], [ 117.142915292549802, -0.608098369981733 ], [ 117.143001192756415, -0.607846270006459 ], [ 117.143072889502292, -0.607666726616876 ], [ 117.143083089758704, -0.607384980048075 ], [ 117.143087189805385, -0.607329980040501 ], [ 117.143129118849032, -0.606965918771153 ], [ 117.143146445208842, -0.606854978949822 ], [ 117.143041226672437, -0.606630815159577 ], [ 117.143040624233379, -0.606629402331309 ], [ 117.142902993023313, -0.60638416488778 ], [ 117.142806393094816, -0.606191064791576 ], [ 117.142651368743373, -0.605845916755944 ], [ 117.142525572108838, -0.605488922379492 ], [ 117.142429885232133, -0.605122584793807 ], [ 117.142376285399948, -0.60487578470532 ], [ 117.142313220053083, -0.604516520790446 ], [ 117.142279118611938, -0.604153309238881 ], [ 117.142263018851153, -0.60385290916622 ], [ 117.142262678175513, -0.603845814273024 ], [ 117.142223232043648, -0.60356707875827 ], [ 117.142200775702719, -0.603256471568081 ], [ 117.142194292927044, -0.603085821971106 ], [ 117.142045614919809, -0.602096258562556 ], [ 117.141790359630861, -0.600844322309882 ], [ 117.141736964190017, -0.600524680914065 ], [ 117.14157549321763, -0.599288767017139 ], [ 117.141573729131935, -0.599278146451845 ], [ 117.141525359257614, -0.59886989602503 ], [ 117.141443393858694, -0.598650968503527 ], [ 117.141330694064465, -0.59829436835644 ], [ 117.141224904540536, -0.597898311083991 ], [ 117.141155182378554, -0.597494236199865 ], [ 117.141128382535925, -0.597282336137585 ], [ 117.141092664608209, -0.596760247972947 ], [ 117.141076851174645, -0.59529803461636 ], [ 117.141053343181909, -0.59424891618783 ], [ 117.141053791485362, -0.594026532730099 ], [ 117.141083292396488, -0.592910832533638 ], [ 117.141098239387787, -0.59264345489359 ], [ 117.141128877020094, -0.592377436180694 ], [ 117.141150277143524, -0.592229936169423 ], [ 117.141206118752365, -0.591920632889846 ], [ 117.141283164907719, -0.591615980805383 ], [ 117.141381043507323, -0.591317451249806 ], [ 117.141499281837667, -0.591026485987533 ], [ 117.14155568193182, -0.590900386010489 ], [ 117.141704883682138, -0.590597560875393 ], [ 117.141876131437982, -0.59030679696318 ], [ 117.142157731705581, -0.589866997109288 ], [ 117.142249727570302, -0.589728956413495 ], [ 117.142518427788872, -0.589341356556866 ], [ 117.142588651531455, -0.589248087410398 ], [ 117.142656367723575, -0.589152957682604 ], [ 117.142695179098951, -0.589106600566129 ], [ 117.142731556823904, -0.589058284718793 ], [ 117.142808833297394, -0.588970849615385 ], [ 117.14288375496055, -0.588881361610497 ], [ 117.142926059672462, -0.58883821286017 ], [ 117.142966090895385, -0.588792919199001 ], [ 117.143049943663897, -0.588711857204339 ], [ 117.143131608880509, -0.588628562644905 ], [ 117.143177146105856, -0.588588888286958 ], [ 117.143220584020909, -0.58854689606172 ], [ 117.143310496104093, -0.588472706948876 ], [ 117.143360005255573, -0.588429572042424 ], [ 117.143417958530904, -0.588372877349062 ], [ 117.143501755343024, -0.588286660869995 ], [ 117.14354443419046, -0.588249148379638 ], [ 117.143585065999019, -0.588209398976403 ], [ 117.143677281712613, -0.588132382302567 ], [ 117.143767539741432, -0.588053050175786 ], [ 117.143813010669973, -0.588019024253718 ], [ 117.143856615210382, -0.58798260663205 ], [ 117.143954549172989, -0.58791311090586 ], [ 117.14405071194777, -0.587841152239238 ], [ 117.144270711919589, -0.587689652357602 ], [ 117.144450130444497, -0.587577059581825 ], [ 117.144474894648937, -0.587488797675572 ], [ 117.144590216979964, -0.587134346552155 ], [ 117.144692401843002, -0.586890355929517 ], [ 117.144702580984699, -0.586832626465335 ], [ 117.144786644370129, -0.586502595930983 ], [ 117.144895143672713, -0.586179870701321 ], [ 117.145027463406862, -0.585866281490992 ], [ 117.145140163584003, -0.585624881537283 ], [ 117.145286919415213, -0.585337646630375 ], [ 117.145453661378127, -0.585061686102961 ], [ 117.145727261628835, -0.584643286243546 ], [ 117.145924607732837, -0.584364998715747 ], [ 117.146142270093037, -0.584102511774294 ], [ 117.14637900514731, -0.583857325071519 ], [ 117.146775040936276, -0.58347702611357 ], [ 117.147052857152346, -0.583031302685918 ], [ 117.147228753534904, -0.58276983542051 ], [ 117.147477453151012, -0.582426592479594 ], [ 117.147723362036345, -0.582004497368819 ], [ 117.147799814819621, -0.581878055663752 ], [ 117.148792215804093, -0.580295656156938 ], [ 117.148948651319515, -0.580062597745725 ], [ 117.14904124363656, -0.579933495416176 ], [ 117.149125757918384, -0.579791804447724 ], [ 117.149328232069223, -0.579481892425159 ], [ 117.14955524789913, -0.579189721920902 ], [ 117.149805278992716, -0.578917257433009 ], [ 117.150076644185134, -0.578666330959603 ], [ 117.150367518865892, -0.578438629680954 ], [ 117.150675947247393, -0.57823568461522 ], [ 117.15099985551511, -0.578058860324274 ], [ 117.151337065771571, -0.577909345738736 ], [ 117.151685310680151, -0.577788146163904 ], [ 117.151821001287047, -0.577753145733119 ], [ 117.15207661234902, -0.577659226244083 ], [ 117.152569245955419, -0.577440339151151 ], [ 117.152929820608847, -0.577298478702599 ], [ 117.15330118626261, -0.57718838778392 ], [ 117.153679601286157, -0.577111084784766 ], [ 117.153639538293689, -0.577063452850064 ], [ 117.153454688605592, -0.576809853375782 ], [ 117.152766588714343, -0.575793552838346 ], [ 117.152600067857307, -0.575528282160817 ], [ 117.152113158640518, -0.574689553609672 ], [ 117.151871021765515, -0.575078138372069 ], [ 117.151672423734652, -0.575370730455705 ], [ 117.151451683681501, -0.575646774887776 ], [ 117.151210156257974, -0.575904577615719 ], [ 117.150949323686177, -0.576142556533733 ], [ 117.150670786662403, -0.576359251192135 ], [ 117.150376254533768, -0.576553331759903 ], [ 117.15026085450836, -0.576623031819073 ], [ 117.15001884552386, -0.576759162614073 ], [ 117.149768958417084, -0.576880011170291 ], [ 117.149200781543641, -0.577133380071785 ], [ 117.148795718517405, -0.577326360424786 ], [ 117.148534990813332, -0.577440557489767 ], [ 117.14826761071086, -0.577537926085549 ], [ 117.147712410409312, -0.577720326315738 ], [ 117.147402311029239, -0.577809939190563 ], [ 117.147086623854932, -0.577876922621793 ], [ 117.146766976169147, -0.577920931326738 ], [ 117.146445015670238, -0.577941738451294 ], [ 117.146163315451744, -0.57794973851454 ], [ 117.146116740460613, -0.577948926777719 ], [ 117.146096484808851, -0.578029482297601 ], [ 117.1458958853555, -0.578713482328964 ], [ 117.145790945856007, -0.579028266450879 ], [ 117.145784181731258, -0.579044498416122 ], [ 117.145775107087189, -0.579131937189803 ], [ 117.145715774009787, -0.579463020474336 ], [ 117.14563216246566, -0.579788749033971 ], [ 117.145559162662565, -0.580034949046203 ], [ 117.145452308148265, -0.580352008317205 ], [ 117.145322451504796, -0.580660243062873 ], [ 117.145170304081461, -0.580957964776255 ], [ 117.144996699336573, -0.581243542540376 ], [ 117.144802588271801, -0.581515411962285 ], [ 117.14467948834961, -0.581675012028579 ], [ 117.144453632319369, -0.581945348262964 ], [ 117.144207511278225, -0.58219711943742 ], [ 117.144038811312228, -0.582356719530839 ], [ 117.143764001153286, -0.582596385010393 ], [ 117.143470842941568, -0.582812899687556 ], [ 117.143161255988574, -0.583004846034414 ], [ 117.142837267165973, -0.58317096737221 ], [ 117.14250099763558, -0.583310176098991 ], [ 117.142154648962119, -0.583421560810147 ], [ 117.141800488699289, -0.583504392265531 ], [ 117.14158618855339, -0.583545392336687 ], [ 117.141214489549355, -0.583600412649624 ], [ 117.140839524112764, -0.5836239835467 ], [ 117.140668136458302, -0.583627529141535 ], [ 117.140661283766022, -0.583631725666368 ], [ 117.140341090310642, -0.583810244069233 ], [ 117.140007526596392, -0.583961936666629 ], [ 117.139662805728136, -0.584085797017462 ], [ 117.139596242130338, -0.584103719639774 ], [ 117.137612241708197, -0.586336005514234 ], [ 117.137366833634999, -0.586591211229443 ], [ 117.13710229182783, -0.586826246991413 ], [ 117.136820247274343, -0.587039663723817 ], [ 117.136522438873243, -0.587230145638691 ], [ 117.136210702713498, -0.58739651834881 ], [ 117.135886960754107, -0.587537756108224 ], [ 117.135553208974571, -0.587652988136482 ], [ 117.135211505069009, -0.587741503987225 ], [ 117.13486395575967, -0.587802757928487 ], [ 117.13451270380807, -0.587836372307311 ], [ 117.134159914804286, -0.587842139878201 ], [ 117.133807763815028, -0.587820025080855 ], [ 117.133458421973586, -0.58777016425947 ], [ 117.133114043093954, -0.58769286482218 ], [ 117.132776750391727, -0.587588603345708 ], [ 117.132448623393586, -0.587458022637217 ], [ 117.132131685116178, -0.587301927771077 ], [ 117.131827889593609, -0.587121281125396 ], [ 117.13153910982976, -0.586917196448486 ], [ 117.131267126250862, -0.586690931992303 ], [ 117.131013615728236, -0.586443882754761 ], [ 117.130780141239882, -0.58617757187913 ], [ 117.130568142234168, -0.585893641263214 ], [ 117.130378925755124, -0.585593841436514 ], [ 117.130213658384122, -0.585280020767485 ], [ 117.130073359047429, -0.584954114067704 ], [ 117.129958892734422, -0.584618130663032 ], [ 117.129870965164599, -0.584274142005387 ], [ 117.129810118436609, -0.583924268901508 ], [ 117.129776727686306, -0.58357066843741 ], [ 117.129770998773836, -0.583215520679154 ], [ 117.129792967014708, -0.582861015232033 ], [ 117.129842496962127, -0.582509337740865 ], [ 117.129919283242188, -0.582162656414716 ], [ 117.130022852436767, -0.581823108659247 ], [ 117.13015256600238, -0.581492787898819 ], [ 117.130307624207219, -0.581173730669873 ], [ 117.130487071061793, -0.580867904065046 ], [ 117.130689800213048, -0.580577193605376 ], [ 117.130914561765508, -0.580303391615532 ], [ 117.133356307504044, -0.577556081083566 ], [ 117.133787385540145, -0.577066699127448 ], [ 117.134026419896529, -0.576815494258649 ], [ 117.134283922293562, -0.576583522811322 ], [ 117.134475422302557, -0.5764239229154 ], [ 117.134732788881806, -0.576224752912068 ], [ 117.135003767322175, -0.576044807345277 ], [ 117.135286943425754, -0.57588502532361 ], [ 117.135580839337251, -0.57574624072496 ], [ 117.13574043926566, -0.575677840796499 ], [ 117.136058866737869, -0.575555513734504 ], [ 117.1363855881483, -0.575457834331813 ], [ 117.136718723946501, -0.575385364513623 ], [ 117.136923923805256, -0.575348864578736 ], [ 117.136954830207046, -0.575344684483268 ], [ 117.136977518749362, -0.575332266545308 ], [ 117.137328859675449, -0.575159465174654 ], [ 117.137550239687158, -0.575073688712297 ], [ 117.13766594736073, -0.574646063995886 ], [ 117.137728147506607, -0.574459064011354 ], [ 117.137841324599734, -0.574155419906523 ], [ 117.13797582161429, -0.573860719248672 ], [ 117.138130947237016, -0.573576476788174 ], [ 117.138310647427403, -0.573273476875549 ], [ 117.138561802972703, -0.572894709959368 ], [ 117.138848803171115, -0.572505810110833 ], [ 117.139111401002211, -0.57218232402696 ], [ 117.139639801222089, -0.571589524314718 ], [ 117.139857685408657, -0.571361641809064 ], [ 117.140616685588725, -0.570621442223935 ], [ 117.140857937465711, -0.570402612479455 ], [ 117.141114258195898, -0.570201893868065 ], [ 117.141310058181261, -0.570059693971575 ], [ 117.141731181832128, -0.569788380193385 ], [ 117.1420852817362, -0.569587280369378 ], [ 117.142312105941755, -0.569466918090904 ], [ 117.142556205854248, -0.569346218207003 ], [ 117.142892785951574, -0.569196681151662 ], [ 117.143240389406401, -0.56907536303777 ], [ 117.143596686191913, -0.568983077073254 ], [ 117.143959288009526, -0.568920441860102 ], [ 117.144082587921844, -0.568904341896407 ], [ 117.144426545049356, -0.568872902648176 ], [ 117.144771884799979, -0.56886814962023 ], [ 117.145116567150879, -0.568890110888873 ], [ 117.145131133788027, -0.568891606584935 ], [ 117.145208165390144, -0.56877945705161 ], [ 117.145459830171049, -0.568474174539938 ], [ 117.145499059399299, -0.568434288040118 ], [ 117.145522304649091, -0.56837502558586 ], [ 117.145570504732348, -0.568262325602732 ], [ 117.145700562100018, -0.56798458206908 ], [ 117.145849036491185, -0.567716360364378 ], [ 117.146015243816322, -0.5674588963035 ], [ 117.146082343870034, -0.567362296337482 ], [ 117.146304997457392, -0.567068135307915 ], [ 117.146550776008695, -0.566793266586924 ], [ 117.146818036808455, -0.566539527315605 ], [ 117.14710499356103, -0.566308613411595 ], [ 117.147409728329535, -0.566102068234166 ], [ 117.14748752831423, -0.566053868273927 ], [ 117.147799102789079, -0.565877635688308 ], [ 117.148123603927587, -0.56572688688813 ], [ 117.148458979112689, -0.565602575426288 ], [ 117.148803106944584, -0.565505487627393 ], [ 117.149153810659698, -0.565436237614089 ], [ 117.149325410541977, -0.565409437668582 ], [ 117.149689553533747, -0.565367791702592 ], [ 117.150055856610166, -0.565356156669977 ], [ 117.150352761971121, -0.565371125202391 ], [ 117.150841819705377, -0.564969801199129 ], [ 117.151093127259529, -0.564777952003098 ], [ 117.151357183568805, -0.564604321197446 ], [ 117.151669883505093, -0.564414121357106 ], [ 117.151909194043512, -0.564278433296666 ], [ 117.152156292152341, -0.564157716887377 ], [ 117.152320792087707, -0.564083516964289 ], [ 117.15261906114354, -0.563961696003415 ], [ 117.152925227648126, -0.563861682217516 ], [ 117.15323772063384, -0.563783988785134 ], [ 117.15355493667154, -0.563729014357052 ], [ 117.153875248098089, -0.563697041010814 ], [ 117.15407834794712, -0.563684141063742 ], [ 117.1541523261441, -0.563682242057054 ], [ 117.155226304125321, -0.562685340257802 ], [ 117.155492755517201, -0.562456688850141 ], [ 117.155648628223986, -0.562342766868673 ], [ 117.155707110941094, -0.56226969635959 ], [ 117.155984411078848, -0.561947296505867 ], [ 117.15613348789428, -0.561782370046455 ], [ 117.15643278974656, -0.56146721416643 ], [ 117.15645088946944, -0.561432897843178 ], [ 117.156619697539057, -0.561139886787195 ], [ 117.157037842142458, -0.560472941267883 ], [ 117.157126037218589, -0.560305255519028 ], [ 117.15719754482943, -0.5601775666009 ], [ 117.157222793736551, -0.560120246979415 ], [ 117.157404314788479, -0.559753866927408 ], [ 117.157617998302229, -0.559405509462147 ], [ 117.157750197452927, -0.559228149638278 ], [ 117.157840796629841, -0.55904566461438 ], [ 117.157990387814962, -0.558788299471248 ], [ 117.158237188060028, -0.558394099584737 ], [ 117.158433057456108, -0.558107003231156 ], [ 117.15849262737666, -0.557927815555331 ], [ 117.158634483131024, -0.557593221245416 ], [ 117.158802588044239, -0.557271184143578 ], [ 117.158995854890435, -0.55696378702937 ], [ 117.159154155023515, -0.556733087105503 ], [ 117.159408982478681, -0.556396537922996 ], [ 117.159543082551977, -0.556235637992257 ], [ 117.159805809951862, -0.555946782354345 ], [ 117.160092371870505, -0.555681886666126 ], [ 117.160243467605795, -0.555564759238875 ], [ 117.160325602431584, -0.555450089733698 ], [ 117.160595291162579, -0.555138144810158 ], [ 117.160892151273273, -0.554852296949469 ], [ 117.161179151318493, -0.554600197102848 ], [ 117.161479017455605, -0.554358717285532 ], [ 117.161798268773865, -0.554143892649756 ], [ 117.162109368719086, -0.553953392809019 ], [ 117.16244733303634, -0.553765962930791 ], [ 117.162478771019224, -0.553751919216014 ], [ 117.16250295953796, -0.553731455924049 ], [ 117.162811930548614, -0.553511888342725 ], [ 117.163138147905798, -0.553319253644638 ], [ 117.163368847843685, -0.553195853759107 ], [ 117.163545509367395, -0.553106320744732 ], [ 117.16415760916226, -0.552812921039615 ], [ 117.164474398160934, -0.552675825016446 ], [ 117.164800697096027, -0.552563586614845 ], [ 117.165298096831833, -0.552413686821386 ], [ 117.16563711130533, -0.552325847749257 ], [ 117.165981889343271, -0.552264842106403 ], [ 117.166330338518961, -0.55223104012907 ], [ 117.167546131196133, -0.552161072744719 ], [ 117.168139647792003, -0.552019441674858 ], [ 117.168471980649429, -0.551953347502882 ], [ 117.1688083151396, -0.551912644440084 ], [ 117.169146739810685, -0.551897563808244 ], [ 117.169475599231788, -0.551895400700243 ], [ 117.16658445338723, -0.548806729044276 ], [ 117.164120458271057, -0.546174413656647 ], [ 117.164090410947466, -0.546209758720125 ], [ 117.163812313351812, -0.54648460739025 ], [ 117.163511605349385, -0.54673416500184 ], [ 117.163190548778587, -0.546956554450736 ], [ 117.163038048756036, -0.547052654527932 ], [ 117.162743349321744, -0.547223098269644 ], [ 117.162436696067502, -0.547370631551815 ], [ 117.162119843281928, -0.547494410370766 ], [ 117.161796343127691, -0.547606810508728 ], [ 117.161449220751678, -0.547711849639767 ], [ 117.161294032607984, -0.547745362364626 ], [ 117.161216683575134, -0.547786592565754 ], [ 117.160923676613464, -0.547916790049454 ], [ 117.160731891416361, -0.547993910867111 ], [ 117.160091399945969, -0.548324182625672 ], [ 117.159744675220182, -0.548484644827451 ], [ 117.15972763683979, -0.548490827466826 ], [ 117.159594013810207, -0.548567837683929 ], [ 117.159546898845079, -0.548591585798001 ], [ 117.159438986754324, -0.548866430893751 ], [ 117.159281140934397, -0.549190264583039 ], [ 117.15927448719448, -0.549201542709474 ], [ 117.15920680173123, -0.549384464323658 ], [ 117.159067550158369, -0.549719111964481 ], [ 117.158902105597676, -0.550041448687805 ], [ 117.158711532351504, -0.550349400896836 ], [ 117.158677810749907, -0.550395246445005 ], [ 117.158593139785907, -0.550584404806268 ], [ 117.158428415973077, -0.550888045260144 ], [ 117.158241122517467, -0.551178124439626 ], [ 117.1580323549518, -0.551452945582839 ], [ 117.15780333441792, -0.551710901176403 ], [ 117.157555400524004, -0.551950482358346 ], [ 117.157290003508876, -0.552170287743972 ], [ 117.157153218691235, -0.552266926198008 ], [ 117.157086158063734, -0.55247504314541 ], [ 117.156944902857305, -0.552815814183959 ], [ 117.156776510067118, -0.553143852235444 ], [ 117.156582101682019, -0.55345697159614 ], [ 117.156362973032287, -0.553753085964388 ], [ 117.156169582496872, -0.553974199880173 ], [ 117.156106361665266, -0.554066454170447 ], [ 117.155885245812584, -0.554340604557466 ], [ 117.155702846327884, -0.554533770562851 ], [ 117.155344852065767, -0.555466136799606 ], [ 117.15511330720426, -0.556069015266151 ], [ 117.154963865037743, -0.556414582631336 ], [ 117.154751265346988, -0.556855082711053 ], [ 117.154584732585306, -0.557168223888243 ], [ 117.154394307702773, -0.55746724631653 ], [ 117.154181164728797, -0.557750306421607 ], [ 117.153946617757967, -0.558015659041791 ], [ 117.153692112848404, -0.558261668187635 ], [ 117.153419219106354, -0.558486817128442 ], [ 117.153129619012049, -0.55868971774344 ], [ 117.152825098046819, -0.558869119080055 ], [ 117.152507533684968, -0.559023915066552 ], [ 117.152178883818365, -0.559153151331417 ], [ 117.151841174685472, -0.559256031087418 ], [ 117.151496488378783, -0.55933192004411 ], [ 117.151146950007984, -0.559380350318591 ], [ 117.150794714597794, -0.559401023320107 ], [ 117.150441953801462, -0.559393811591102 ], [ 117.150090842511645, -0.559358759593 ], [ 117.149743545451386, -0.559296083432222 ], [ 117.149402203827648, -0.559206169527708 ], [ 117.149068922130098, -0.559089572228619 ], [ 117.148745755155986, -0.558947010396555 ], [ 117.148434695341493, -0.558779362973519 ], [ 117.148137660477701, -0.558587663562945 ], [ 117.147856481886592, -0.558373094057125 ], [ 117.147592893130323, -0.558136977350428 ], [ 117.147348519323117, -0.557880769183187 ], [ 117.147124867111813, -0.557606049166446 ], [ 117.146923315387042, -0.557314511043135 ], [ 117.14674510678168, -0.557007952245514 ], [ 117.146591340009735, -0.556688262813298 ], [ 117.146462963092432, -0.556357413740905 ], [ 117.146360767513386, -0.556017444825486 ], [ 117.146285383338963, -0.555670452090942 ], [ 117.146237275333647, -0.555318574865076 ], [ 117.146216740094886, -0.554963982589934 ], [ 117.146223904224541, -0.554608861446413 ], [ 117.146258723548328, -0.554255400875645 ], [ 117.146320983388449, -0.553905780080437 ], [ 117.146410299887236, -0.553562154589613 ], [ 117.146526122373814, -0.553226642968565 ], [ 117.146667736759397, -0.552901313757562 ], [ 117.146798459482497, -0.552630461148375 ], [ 117.146962222180022, -0.552204070371325 ], [ 117.147846151243186, -0.549901959812206 ], [ 117.147994213938659, -0.549559177403028 ], [ 117.148169882860614, -0.549229870944578 ], [ 117.148371958594083, -0.54891628883327 ], [ 117.148599061427703, -0.548620572104251 ], [ 117.14884964077396, -0.548344739813291 ], [ 117.149004001612923, -0.548200740031517 ], [ 117.149017469358441, -0.54816713098284 ], [ 117.149216169678056, -0.547719531049146 ], [ 117.149366815870493, -0.547412026618799 ], [ 117.149540164926904, -0.5471168918029 ], [ 117.149735220984013, -0.546835822098088 ], [ 117.149950863476292, -0.546570432199092 ], [ 117.150185853573205, -0.546322246722662 ], [ 117.150301602520599, -0.546217218778081 ], [ 117.150457616957453, -0.546035123559046 ], [ 117.150701147882884, -0.545791314475132 ], [ 117.150962465081236, -0.545566942259022 ], [ 117.151007521167671, -0.545531158119088 ], [ 117.151036756176438, -0.545455478302453 ], [ 117.15104213802762, -0.545444325956914 ], [ 117.151068539926243, -0.545264165933221 ], [ 117.151142141761198, -0.544934616251186 ], [ 117.151239964981059, -0.544611513992561 ], [ 117.151361464168829, -0.544296660612336 ], [ 117.151366551502406, -0.544285927788669 ], [ 117.151374558249941, -0.544256965024857 ], [ 117.151478412655635, -0.543929899197302 ], [ 117.151606611171601, -0.543611705776635 ], [ 117.151758415156749, -0.543304218086795 ], [ 117.151932949963438, -0.543009207768454 ], [ 117.152129209977076, -0.542728374571567 ], [ 117.15234606441021, -0.542463336561913 ], [ 117.152582263817749, -0.542215620798356 ], [ 117.15283644729594, -0.541986654534561 ], [ 117.153107150323507, -0.541777756995636 ], [ 117.153392813199687, -0.541590131777272 ], [ 117.153691790030734, -0.541424859911009 ], [ 117.155346173163707, -0.540590975996543 ], [ 117.155371539138244, -0.540574402565404 ], [ 117.15572314511202, -0.540366857905483 ], [ 117.156091985699263, -0.540192240149439 ], [ 117.156287004502204, -0.540120832040896 ], [ 117.156821503103359, -0.539845216215094 ], [ 117.156940756768236, -0.539790636061398 ], [ 117.156999073739328, -0.53969653189106 ], [ 117.157201151175187, -0.539419701088639 ], [ 117.157423514407924, -0.539159106563172 ], [ 117.157664880986488, -0.538916251255637 ], [ 117.15768169755961, -0.538901724427132 ], [ 117.154175986508761, -0.533581802670017 ], [ 117.151390149860418, -0.529354144316257 ], [ 117.151268931127049, -0.529152237108284 ], [ 117.151052563006758, -0.529162953783439 ], [ 117.150691950960933, -0.529151641513021 ], [ 117.150392950738109, -0.529130141559894 ], [ 117.149901922355909, -0.52906731944758 ], [ 117.149655122168312, -0.529021719464757 ], [ 117.149318088633734, -0.528945864327494 ], [ 117.14898783732319, -0.528844176134338 ], [ 117.148666318958547, -0.528717255533929 ], [ 117.148633078583799, -0.528701067291087 ], [ 117.148540124521759, -0.528664774632472 ], [ 117.14822219127521, -0.528510751076386 ], [ 117.147917242292792, -0.528332090516087 ], [ 117.147627157689911, -0.528129894454696 ], [ 117.147353725937521, -0.527905409499893 ], [ 117.147098632835494, -0.527660019678092 ], [ 117.146863451119174, -0.5273952379014 ], [ 117.146649630762823, -0.527112696640014 ], [ 117.146458490040047, -0.526814137857332 ], [ 117.146291207396189, -0.526501402270216 ], [ 117.146148814182922, -0.526176418000198 ], [ 117.146032188299529, -0.525841188686003 ], [ 117.145942048780469, -0.525497781130285 ], [ 117.145878951362477, -0.525148312557124 ], [ 117.145843285058177, -0.524794937558524 ], [ 117.145835269757811, -0.52443983481061 ], [ 117.14585495487384, -0.524085193641336 ], [ 117.145902219036202, -0.523733200532474 ], [ 117.14597677084069, -0.523386025639273 ], [ 117.146078150645934, -0.523045809410637 ], [ 117.146205733407072, -0.522714649392576 ], [ 117.146358732529691, -0.522394587296184 ], [ 117.146536204719382, -0.522087596409741 ], [ 117.146737055797658, -0.521795569432788 ], [ 117.146960047447976, -0.521520306807121 ], [ 117.147203804850449, -0.521263505616373 ], [ 117.147466825158091, -0.521026749123059 ], [ 117.147747486762512, -0.520811497007282 ], [ 117.148044059291479, -0.520619076367395 ], [ 117.148354714277488, -0.520450673537986 ], [ 117.148677536430696, -0.520307326775868 ], [ 117.149010535447289, -0.520189919858936 ], [ 117.149351658280395, -0.52009917663739 ], [ 117.149698801797626, -0.520035656571087 ], [ 117.150049825747701, -0.519999751280296 ], [ 117.150210845650264, -0.519996067853522 ], [ 117.150703347843773, -0.518452736324043 ], [ 117.150969586749056, -0.516995266629496 ], [ 117.150399466857934, -0.514644299551336 ], [ 117.150258097889093, -0.51483630357608 ], [ 117.15008752406473, -0.515053725138693 ], [ 117.14942932439385, -0.515841825452233 ], [ 117.149365030335161, -0.515917115280642 ], [ 117.148958430514938, -0.516382815476686 ], [ 117.148715273739342, -0.516640192876302 ], [ 117.148452807274623, -0.516877571217231 ], [ 117.148172649312968, -0.517093486980655 ], [ 117.147876527121312, -0.517286608971566 ], [ 117.147566266392076, -0.517455746525994 ], [ 117.147243779987221, -0.517599856852055 ], [ 117.146911056144816, -0.517718051459064 ], [ 117.146570146220782, -0.517809601635499 ], [ 117.146223152041472, -0.517873942941777 ], [ 117.145872212945264, -0.517910678690301 ], [ 117.145519492592669, -0.517919582391207 ], [ 117.145167165626432, -0.51790059914877 ], [ 117.144817404264273, -0.517853845999972 ], [ 117.144472364906065, -0.517779611192828 ], [ 117.144134174838982, -0.517678352409347 ], [ 117.143804919121777, -0.517550693943791 ], [ 117.143486627729729, -0.517397422853625 ], [ 117.143181263039025, -0.517219484107038 ], [ 117.142890707727943, -0.51701797475691 ], [ 117.14261675316942, -0.516794137177092 ], [ 117.142361088386636, -0.516549351402675 ], [ 117.142125289639424, -0.516285126621536 ], [ 117.141910810706307, -0.516003091869765 ], [ 117.141718973921201, -0.515704985987906 ], [ 117.141550962020986, -0.515392646900445 ], [ 117.141407810853394, -0.515068000284339 ], [ 117.141290402990862, -0.514733047696487 ], [ 117.141199462289094, -0.514389854233348 ], [ 117.141135549424405, -0.514040535799024 ], [ 117.141099058437035, -0.513687246059806 ], [ 117.141090214301826, -0.513332163166113 ], [ 117.141109071541337, -0.512977476323465 ], [ 117.141155513889672, -0.512625372295218 ], [ 117.141229255009634, -0.512278021920425 ], [ 117.141329840257995, -0.511937566729915 ], [ 117.141456649488774, -0.511606105742974 ], [ 117.141456937889743, -0.511605498783875 ], [ 117.141345858184636, -0.511751602998067 ], [ 117.141110091611353, -0.512015856748573 ], [ 117.140854456660392, -0.512260673941892 ], [ 117.140580529405128, -0.5124845451963 ], [ 117.140289998697924, -0.512686090268598 ], [ 117.139984655757601, -0.512864066563806 ], [ 117.139666383126169, -0.513017376796298 ], [ 117.139337143062107, -0.513145075754948 ], [ 117.13899896544244, -0.513246376130741 ], [ 117.138653935247788, -0.513320653370878 ], [ 117.13830417970776, -0.513367449529433 ], [ 117.137951855185591, -0.513386476090677 ], [ 117.137599133883612, -0.513377615748105 ], [ 117.137248190450549, -0.513340923127499 ], [ 117.136901188574129, -0.513276624450337 ], [ 117.136560267641002, -0.513185116139 ], [ 117.136227529546716, -0.513066962372725 ], [ 117.135905025736577, -0.512922891609227 ], [ 117.135594744557793, -0.512753792093532 ], [ 117.135298599000535, -0.512560706381635 ], [ 117.135018414903598, -0.512344824912705 ], [ 117.134755919697497, -0.512107478669671 ], [ 117.134512731754128, -0.511850130973156 ], [ 117.134290350409017, -0.511574368459631 ], [ 117.134090146717284, -0.511281891299126 ], [ 117.133913355000828, -0.51097450271313 ], [ 117.13376106523809, -0.510654097857088 ], [ 117.133634216344163, -0.510322652135973 ], [ 117.133533590382086, -0.509982209025288 ], [ 117.133459807741232, -0.509634867472232 ], [ 117.133413323312439, -0.509282768955034 ], [ 117.133394423683598, -0.50892808427985 ], [ 117.133403225372817, -0.508573000197111 ], [ 117.133439674110164, -0.508219705919352 ], [ 117.133481712025528, -0.507989790388898 ], [ 117.13342084546143, -0.507984132583751 ], [ 117.130303704180093, -0.508366806956338 ], [ 117.129577268024065, -0.508728329098247 ], [ 117.129400094693565, -0.508816514797857 ], [ 117.127507332200594, -0.510803488665628 ], [ 117.126003413465511, -0.513868636104074 ], [ 117.12522074169344, -0.515939668496004 ], [ 117.125383851524916, -0.516003263317742 ], [ 117.125651102407417, -0.516095770331371 ], [ 117.125724177321757, -0.516121776275392 ], [ 117.125973577148059, -0.516212976251118 ], [ 117.126276604822266, -0.516336525298457 ], [ 117.126569907115652, -0.516481927691759 ], [ 117.126851931411252, -0.516648413732344 ], [ 117.126994131334129, -0.516739513691341 ], [ 117.127294941243889, -0.516950048161656 ], [ 117.127577714570691, -0.517184552083504 ], [ 117.127840571614854, -0.517441466622387 ], [ 117.128081765067094, -0.5177190839721 ], [ 117.128299691623383, -0.518015558707205 ], [ 117.128377491637309, -0.518130958653088 ], [ 117.128560788859389, -0.518426765661125 ], [ 117.12872091204629, -0.518735905091915 ], [ 117.128856910072358, -0.519056540674387 ], [ 117.128967975113568, -0.519386767850846 ], [ 117.129053447446097, -0.519724625089824 ], [ 117.129054263737814, -0.519728464871468 ], [ 117.12912204537146, -0.519863648992332 ], [ 117.129205145437709, -0.520046048916288 ], [ 117.129327708937339, -0.520342388197967 ], [ 117.129429088565573, -0.52064673127761 ], [ 117.129508773835198, -0.520957545673659 ], [ 117.129551673949479, -0.521153345612241 ], [ 117.129614571439333, -0.521506457572386 ], [ 117.129649476040541, -0.5218634766372 ], [ 117.129656168227754, -0.522222157455692 ], [ 117.129634605907981, -0.522580244225456 ], [ 117.129610506085257, -0.522821544200647 ], [ 117.129574164416496, -0.523065175142793 ], [ 117.129590205961776, -0.523302875150315 ], [ 117.129595506070416, -0.523458375119329 ], [ 117.129594222042755, -0.523802579492931 ], [ 117.129566944066397, -0.524145689146146 ], [ 117.129513830070621, -0.524485717548037 ], [ 117.129435187569754, -0.524820696007121 ], [ 117.129413787626333, -0.524898496009577 ], [ 117.129296855376651, -0.52526287474505 ], [ 117.129149730420266, -0.525615992470146 ], [ 117.128973466966926, -0.525955318940279 ], [ 117.1287693280171, -0.526278422730798 ], [ 117.128538776312141, -0.526582988659172 ], [ 117.12845017635415, -0.526690288703033 ], [ 117.128128708644908, -0.527040312846461 ], [ 117.128000008672686, -0.527166412911 ], [ 117.127729270568224, -0.527410997347136 ], [ 117.127439767449488, -0.527632734475818 ], [ 117.127133396563494, -0.527830171149095 ], [ 117.127014151191176, -0.527893961416086 ], [ 117.126811580987422, -0.52808883863336 ], [ 117.126528683508099, -0.528319901447345 ], [ 117.126228123020709, -0.528527135451981 ], [ 117.126103422997289, -0.52860583551019 ], [ 117.125797352510403, -0.528782542526357 ], [ 117.125478453463643, -0.528934529988394 ], [ 117.125148691977827, -0.529060860840526 ], [ 117.124810101144931, -0.529160756208628 ], [ 117.124464768493397, -0.52923360020236 ], [ 117.124114823117736, -0.52927894371226 ], [ 117.123762422551863, -0.529296507178855 ], [ 117.123409739467021, -0.52928618231618 ], [ 117.123058948276523, -0.529248032779467 ], [ 117.122712211729535, -0.52918229377272 ], [ 117.122428105006549, -0.529104770497831 ], [ 117.122361030482324, -0.529324512333521 ], [ 117.122233714254889, -0.529649721470125 ], [ 117.122081834106325, -0.529964063126953 ], [ 117.120279636167268, -0.533354363914877 ], [ 117.120115648392272, -0.53363767112734 ], [ 117.119931705831064, -0.533908275682728 ], [ 117.11972877493244, -0.534164755798738 ], [ 117.119507921912046, -0.534405763903956 ], [ 117.119270307150572, -0.534630033718138 ], [ 117.116475407369634, -0.537082535124243 ], [ 117.116192426067911, -0.537311277465337 ], [ 117.115892031437483, -0.537516284977586 ], [ 117.115576182877419, -0.537696220445991 ], [ 117.115246940589785, -0.537849910194213 ], [ 117.114906452141213, -0.537976351740138 ], [ 117.114556938455067, -0.538074720335023 ], [ 117.108725834931363, -0.53946292213297 ], [ 117.108414054339931, -0.539525513123649 ], [ 117.108098657947608, -0.539565755208615 ], [ 117.103391138675491, -0.539996713798616 ], [ 117.097671393684323, -0.540961661902074 ], [ 117.094646785847303, -0.541637374508949 ], [ 117.093970348303657, -0.541889471092996 ], [ 117.093411136782649, -0.542496116138586 ], [ 117.090946682841164, -0.546958129489374 ], [ 117.089757655541888, -0.549892790800748 ], [ 117.088591440041824, -0.555094275859227 ], [ 117.088175993933746, -0.560957459409441 ], [ 117.088164958245613, -0.561086961174683 ], [ 117.087025669819383, -0.572524249152673 ], [ 117.087051439045382, -0.572533768932449 ], [ 117.087286836704749, -0.572617124151625 ], [ 117.087614827883854, -0.572748049506863 ], [ 117.087709089218109, -0.572794596865003 ], [ 117.08775710547593, -0.572781516663776 ], [ 117.087826905429012, -0.572765416683766 ], [ 117.088146865253691, -0.572703809963339 ], [ 117.088258647758082, -0.572690643611178 ], [ 117.088479420541148, -0.572585399406738 ], [ 117.088843661547742, -0.57244915415266 ], [ 117.08895096148396, -0.572414254189623 ], [ 117.089301562162007, -0.572315814413465 ], [ 117.089658926844152, -0.572246262783379 ], [ 117.09002071085132, -0.572206055628565 ], [ 117.090384540509376, -0.572195456748295 ], [ 117.090748028722871, -0.572214535681192 ], [ 117.09110879063671, -0.57226316724902 ], [ 117.091464459283173, -0.572341032377972 ], [ 117.091718840175801, -0.572418891790622 ], [ 117.091823306118954, -0.572437273314547 ], [ 117.091970906002956, -0.572469473307739 ], [ 117.092342137101539, -0.572567338477234 ], [ 117.092703720009638, -0.572696732525206 ], [ 117.09305301770155, -0.572856711779427 ], [ 117.093387482747261, -0.573046109509704 ], [ 117.093538679717014, -0.573149754573379 ], [ 117.093734343840069, -0.573266390271871 ], [ 117.094016748309215, -0.573465676437156 ], [ 117.094283138854834, -0.573686178804229 ], [ 117.094531946329127, -0.573926598525982 ], [ 117.094761705155193, -0.574185519434067 ], [ 117.094943922115803, -0.574425650647558 ], [ 117.095251902521284, -0.574578775157406 ], [ 117.095549045517117, -0.574756322616403 ], [ 117.095602645488867, -0.574791222597167 ], [ 117.095899701066784, -0.575002276386504 ], [ 117.096178834749949, -0.575236815721853 ], [ 117.096438219102382, -0.575493305118904 ], [ 117.096510878089475, -0.575577819642441 ], [ 117.096522489089821, -0.575585745277161 ], [ 117.096798084425714, -0.575807536524433 ], [ 117.097055544282071, -0.576050411622443 ], [ 117.097226126777187, -0.576238734585909 ], [ 117.097320280750623, -0.576323772566249 ], [ 117.097546132987929, -0.57655960740746 ], [ 117.097754439384872, -0.576811277797826 ], [ 117.097892539400803, -0.576990977704989 ], [ 117.098075791471857, -0.577247460932035 ], [ 117.098218928996104, -0.577480556646457 ], [ 117.09832355996177, -0.577607728477706 ], [ 117.098524744015307, -0.577895045732996 ], [ 117.098703158817642, -0.578197221807411 ], [ 117.098857726997608, -0.578512431993383 ], [ 117.098987515182714, -0.578838772875838 ], [ 117.099091739635384, -0.579174273826144 ], [ 117.09916977098581, -0.5795169089018 ], [ 117.099221138032405, -0.579864609080107 ], [ 117.099245100776145, -0.580209095817592 ], [ 117.099306751295615, -0.580293372430759 ], [ 117.099496805548057, -0.580602381464499 ], [ 117.099661604443483, -0.580925752439747 ], [ 117.099800084195536, -0.581261397985881 ], [ 117.099911350908386, -0.581607151499227 ], [ 117.099994686346676, -0.581960781128553 ], [ 117.100049552572145, -0.58232000418166 ], [ 117.100061708395771, -0.582489204527395 ], [ 117.100160034389674, -0.582797711048559 ], [ 117.100242244941185, -0.583150685902295 ], [ 117.100296112805268, -0.583509154626349 ], [ 117.100321291972207, -0.583870814702312 ], [ 117.100317620705653, -0.584233343112615 ], [ 117.100285122581326, -0.584594411261855 ], [ 117.100224006335907, -0.584951699933664 ], [ 117.100219185408974, -0.584974401548897 ], [ 117.100131933428912, -0.585318564882357 ], [ 117.100125285766453, -0.585338203641009 ], [ 117.100067757700415, -0.58562755385526 ], [ 117.099971580484009, -0.585969298332742 ], [ 117.099849064861829, -0.586302392894475 ], [ 117.099700966178858, -0.586624783900728 ], [ 117.099528197508633, -0.586934483702352 ], [ 117.099331824024006, -0.587229582895344 ], [ 117.099113056429957, -0.587508262092993 ], [ 117.098873243499369, -0.587768803143053 ], [ 117.098613863757393, -0.588009599720806 ], [ 117.098380004205254, -0.588194739232018 ], [ 117.098379952633124, -0.588279869433627 ], [ 117.098347500981461, -0.588661697138112 ], [ 117.098283062726665, -0.589039389656872 ], [ 117.098269562777162, -0.589102389659579 ], [ 117.098207073666515, -0.589347276324271 ], [ 117.098236914836136, -0.589474744912424 ], [ 117.098292559783687, -0.589853801416818 ], [ 117.098299259832729, -0.589918201403117 ], [ 117.098321293366496, -0.590241236408694 ], [ 117.098320316377723, -0.590565030535743 ], [ 117.098296333868063, -0.590887924832966 ], [ 117.098249468707266, -0.591208264958977 ], [ 117.098211968873613, -0.59141336496263 ], [ 117.098134755929138, -0.59175902546732 ], [ 117.098030908038226, -0.592097542743847 ], [ 117.097939454991874, -0.592329473681852 ], [ 117.097931471007158, -0.592476569043712 ], [ 117.097886172123864, -0.592821372117245 ], [ 117.097814692069846, -0.593161652497652 ], [ 117.097717453392775, -0.593495398625901 ], [ 117.097704053423399, -0.593535598631617 ], [ 117.097577348571704, -0.593870980910636 ], [ 117.097424637002717, -0.594195198578711 ], [ 117.09724687953792, -0.594506211732195 ], [ 117.097224622090394, -0.594538861200517 ], [ 117.09717684229355, -0.594674186237905 ], [ 117.097032954144098, -0.594998503910756 ], [ 117.097014099713391, -0.595033364346505 ], [ 117.09405, -0.593275 ] ], [ [ 117.157558493840071, -0.58602016792102 ], [ 117.157250813233517, -0.586078195816651 ], [ 117.156939866109795, -0.586114518959948 ], [ 117.156676965910876, -0.586135919033202 ], [ 117.156358118791857, -0.586150424978795 ], [ 117.156039053120196, -0.586142110072855 ], [ 117.155770530839007, -0.58611582725935 ], [ 117.15543844196435, -0.586645349676728 ], [ 117.155116241051203, -0.587198399267153 ], [ 117.154870549320478, -0.587575661090691 ], [ 117.154582133212941, -0.587973719699451 ], [ 117.154177446178451, -0.588622994088867 ], [ 117.153988920130388, -0.588901806028444 ], [ 117.153827920249441, -0.589121806114308 ], [ 117.153561540926418, -0.589452075744047 ], [ 117.153268734686776, -0.589752395986 ], [ 117.153138048355856, -0.590061432047087 ], [ 117.153084544399533, -0.590175773497255 ], [ 117.15308367813239, -0.590181487663004 ], [ 117.153021090804174, -0.590677609961698 ], [ 117.152961918353554, -0.591032840255118 ], [ 117.152874858718832, -0.591382205185607 ], [ 117.152760463851351, -0.591723489784394 ], [ 117.152619459007639, -0.592054530311449 ], [ 117.152452738151666, -0.592373227973476 ], [ 117.152307838320397, -0.592625328043527 ], [ 117.152124062354005, -0.592918537918473 ], [ 117.151918519775521, -0.593196718103161 ], [ 117.151692417913068, -0.593458234600938 ], [ 117.151447084858006, -0.593701551295202 ], [ 117.151183961664003, -0.593925238972458 ], [ 117.151118751277892, -0.593976498484265 ], [ 117.150691610634368, -0.594379732038119 ], [ 117.150426112454923, -0.594611412520883 ], [ 117.150143444474097, -0.594821502267801 ], [ 117.150056877318463, -0.594875866945101 ], [ 117.150062356612111, -0.595120379937746 ], [ 117.150063233211199, -0.595173148668516 ], [ 117.150072116362523, -0.595994421420355 ], [ 117.150093668216329, -0.596043953843564 ], [ 117.150264574355489, -0.596502936637175 ], [ 117.150304774429799, -0.596631736583643 ], [ 117.150400353891555, -0.59698825271675 ], [ 117.150451982442959, -0.597270741036978 ], [ 117.150549812409025, -0.597001594209665 ], [ 117.15070285856585, -0.596667529818022 ], [ 117.150882363407376, -0.596347089291265 ], [ 117.151087139753045, -0.596042391898508 ], [ 117.151315833287057, -0.595755452789335 ], [ 117.151566931515305, -0.595488169666559 ], [ 117.151695031549323, -0.595362469739606 ], [ 117.151929644421656, -0.595147964777952 ], [ 117.152178692945498, -0.594950640802516 ], [ 117.152440938237362, -0.594771479392667 ], [ 117.152702388502405, -0.594606108732583 ], [ 117.153839486500374, -0.593770121922854 ], [ 117.154154145558806, -0.593340379709723 ], [ 117.154386165244219, -0.593049433450539 ], [ 117.154641212860199, -0.592778724922896 ], [ 117.154917553399102, -0.592530095665567 ], [ 117.15521330700571, -0.592305237019009 ], [ 117.155526461764865, -0.592105678619822 ], [ 117.155854887388273, -0.5919327779952 ], [ 117.156196349705809, -0.591787711328235 ], [ 117.156546949107437, -0.591655630955482 ], [ 117.157252561669097, -0.591351402838416 ], [ 117.157545433267529, -0.591237151348147 ], [ 117.158395332816681, -0.590939551727124 ], [ 117.158799240860091, -0.590819163864505 ], [ 117.159212572358854, -0.590737379449987 ], [ 117.159424296642555, -0.590705778860192 ], [ 117.159755701939787, -0.59033607613008 ], [ 117.159779739222387, -0.590305497797512 ], [ 117.159842666125627, -0.590198853344856 ], [ 117.159831668592446, -0.590156268067549 ], [ 117.159772278636979, -0.589829280945545 ], [ 117.159732078835745, -0.5895503808536 ], [ 117.159689687453181, -0.589095847731964 ], [ 117.159673019477452, -0.588707050373595 ], [ 117.159651522448485, -0.588475012572449 ], [ 117.159460509582587, -0.58825410339717 ], [ 117.159244405988446, -0.587958946312648 ], [ 117.159052758146302, -0.587647139712251 ], [ 117.158886825193875, -0.587320732189004 ], [ 117.158747697319413, -0.586981868264943 ], [ 117.158636288599169, -0.586632774301391 ], [ 117.158553330991978, -0.586275743871456 ], [ 117.15849936953029, -0.58591312269111 ], [ 117.158481333094088, -0.585745905197946 ], [ 117.158290615051612, -0.585811916695544 ], [ 117.157861414805396, -0.585940716874016 ], [ 117.157558493840071, -0.58602016792102 ] ], [ [ 117.142065103024663, -0.510528926121238 ], [ 117.142063189060266, -0.510534388590109 ], [ 117.142056481976169, -0.510549604321024 ], [ 117.142045892207889, -0.510575004635483 ], [ 117.142041424606973, -0.510583763558121 ], [ 117.142009288767341, -0.510656667113789 ], [ 117.142208172501071, -0.510409981801936 ], [ 117.142582215219946, -0.509981571707537 ], [ 117.142653658896322, -0.509896028247324 ], [ 117.142349280644638, -0.509775729292319 ], [ 117.142293851899922, -0.50994773207323 ], [ 117.142179752111772, -0.510253932099124 ], [ 117.142065103024663, -0.510528926121238 ] ] ], [ [ [ 117.2628094, -0.5376315 ], [ 117.2629167, -0.53975 ], [ 117.263722200000018, -0.5398056 ], [ 117.264583300000012, -0.5398056 ], [ 117.264627, -0.5429531 ], [ 117.264830500000016, -0.5443979 ], [ 117.264916699999986, -0.546 ], [ 117.264851, -0.5495924 ], [ 117.2681667, -0.5497778 ], [ 117.267572800000011, -0.5597703 ], [ 117.2674618, -0.5596841 ], [ 117.2671337, -0.5595357 ], [ 117.2651957, -0.5589517 ], [ 117.2640818, -0.5585197 ], [ 117.2635713, -0.5582203 ], [ 117.262817799999979, -0.5574737 ], [ 117.2621044, -0.5570189 ], [ 117.2617953, -0.5567616 ], [ 117.2615159, -0.5564684 ], [ 117.261403, -0.556235 ], [ 117.2614029, -0.5557682 ], [ 117.2615812, -0.5550501 ], [ 117.2618808, -0.5542673 ], [ 117.261959300000015, -0.5538867 ], [ 117.2618879, -0.5531614 ], [ 117.261664400000015, -0.5529651 ], [ 117.2613552, -0.5528885 ], [ 117.261065200000019, -0.552922 ], [ 117.260803600000017, -0.5531088 ], [ 117.2604897, -0.5534295 ], [ 117.2601474, -0.5539514 ], [ 117.259690800000016, -0.554344 ], [ 117.2592153, -0.5544828 ], [ 117.2589537, -0.5544254 ], [ 117.258773, -0.5542962 ], [ 117.258506600000018, -0.553894 ], [ 117.2584591, -0.5535972 ], [ 117.2584591, -0.5530323 ], [ 117.258530399999984, -0.5524195 ], [ 117.258530300000018, -0.5521179 ], [ 117.2585113, -0.5518928 ], [ 117.2583972, -0.5516966 ], [ 117.258264, -0.5515577 ], [ 117.257983400000015, -0.5514285 ], [ 117.255691100000021, -0.550495 ], [ 117.255344, -0.5504376 ], [ 117.25508240000002, -0.5505094 ], [ 117.254916, -0.5506435 ], [ 117.254825600000018, -0.5508589 ], [ 117.2548447, -0.5512994 ], [ 117.254930300000012, -0.5517925 ], [ 117.2552252, -0.5528074 ], [ 117.255463, -0.5531473 ], [ 117.255696, -0.5533867 ], [ 117.2570324, -0.5542196 ], [ 117.2572226, -0.5544734 ], [ 117.2572845, -0.5546792 ], [ 117.2572988, -0.5548947 ], [ 117.2572179, -0.5550239 ], [ 117.257042, -0.5551436 ], [ 117.25688980000001, -0.5551915 ], [ 117.2564855, -0.5550479 ], [ 117.2557864, -0.5545979 ], [ 117.2555867, -0.5545692 ], [ 117.255377399999986, -0.5545931 ], [ 117.2552776, -0.5546458 ], [ 117.255134900000016, -0.5548517 ], [ 117.2548924, -0.5556225 ], [ 117.2547022, -0.5558283 ], [ 117.254512, -0.5558954 ], [ 117.254355, -0.5558619 ], [ 117.254207599999987, -0.5557613 ], [ 117.2541125, -0.5555746 ], [ 117.2541077, -0.5545788 ], [ 117.2540744, -0.5542916 ], [ 117.2538794, -0.5538416 ], [ 117.25377, -0.5537554 ], [ 117.253594, -0.5537554 ], [ 117.2527238, -0.5541528 ], [ 117.2524051, -0.5542677 ], [ 117.2521864, -0.5543012 ], [ 117.251967600000015, -0.5542055 ], [ 117.251706, -0.5538704 ], [ 117.251677500000014, -0.5537028 ], [ 117.2517631, -0.5535544 ], [ 117.25192, -0.5534539 ], [ 117.252057900000011, -0.5534155 ], [ 117.2523956, -0.5533868 ], [ 117.2526476, -0.5532527 ], [ 117.2526999, -0.5531235 ], [ 117.2526857, -0.5529942 ], [ 117.2524003, -0.5524293 ], [ 117.252376500000011, -0.552233 ], [ 117.2524003, -0.5520559 ], [ 117.252874600000013, -0.5512875 ], [ 117.252874600000013, -0.551096 ], [ 117.252823500000019, -0.5508889 ], [ 117.252614200000011, -0.5506208 ], [ 117.252281300000021, -0.5504006 ], [ 117.251748699999979, -0.5503336 ], [ 117.2515299, -0.5504102 ], [ 117.251387300000019, -0.55064 ], [ 117.2512351, -0.5510901 ], [ 117.25053130000002, -0.5519997 ], [ 117.250502800000021, -0.5522199 ], [ 117.2506264, -0.5525838 ], [ 117.2506074, -0.5528423 ], [ 117.2503982, -0.5530434 ], [ 117.25, -0.5531467 ], [ 117.2496538, -0.5531692 ], [ 117.2495378, -0.5531962 ], [ 117.249469500000018, -0.553259 ], [ 117.2493684, -0.5534894 ], [ 117.2494235, -0.5537473 ], [ 117.2494051, -0.553914 ], [ 117.249327099999988, -0.5540921 ], [ 117.246394, -0.5577 ], [ 117.241965969539208, -0.556989108912637 ], [ 117.242064710005351, -0.554336506569793 ], [ 117.242065978986219, -0.554305296247562 ], [ 117.242168380796926, -0.551982995544344 ], [ 117.242173339087302, -0.551871279856198 ], [ 117.242173567020458, -0.551866208291983 ], [ 117.242274847726492, -0.549640356112158 ], [ 117.242290050396093, -0.549255386602661 ], [ 117.242472132042622, -0.544125564977071 ], [ 117.242473682971109, -0.544086581923979 ], [ 117.242553408106389, -0.54227777198241 ], [ 117.242346978525148, -0.542271487906787 ], [ 117.241623350738635, -0.542220537070599 ], [ 117.240895649626495, -0.542203487960945 ], [ 117.24054350876834, -0.542181289153333 ], [ 117.240194183556255, -0.542131345160186 ], [ 117.239849827701576, -0.542053963901399 ], [ 117.239512564277945, -0.541949622457254 ], [ 117.239184472631734, -0.541818964126975 ], [ 117.238867575562068, -0.541662794462715 ], [ 117.238563826849358, -0.541482076302933 ], [ 117.238275099209702, -0.541277923836252 ], [ 117.238003172748577, -0.541051595732033 ], [ 117.237749723986084, -0.540804487380234 ], [ 117.237516315520395, -0.540538122288356 ], [ 117.237304386393788, -0.540254142688404 ], [ 117.237115243220558, -0.539954299411916 ], [ 117.236950052131064, -0.539640441095483 ], [ 117.236809831582363, -0.539314502783157 ], [ 117.236695446079068, -0.538978493996214 ], [ 117.236607600843271, -0.538634486343728 ], [ 117.236546837466932, -0.538284600750256 ], [ 117.236513530572637, -0.537930994379662 ], [ 117.236507885504153, -0.537575847335345 ], [ 117.236529937060496, -0.537221349219135 ], [ 117.236534943931176, -0.53718585929098 ], [ 117.236027622991585, -0.53761479108476 ], [ 117.235738203020233, -0.537839922103638 ], [ 117.234987203077409, -0.538376422517022 ], [ 117.23458806243201, -0.538629181330103 ], [ 117.234559969898285, -0.538908547152921 ], [ 117.234497001522826, -0.539258037457046 ], [ 117.234406988906002, -0.539601476887 ], [ 117.234290487000251, -0.539936748025183 ], [ 117.234148214073485, -0.540261783813689 ], [ 117.233981047280835, -0.540574580298459 ], [ 117.233790017256709, -0.540873208984367 ], [ 117.233576301760834, -0.54115582872491 ], [ 117.233341218416996, -0.541420697073702 ], [ 117.23308621658957, -0.541666181027143 ], [ 117.232812868447695, -0.541890767092525 ], [ 117.232522859272507, -0.542093070619333 ], [ 117.232217977066725, -0.542271844336064 ], [ 117.23190010153111, -0.542425986040168 ], [ 117.231571192475457, -0.542554545393603 ], [ 117.231233277735598, -0.542656729782051 ], [ 117.230888440671208, -0.542731909201711 ], [ 117.230538807320954, -0.542779620143549 ], [ 117.230186533294912, -0.54279956845111 ], [ 117.229833790484108, -0.542791631134114 ], [ 117.22948275367024, -0.542755857126774 ], [ 117.229135587117156, -0.542692466986209 ], [ 117.228794431227371, -0.542601851532603 ], [ 117.228461389345568, -0.542484569439783 ], [ 117.228138514790842, -0.542341343790692 ], [ 117.227827798196884, -0.542173057619496 ], [ 117.227531155239234, -0.541980748467255 ], [ 117.227250414824198, -0.541765601985175 ], [ 117.226987307813076, -0.54152894462465 ], [ 117.226743456350604, -0.541272235459118 ], [ 117.226520363863941, -0.540997057188454 ], [ 117.22631940579349, -0.540705106380937 ], [ 117.226141821112776, -0.54039818301335 ], [ 117.225988704689769, -0.540078179373378 ], [ 117.225861000536725, -0.539747068393021 ], [ 117.225562200893748, -0.538871967958436 ], [ 117.225466056099236, -0.538552497606637 ], [ 117.225393574981325, -0.538226759644465 ], [ 117.225345152223895, -0.537896527839107 ], [ 117.225321051503599, -0.537563600428215 ], [ 117.225310351715905, -0.537263200326435 ], [ 117.225314222161444, -0.536853131089434 ], [ 117.225354966290467, -0.536445099749315 ], [ 117.225432249247788, -0.536042459630954 ], [ 117.225550249649388, -0.535548959572226 ], [ 117.225651407857583, -0.535191234173637 ], [ 117.225781416493675, -0.534843083926315 ], [ 117.225939396647561, -0.53450686244938 ], [ 117.226207597037515, -0.533991962517153 ], [ 117.226381187272381, -0.533687962767432 ], [ 117.226577646220079, -0.533398412087732 ], [ 117.226795793437674, -0.53312505026522 ], [ 117.227034318167156, -0.532869519814653 ], [ 117.227291787211314, -0.532633356109229 ], [ 117.227566653545139, -0.532417978155153 ], [ 117.228650353632943, -0.531634778746449 ], [ 117.229093569615728, -0.531352399877887 ], [ 117.229990369666481, -0.530852320562521 ], [ 117.230387936059287, -0.530568306989977 ], [ 117.231567380820564, -0.529571106782097 ], [ 117.231635254918217, -0.529514851093397 ], [ 117.231826347101872, -0.529359601776435 ], [ 117.231724813663803, -0.529061240060097 ], [ 117.231639452592404, -0.528731059433555 ], [ 117.231579053944515, -0.528395341317557 ], [ 117.231543961292601, -0.528055995436024 ], [ 117.231534374256299, -0.527714952149022 ], [ 117.231550347367133, -0.527374151472049 ], [ 117.231591789758227, -0.52703553204017 ], [ 117.231688290233592, -0.526434731921828 ], [ 117.231696970770429, -0.526391529089299 ], [ 117.231703103052155, -0.526347885775864 ], [ 117.231731935973698, -0.526217508075791 ], [ 117.231758240765714, -0.526086589730811 ], [ 117.231770261650709, -0.526044205706293 ], [ 117.231779776465984, -0.526001181286128 ], [ 117.231802715613512, -0.525925888396815 ], [ 117.231785284854112, -0.525918455720522 ], [ 117.231486851400305, -0.525763808753279 ], [ 117.230843150923562, -0.5253990086535 ], [ 117.230538655961439, -0.52520999409304 ], [ 117.230250061399502, -0.52499719467829 ], [ 117.229979196275792, -0.52476195907619 ], [ 117.229727777263264, -0.52450577814865 ], [ 117.229497397789899, -0.524230275503716 ], [ 117.229295794535915, -0.523946046231695 ], [ 117.229204470080376, -0.523901143972891 ], [ 117.228900559254811, -0.523720703225634 ], [ 117.228611648339594, -0.523516814442619 ], [ 117.22833951857011, -0.523290734667461 ], [ 117.228085847719768, -0.523043857759062 ], [ 117.227852199755944, -0.522777705797879 ], [ 117.227640015197423, -0.522493919701797 ], [ 117.227450602233247, -0.522194249109255 ], [ 117.227285128657186, -0.521880541592088 ], [ 117.227144614667964, -0.521554731264509 ], [ 117.227029926579306, -0.521218826858584 ], [ 117.226941771479034, -0.520874899339721 ], [ 117.226880692869557, -0.520525069138365 ], [ 117.226847067317109, -0.520171493076723 ], [ 117.226841102130294, -0.51981635107122 ], [ 117.226862834081857, -0.51946183269258 ], [ 117.226912129182281, -0.519110123666226 ], [ 117.226988683505866, -0.518763392396594 ], [ 117.227092025064721, -0.518423776598168 ], [ 117.227221516718785, -0.518093370115699 ], [ 117.22737636010423, -0.517774210014957 ], [ 117.227555600555633, -0.517468264023609 ], [ 117.227758132992051, -0.517177418399388 ], [ 117.227982708730124, -0.516903466300897 ], [ 117.228227943182929, -0.516648096732094 ], [ 117.228492324396328, -0.516412884129072 ], [ 117.228774222370717, -0.516199278653291 ], [ 117.229071899110693, -0.516008597250776 ], [ 117.229383519340246, -0.515842015532893 ], [ 117.229707161817913, -0.515700560528296 ], [ 117.230040831181796, -0.515585104351064 ], [ 117.230382470251726, -0.515496358823907 ], [ 117.23072997271214, -0.515434871089612 ], [ 117.231081196098515, -0.515401020237782 ], [ 117.231433975005913, -0.515395014967697 ], [ 117.231786134439574, -0.515416892301697 ], [ 117.232135503224313, -0.515466517356926 ], [ 117.232422220263388, -0.515530671888446 ], [ 117.232476056405389, -0.515378425799696 ], [ 117.232606083180471, -0.51508048050751 ], [ 117.232757051427484, -0.514792716978406 ], [ 117.232928651645977, -0.514492317025614 ], [ 117.233123352250473, -0.514181426081485 ], [ 117.233342479748472, -0.513887472411057 ], [ 117.233584587738449, -0.513612396316737 ], [ 117.233753904267459, -0.513448932232908 ], [ 117.233728091333944, -0.513360421830278 ], [ 117.233655566961033, -0.513012813858024 ], [ 117.233610357703284, -0.512660549128784 ], [ 117.23359274228693, -0.512305799474388 ], [ 117.233602829312517, -0.511950752046729 ], [ 117.233640556585542, -0.511597595833238 ], [ 117.233705691499893, -0.511248508161013 ], [ 117.233797832472192, -0.510905641272763 ], [ 117.233916411417695, -0.510571109057583 ], [ 117.234060697252929, -0.510246974018016 ], [ 117.234229800403213, -0.509935234554149 ], [ 117.234422678287146, -0.509637812642664 ], [ 117.234638141744711, -0.50935654198736 ], [ 117.234874862368827, -0.509093156713777 ], [ 117.235131380695648, -0.50884928067768 ], [ 117.235406115202522, -0.508626417453623 ], [ 117.23569737205878, -0.508425941064836 ], [ 117.236003355568712, -0.508249087512089 ], [ 117.236322179242705, -0.508096947153383 ], [ 117.236651877427988, -0.507970457981524 ], [ 117.236990417427592, -0.507870399841269 ], [ 117.23733571203249, -0.507797389621345 ], [ 117.237685632389883, -0.507751877451164 ], [ 117.238038021128233, -0.507734143925775 ], [ 117.238390705658091, -0.507744298375871 ], [ 117.239246263026033, -0.507802837318781 ], [ 117.24030711889715, -0.507872196739222 ], [ 117.24047014801377, -0.50788934777726 ], [ 117.240633269439186, -0.507905584931305 ], [ 117.240682195258813, -0.507912416740746 ], [ 117.240763076044971, -0.507921245110914 ], [ 117.241090295475786, -0.507969282849194 ], [ 117.241413119635652, -0.50804141570475 ], [ 117.241729800245267, -0.508137253034706 ], [ 117.242038622296235, -0.508256275822857 ], [ 117.242337913338829, -0.508397839490429 ], [ 117.24262605253908, -0.508561177386807 ], [ 117.242901479456592, -0.508745404941518 ], [ 117.24297927940502, -0.508801704920448 ], [ 117.243246683580836, -0.509011041821965 ], [ 117.243497663349658, -0.509240062663743 ], [ 117.243730792437674, -0.509487465960317 ], [ 117.243944746012872, -0.509751845762076 ], [ 117.244138308213905, -0.510031699645085 ], [ 117.244310379059499, -0.510325437248921 ], [ 117.244459980699546, -0.510631389314473 ], [ 117.244586262971922, -0.510947817169955 ], [ 117.24467785234782, -0.511239040490912 ], [ 117.244753428558752, -0.511360970413189 ], [ 117.244913058563299, -0.511668832823005 ], [ 117.245048757985003, -0.511988115881738 ], [ 117.24515972704819, -0.512316937827665 ], [ 117.245245311730216, -0.512653360679526 ], [ 117.245305007616281, -0.512995401658354 ], [ 117.245338462872297, -0.513341044873385 ], [ 117.245345480318619, -0.513688253203013 ], [ 117.245326018592152, -0.514034980301038 ], [ 117.245216019468714, -0.51519907999252 ], [ 117.245207918448003, -0.515277547383376 ], [ 117.245147014146966, -0.515821315303556 ], [ 117.245145844526547, -0.515838962144601 ], [ 117.245142708582151, -0.515868662865122 ], [ 117.245141505731837, -0.515898506337304 ], [ 117.24508780623735, -0.516574306150595 ], [ 117.245082573707819, -0.516635010235125 ], [ 117.245028974143381, -0.517211710081911 ], [ 117.245007231917967, -0.517375855014478 ], [ 117.244986355617215, -0.517540113832854 ], [ 117.244973039570809, -0.517619868809167 ], [ 117.244913642764217, -0.518010745989132 ], [ 117.244863555992993, -0.518283942394365 ], [ 117.244756256390474, -0.518782842312351 ], [ 117.244667237758335, -0.519129704460458 ], [ 117.244661742514864, -0.519145748067195 ], [ 117.244927614404389, -0.519257065409191 ], [ 117.245232115581061, -0.519412843363097 ], [ 117.24552398326405, -0.519591455379921 ], [ 117.24580153106912, -0.519791869454731 ], [ 117.246063155350797, -0.520012927612522 ], [ 117.246307344467823, -0.520253352598785 ], [ 117.246532687517288, -0.520511755259438 ], [ 117.246737882486755, -0.520786642567056 ], [ 117.246921743777008, -0.521076426247556 ], [ 117.247380247148513, -0.521863495364264 ], [ 117.250746464202933, -0.519770162764676 ], [ 117.25106504220642, -0.519589646680918 ], [ 117.251397142229933, -0.519435798341177 ], [ 117.251740566150858, -0.519309636042754 ], [ 117.252093040896142, -0.519211994832884 ], [ 117.252452233487404, -0.519143520981744 ], [ 117.253579900851108, -0.518976058570504 ], [ 117.253349026083157, -0.517490925916731 ], [ 117.253303977703183, -0.517201013444499 ], [ 117.253253678234657, -0.516685148315348 ], [ 117.253201779099996, -0.515396447826699 ], [ 117.253203218755147, -0.514997149672289 ], [ 117.253239630387426, -0.514599534923175 ], [ 117.253310730282621, -0.514206701662831 ], [ 117.253415964446944, -0.51382171071827 ], [ 117.253737865259751, -0.512819310629879 ], [ 117.253860123933933, -0.512484354690336 ], [ 117.254008229488576, -0.512160142614965 ], [ 117.25418126024266, -0.51184869200902 ], [ 117.254378139403428, -0.511551941061218 ], [ 117.254699939706086, -0.511106041181247 ], [ 117.254901632498871, -0.510846944041372 ], [ 117.255121507614234, -0.510603298402628 ], [ 117.255358400742409, -0.510376394443367 ], [ 117.25561105745841, -0.510167433689312 ], [ 117.256072457549053, -0.509813333937442 ], [ 117.256135831359842, -0.509769219953474 ], [ 117.256174135546175, -0.509709010772824 ], [ 117.256402479343137, -0.509408666980737 ], [ 117.256654947712661, -0.509128575813941 ], [ 117.256929775753733, -0.50887069526696 ], [ 117.257203375841968, -0.508634695409468 ], [ 117.257224378160259, -0.508617803332038 ], [ 117.256747479874832, -0.507689719475091 ], [ 117.256602759934211, -0.507379881825807 ], [ 117.256481732657804, -0.507059912646813 ], [ 117.256385091362617, -0.506731644921207 ], [ 117.256313389667113, -0.506396959171272 ], [ 117.256267038319919, -0.506057772685509 ], [ 117.256246302846691, -0.505716028535246 ], [ 117.256251302029213, -0.505373684443467 ], [ 117.256282007224982, -0.505032701569667 ], [ 117.256335607543136, -0.504614301460561 ], [ 117.256394440059054, -0.504264082150389 ], [ 117.256480386229342, -0.503919589325073 ], [ 117.256592916162234, -0.503582946898469 ], [ 117.256731336068327, -0.503256230383546 ], [ 117.256894792538162, -0.502941454096313 ], [ 117.257082277803761, -0.502640558736743 ], [ 117.257292635952126, -0.502355399423838 ], [ 117.257524570051828, -0.502087734258153 ], [ 117.257776650149111, -0.501839213482581 ], [ 117.258047322084181, -0.501611369308105 ], [ 117.258334917073057, -0.501405606467264 ], [ 117.258637661996289, -0.501223193553562 ], [ 117.258953690330785, -0.501065255200238 ], [ 117.259281053657674, -0.500932765146619 ], [ 117.259617733674773, -0.500826540234725 ], [ 117.259961654640136, -0.500747235373313 ], [ 117.26031069616964, -0.500695339500159 ], [ 117.260662706309773, -0.50067117256771 ], [ 117.261015514805067, -0.500674883570479 ], [ 117.261366946478333, -0.500706449626632 ], [ 117.261714834641182, -0.500765676118987 ], [ 117.261945402453719, -0.50082397287086 ], [ 117.2618678, -0.5011912 ], [ 117.2613205, -0.5036183 ], [ 117.2609517, -0.5054742 ], [ 117.262867199999988, -0.5092814 ], [ 117.2630576, -0.5098168 ], [ 117.263140800000016, -0.5104354 ], [ 117.261484700000011, -0.5112611 ], [ 117.260699500000015, -0.5119035 ], [ 117.2602208, -0.5121817 ], [ 117.2600264, -0.5123436 ], [ 117.26000710000001, -0.5126816 ], [ 117.259935699999986, -0.5129386 ], [ 117.2595255, -0.513094 ], [ 117.2584788, -0.513782 ], [ 117.258079, -0.5144387 ], [ 117.257864899999987, -0.5154238 ], [ 117.2578363, -0.5166659 ], [ 117.2583075, -0.5186075 ], [ 117.258407399999982, -0.5197497 ], [ 117.2580003, -0.5213311 ], [ 117.2579755, -0.5217872 ], [ 117.2571944, -0.5238056 ], [ 117.2585, -0.5246389 ], [ 117.2597068, -0.5244581 ], [ 117.2603083, -0.5244277 ], [ 117.261381480274721, -0.524534976596381 ], [ 117.261361571816025, -0.524568493838869 ], [ 117.261165157803944, -0.524848575149116 ], [ 117.260563358331765, -0.525641175393834 ], [ 117.260348833844603, -0.525902770591946 ], [ 117.260115439899906, -0.526147446911254 ], [ 117.259864488957561, -0.526373828442604 ], [ 117.259597392207823, -0.526580642155059 ], [ 117.259315651635504, -0.526766725054631 ], [ 117.259020851573823, -0.526931030724347 ], [ 117.258714649795152, -0.527072635208669 ], [ 117.258398768188698, -0.527190742209295 ], [ 117.25807498307762, -0.527284687563168 ], [ 117.256615882370582, -0.527648988285718 ], [ 117.256189970384028, -0.527733577348885 ], [ 117.254680862966183, -0.527957686232913 ], [ 117.254446552781587, -0.528103395834583 ], [ 117.254643926256222, -0.528653659787796 ], [ 117.254752274470562, -0.528998241831413 ], [ 117.254832949962051, -0.52935043193601 ], [ 117.254864017416523, -0.529562065420511 ], [ 117.254961543343981, -0.529627272466782 ], [ 117.255235283847682, -0.529842748954181 ], [ 117.255491666054482, -0.530078875589399 ], [ 117.255729156777093, -0.530334240314823 ], [ 117.25594633580053, -0.530607316027684 ], [ 117.256141904374857, -0.530896469712087 ], [ 117.256314692981988, -0.531199972204556 ], [ 117.256463668329332, -0.531516008534579 ], [ 117.256587939529112, -0.531842688778186 ], [ 117.256686763425932, -0.532178059359821 ], [ 117.256759549040979, -0.532520114734815 ], [ 117.256784290590559, -0.532705331339273 ], [ 117.257060330831692, -0.532723789885037 ], [ 117.262788669275125, -0.533062440982025 ], [ 117.2628094, -0.5376315 ] ], [ [ 117.240801189837583, -0.533078471222653 ], [ 117.240683367109156, -0.533170943407922 ], [ 117.240751966787812, -0.533164395035256 ], [ 117.241104751710282, -0.533158712039935 ], [ 117.241106718341356, -0.533158758117034 ], [ 117.241338196159447, -0.533084490175283 ], [ 117.241317802235557, -0.533053563986465 ], [ 117.241161605191408, -0.532795526006328 ], [ 117.240801189837583, -0.533078471222653 ] ] ], [ [ [ 117.104557966652877, -0.486132795103344 ], [ 117.104869620740644, -0.486038009289729 ], [ 117.10498312068043, -0.486008409323483 ], [ 117.105305660410295, -0.485936914914595 ], [ 117.105533155209756, -0.485903890457593 ], [ 117.105654852421466, -0.485863966252406 ], [ 117.105723952386185, -0.485844166273863 ], [ 117.106057068804247, -0.48576240678082 ], [ 117.10639540798455, -0.485706455126511 ], [ 117.106737000020985, -0.485676637076382 ], [ 117.10707985606868, -0.485673126238584 ], [ 117.107421979923473, -0.485695943053356 ], [ 117.107761379644387, -0.485744954673905 ], [ 117.108096079151153, -0.48581987573993 ], [ 117.108424129729372, -0.485920270039108 ], [ 117.108743621376576, -0.486045553046849 ], [ 117.109052693922536, -0.486194995329515 ], [ 117.109349547859765, -0.486367726791439 ], [ 117.109632454820726, -0.48656274174082 ], [ 117.10989976764067, -0.486778904745125 ], [ 117.110149929948008, -0.48701495724188 ], [ 117.110381485225872, -0.487269524866392 ], [ 117.110593085292393, -0.4875411254536 ], [ 117.110593934509581, -0.487542305558856 ], [ 117.110752650731811, -0.487692629893948 ], [ 117.110880950707909, -0.487825829832239 ], [ 117.111133771087637, -0.488111553205402 ], [ 117.111361700839879, -0.48841776385918 ], [ 117.111445700854929, -0.488541163805222 ], [ 117.1116299253747, -0.488835458341492 ], [ 117.111791142014596, -0.489143133559792 ], [ 117.111928397463288, -0.489462370110432 ], [ 117.112014088945784, -0.489712940350093 ], [ 117.112042314774683, -0.48974702570345 ], [ 117.112109209819721, -0.489826452952993 ], [ 117.112413799538388, -0.490232330434944 ], [ 117.112502599556635, -0.490365630376721 ], [ 117.112690516916913, -0.490673647305951 ], [ 117.112853404921708, -0.490995785398767 ], [ 117.112990223499594, -0.491329987747243 ], [ 117.113100099036529, -0.491674120410853 ], [ 117.113182329954086, -0.492025986042042 ], [ 117.113229127660503, -0.492335325040631 ], [ 117.113313511105616, -0.492507070547913 ], [ 117.113448186399722, -0.492848363379269 ], [ 117.113554918423887, -0.493199528904199 ], [ 117.113633003765756, -0.49355825279643 ], [ 117.113681927806169, -0.493922170916647 ], [ 117.113701368110696, -0.494288884893066 ], [ 117.113691196554896, -0.494655977927697 ], [ 117.113651480168642, -0.495021030724022 ], [ 117.113582480694646, -0.495381637431111 ], [ 117.113495526791041, -0.495696097084309 ], [ 117.113495830199014, -0.495699611229883 ], [ 117.11351243042489, -0.496043311166266 ], [ 117.113511640107063, -0.496498485885474 ], [ 117.113489540400849, -0.49692528583511 ], [ 117.113461400314677, -0.497247116894771 ], [ 117.113410514612596, -0.497566105248837 ], [ 117.113337142844614, -0.497880623829183 ], [ 117.113265043026601, -0.498146623839518 ], [ 117.113215564470252, -0.498304681164258 ], [ 117.113240665346524, -0.498540237075762 ], [ 117.113256465501465, -0.498777437029111 ], [ 117.11326605357182, -0.499146290639832 ], [ 117.113245748611504, -0.499514703883192 ], [ 117.113195685707694, -0.499880225645139 ], [ 117.113116197932172, -0.500240424048699 ], [ 117.113007814125382, -0.500592902633653 ], [ 117.112871255378124, -0.500935316300606 ], [ 117.112707430234224, -0.501265386913256 ], [ 117.112637703322335, -0.501381180896005 ], [ 117.112627943655482, -0.501461948000616 ], [ 117.112608543741288, -0.501583947995727 ], [ 117.112543721643732, -0.50191293435732 ], [ 117.112454864724555, -0.502236181501241 ], [ 117.112342461441131, -0.502551912485007 ], [ 117.112207129689125, -0.502858391683381 ], [ 117.1120496134061, -0.503153934329439 ], [ 117.111870778481929, -0.503436915775979 ], [ 117.111671607999014, -0.503705780426524 ], [ 117.111538608061522, -0.50387208048989 ], [ 117.111438663794161, -0.503992700017045 ], [ 117.111264863860441, -0.50419520010041 ], [ 117.111023883928098, -0.504454644397945 ], [ 117.110763426547607, -0.504694255164808 ], [ 117.110485097524759, -0.504912555118609 ], [ 117.110190612850658, -0.505108198365174 ], [ 117.109881788122095, -0.505279978696357 ], [ 117.109560527347782, -0.505426837026857 ], [ 117.10922881120942, -0.505547867923929 ], [ 117.108888684850186, -0.50564232518962 ], [ 117.108542245265554, -0.505709626461495 ], [ 117.108191628374598, -0.505749356803099 ], [ 117.10783899585121, -0.505761271262214 ], [ 117.107486521796588, -0.505745296381093 ], [ 117.107136379335131, -0.505701530649426 ], [ 117.106790727216122, -0.505630243897128 ], [ 117.106451696504351, -0.505531875630719 ], [ 117.106121377441227, -0.505407032323636 ], [ 117.10580180655765, -0.505256483677171 ], [ 117.105494954118001, -0.505081157874853 ], [ 117.105202711972709, -0.504882135859999 ], [ 117.104926881894357, -0.504660644671257 ], [ 117.104669164468987, -0.50441804987739 ], [ 117.104431148611482, -0.504155847158172 ], [ 117.104214301769261, -0.503875653082824 ], [ 117.104019960874993, -0.50357919514342 ], [ 117.103849324104019, -0.503268301104134 ], [ 117.103703443487163, -0.50294488773248 ], [ 117.10358321842466, -0.502610948981745 ], [ 117.103489390141192, -0.502268543697489 ], [ 117.103422537115875, -0.501919782924095 ], [ 117.103383071516078, -0.501566816889394 ], [ 117.103371236656187, -0.501211821747774 ], [ 117.103387105497646, -0.500856986163408 ], [ 117.103398642180267, -0.500763447944373 ], [ 117.103377953830673, -0.500584836654598 ], [ 117.103364885641852, -0.500225696386963 ], [ 117.103380178324826, -0.499866645143803 ], [ 117.103423735354951, -0.499509949081848 ], [ 117.103495281816862, -0.499157859492622 ], [ 117.10359436613966, -0.498812598593495 ], [ 117.103689531196977, -0.498558627520305 ], [ 117.10367599332865, -0.498390060018391 ], [ 117.103674274085236, -0.498048100983118 ], [ 117.103698219611516, -0.497706988275951 ], [ 117.103747693065557, -0.497368671203196 ], [ 117.10383959341118, -0.496871471194948 ], [ 117.103913941212681, -0.496539289770073 ], [ 117.104012898679855, -0.496213679326921 ], [ 117.10413590511142, -0.49589648478909 ], [ 117.10422105744648, -0.495717880921247 ], [ 117.104055224865945, -0.495742812988671 ], [ 117.103710502847605, -0.495767604905791 ], [ 117.10356240274912, -0.495772504930279 ], [ 117.103236654096577, -0.495771389715938 ], [ 117.102911841644215, -0.495746520232897 ], [ 117.102589672369845, -0.495698027176334 ], [ 117.102271839360739, -0.495626165389728 ], [ 117.101960012915839, -0.495531312525629 ], [ 117.1016558317679, -0.495413967060993 ], [ 117.101483031660848, -0.49533996703445 ], [ 117.101164028985224, -0.495188202941092 ], [ 117.100857837711644, -0.495011710279801 ], [ 117.10056634561407, -0.494811577187948 ], [ 117.100291349840703, -0.49458903755431 ], [ 117.100034545833793, -0.494345463411659 ], [ 117.099797516876521, -0.494082356477724 ], [ 117.099581724331728, -0.493801338896491 ], [ 117.09938849863191, -0.493504143237154 ], [ 117.099219031076856, -0.493192601812139 ], [ 117.09907436648875, -0.49286863538022 ], [ 117.098955396770592, -0.492534241304428 ], [ 117.098862855407432, -0.492191481237494 ], [ 117.098797312944228, -0.491842468411071 ], [ 117.098759173468295, -0.491489354606923 ], [ 117.098748672118049, -0.491134316890411 ], [ 117.098765873633539, -0.490779544188137 ], [ 117.098810671957239, -0.490427223792468 ], [ 117.098882790888155, -0.49007952787611 ], [ 117.098981785784716, -0.489738600099976 ], [ 117.099107046306358, -0.489406542396757 ], [ 117.099257800176446, -0.489085402011893 ], [ 117.099433117943832, -0.488777158881532 ], [ 117.099631918713172, -0.488483713425678 ], [ 117.099852976809245, -0.488206874831515 ], [ 117.100094929333579, -0.487948349899139 ], [ 117.100356284567283, -0.487709732518629 ], [ 117.100635431167916, -0.48749249384331 ], [ 117.100930648104097, -0.48729797321956 ], [ 117.101240115266194, -0.487127369929372 ], [ 117.101561924687758, -0.486981735796524 ], [ 117.101894092308953, -0.486861968701636 ], [ 117.102234570208665, -0.486768807046662 ], [ 117.102473765133567, -0.486723283477631 ], [ 117.102729429272003, -0.486611789480854 ], [ 117.102874334145312, -0.486551596806149 ], [ 117.103061934066119, -0.48647749687264 ], [ 117.103424209575195, -0.486352062715499 ], [ 117.103795781684425, -0.486258149620097 ], [ 117.104057381535597, -0.48620384969044 ], [ 117.104419157608689, -0.486144128213175 ], [ 117.104557966652877, -0.486132795103344 ] ] ], [ [ [ 117.152363427857878, -0.399688802205521 ], [ 117.152608559219445, -0.39941116295147 ], [ 117.152790522846558, -0.399236340717094 ], [ 117.152839980370857, -0.399181945363055 ], [ 117.153097889196545, -0.398939561729508 ], [ 117.153373893316129, -0.398718296448656 ], [ 117.153666291071872, -0.398519513692534 ], [ 117.153973279734444, -0.398344439020797 ], [ 117.154292966617277, -0.398194151824833 ], [ 117.154623380745676, -0.39806957867295 ], [ 117.154962485008397, -0.39797148759788 ], [ 117.155308188717186, -0.397900483361592 ], [ 117.155658360496403, -0.397857003726859 ], [ 117.156010841423665, -0.397841316758303 ], [ 117.156363458340252, -0.397853519169776 ], [ 117.15671403724923, -0.397893535728018 ], [ 117.157060416718807, -0.397961119716691 ], [ 117.157400461208184, -0.398055854457342 ], [ 117.157732074233721, -0.398177155878471 ], [ 117.158053211294501, -0.398324276116507 ], [ 117.158361892477146, -0.398496308126605 ], [ 117.158656214662571, -0.398692191274943 ], [ 117.158934363259391, -0.398910717877808 ], [ 117.159194623391201, -0.399150540647375 ], [ 117.159435390469511, -0.399410180998099 ], [ 117.159655180086446, -0.399688038162725 ], [ 117.159852637166466, -0.399982399061463 ], [ 117.160026544321084, -0.400291448863637 ], [ 117.160175829354259, -0.400613282176679 ], [ 117.160299571872912, -0.400945914793487 ], [ 117.160397008961567, -0.401287295925594 ], [ 117.1604675398859, -0.401635320846961 ], [ 117.160510729796613, -0.401987843870236 ], [ 117.160526312410397, -0.402342691575604 ], [ 117.160514191651814, -0.402697676210536 ], [ 117.160474442245729, -0.40305060917806 ], [ 117.16040730925657, -0.403399314530058 ], [ 117.160313206577726, -0.403741642382781 ], [ 117.160192714379633, -0.404075482171503 ], [ 117.160046575533073, -0.404398775662882 ], [ 117.160029775551905, -0.404432375666182 ], [ 117.159890961404926, -0.404689012037009 ], [ 117.159780314775972, -0.404865407405668 ], [ 117.159707115655223, -0.405029203410204 ], [ 117.159537558425498, -0.405340693366825 ], [ 117.159344247642892, -0.405637830479672 ], [ 117.159128375129868, -0.405918782798535 ], [ 117.158891271810006, -0.406181818157604 ], [ 117.158634399502276, -0.406425314854752 ], [ 117.158359341908721, -0.406647771649989 ], [ 117.15806779485024, -0.406847817021126 ], [ 117.157761555811391, -0.407024217619741 ], [ 117.157442512858282, -0.407175885875191 ], [ 117.157112632998064, -0.407301886699969 ], [ 117.156773950051502, -0.407401443254799 ], [ 117.156428552113979, -0.40747394173827 ], [ 117.156078568681323, -0.407518935171088 ], [ 117.15572615752103, -0.40753614615198 ], [ 117.155373491368508, -0.407525468567939 ], [ 117.155022744531649, -0.407486968248512 ], [ 117.154676079485142, -0.407420882560014 ], [ 117.15433563353821, -0.407327618942039 ], [ 117.154003505657116, -0.40720775239553 ], [ 117.153681743524444, -0.407062021937669 ], [ 117.153372330914138, -0.406891326045617 ], [ 117.153077175460965, -0.406696717117111 ], [ 117.152798096899119, -0.40647939498198 ], [ 117.152536815843007, -0.406240699504874 ], [ 117.152294943178887, -0.40598210232442 ], [ 117.152073970133316, -0.405705197780142 ], [ 117.151875259079148, -0.405411693082635 ], [ 117.151700035136059, -0.405103397788167 ], [ 117.151549378617261, -0.404782212641978 ], [ 117.151424218368987, -0.404450117859546 ], [ 117.151325326044045, -0.40410916091784 ], [ 117.151253311344121, -0.403761443931889 ], [ 117.151208618261066, -0.403409110694526 ], [ 117.15119152233946, -0.403054333459077 ], [ 117.151202128977857, -0.402699299546694 ], [ 117.151240372779213, -0.402346197860779 ], [ 117.151306017953914, -0.401997205391599 ], [ 117.151398659773847, -0.401654473794399 ], [ 117.1514130579191, -0.401608425566097 ], [ 117.151492007895087, -0.401307398672076 ], [ 117.151605285454124, -0.400979674898955 ], [ 117.151743182636082, -0.400661656471834 ], [ 117.151904888040832, -0.40035521463375 ], [ 117.152089450179176, -0.400062152509917 ], [ 117.152141750215478, -0.39998575252625 ], [ 117.152363427857878, -0.399688802205521 ] ] ] ] } }
]
}
