{
"type": "FeatureCollection",
"name": "mediumrisk",
"crs": { "type": "name", "properties": { "name": "urn:ogc:def:crs:OGC:1.3:CRS84" } },
"features": [
{ "type": "Feature", "properties": { "osm_id": 578989032, "osm_type": "ways_line", "name": null, "waterway": "canal" }, "geometry": { "type": "MultiPolygon", "coordinates": [ [ [ [ 117.106777300000019, -0.6010389 ], [ 117.1056809, -0.6010751 ], [ 117.1053394, -0.6010118 ], [ 117.1025713, -0.5990757 ], [ 117.0999559, -0.596244 ], [ 117.09936110000001, -0.5958056 ], [ 117.0986111, -0.5956667 ], [ 117.097236, -0.595165 ], [ 117.09405, -0.593275 ], [ 117.0930839, -0.59296 ], [ 117.0927663, -0.593093 ], [ 117.0926425, -0.5930531 ], [ 117.0925987, -0.5927371 ], [ 117.0928114, -0.5925934 ], [ 117.092815799999983, -0.5925515 ], [ 117.09271, -0.592444 ], [ 117.092710700000012, -0.5923882 ], [ 117.092889, -0.592264 ], [ 117.0932745, -0.592225 ], [ 117.0933754, -0.5921508 ], [ 117.0935087, -0.5919528 ], [ 117.0934211, -0.5918462 ], [ 117.0932235, -0.5918586 ], [ 117.0931774, -0.5918976 ], [ 117.093046, -0.5918324 ], [ 117.0929299, -0.5918638 ], [ 117.0928614, -0.59181 ], [ 117.092791, -0.5917187 ], [ 117.092708, -0.5914596 ], [ 117.0927108, -0.591313 ], [ 117.0927594, -0.5912607 ], [ 117.0929031, -0.5912892 ], [ 117.0930023, -0.5912028 ], [ 117.0929928, -0.5910029 ], [ 117.0930232, -0.5909268 ], [ 117.0932536, -0.5908697 ], [ 117.0932993, -0.5908278 ], [ 117.093298, -0.5906084 ], [ 117.093505799999988, -0.590533 ], [ 117.0936805, -0.5905373 ], [ 117.093817, -0.5903443 ], [ 117.093771300000014, -0.59027 ], [ 117.0935125, -0.5903557 ], [ 117.0934078, -0.5902948 ], [ 117.0934619, -0.5899189 ], [ 117.093628, -0.5896893 ], [ 117.0936109, -0.5896636 ], [ 117.093430400000017, -0.5896191 ], [ 117.0932563, -0.5898281 ], [ 117.0931192, -0.5897967 ], [ 117.0929839, -0.5897059 ], [ 117.0930507, -0.5895237 ], [ 117.093288200000018, -0.589546 ], [ 117.09334250000002, -0.5894883 ], [ 117.093393800000015, -0.5893898 ], [ 117.093379199999987, -0.589243 ], [ 117.0932227, -0.5891646 ], [ 117.0931928, -0.5890734 ], [ 117.093212099999988, -0.5889613 ], [ 117.0932809, -0.5888491 ], [ 117.0934693, -0.5888001 ], [ 117.093527400000013, -0.588723 ], [ 117.0935146, -0.5886083 ], [ 117.0932509, -0.5885498 ], [ 117.0931591, -0.5884822 ], [ 117.0932628, -0.5881138 ], [ 117.0933503, -0.5880367 ], [ 117.09341120000002, -0.5880306 ], [ 117.093540200000021, -0.588219 ], [ 117.093762900000016, -0.5882909 ], [ 117.0937553, -0.5881562 ], [ 117.0939005, -0.5880672 ], [ 117.093878100000012, -0.587953 ], [ 117.093734799999979, -0.5878178 ], [ 117.093584, -0.5877693 ], [ 117.09327420000001, -0.5875366 ], [ 117.09307530000001, -0.5874976 ], [ 117.0930777, -0.5873381 ], [ 117.09331760000002, -0.5871154 ], [ 117.0935479, -0.5870364 ], [ 117.093825800000019, -0.5865348 ], [ 117.0939305, -0.5864491 ], [ 117.094059, -0.5864092 ], [ 117.0941647, -0.5863026 ], [ 117.0942152, -0.5860844 ], [ 117.0941338, -0.5859999 ], [ 117.094017300000019, -0.5860501 ], [ 117.093983, -0.5860166 ], [ 117.0939921, -0.5859405 ], [ 117.0940477, -0.5858537 ], [ 117.0941155, -0.5858186 ], [ 117.094426899999988, -0.5857608 ], [ 117.0945594, -0.5856496 ], [ 117.094519, -0.5852114 ], [ 117.0945838, -0.5851352 ], [ 117.094673199999988, -0.5851048 ], [ 117.094758900000016, -0.5851372 ], [ 117.0949381, -0.585301 ], [ 117.094998, -0.5852943 ], [ 117.0951368, -0.5851489 ], [ 117.095381800000013, -0.5847087 ], [ 117.0954675, -0.5846182 ], [ 117.095807800000017, -0.5845421 ], [ 117.095838700000016, -0.5844445 ], [ 117.0957031, -0.5842209 ], [ 117.095734, -0.58414 ], [ 117.095833900000017, -0.5840757 ], [ 117.095831600000011, -0.5840329 ], [ 117.095755399999987, -0.5839853 ], [ 117.0953723, -0.5841138 ], [ 117.0952486, -0.5840876 ], [ 117.0951772, -0.5840115 ], [ 117.0949702, -0.583902 ], [ 117.094944, -0.583833 ], [ 117.095355700000013, -0.5835832 ], [ 117.095362, -0.583154 ], [ 117.095493, -0.583024 ], [ 117.095512, -0.582846 ], [ 117.095429, -0.582756 ], [ 117.095158, -0.582613 ], [ 117.094839, -0.582661 ], [ 117.094744, -0.582639 ], [ 117.094687, -0.58236 ], [ 117.094768, -0.58216 ], [ 117.09448, -0.581968 ], [ 117.094537, -0.581835 ], [ 117.094644, -0.581784 ], [ 117.094854, -0.581783 ], [ 117.094959, -0.581695 ], [ 117.094954, -0.581612 ], [ 117.094539, -0.580725 ], [ 117.094547, -0.580667 ], [ 117.09472, -0.580521 ], [ 117.094718, -0.580351 ], [ 117.0946562, -0.5802869 ], [ 117.094504, -0.580129 ], [ 117.094315, -0.579791 ], [ 117.093973, -0.579445 ], [ 117.093856, -0.579247 ], [ 117.093863, -0.578998 ], [ 117.09383, -0.57894 ], [ 117.09378, -0.578915 ], [ 117.093357, -0.578932 ], [ 117.093274, -0.578883 ], [ 117.093215, -0.578792 ], [ 117.093173, -0.578618 ], [ 117.093069, -0.578535 ], [ 117.092982, -0.578561 ], [ 117.09285, -0.57872 ], [ 117.092731, -0.578963 ], [ 117.092664, -0.578947 ], [ 117.092622, -0.578881 ], [ 117.09263, -0.578781 ], [ 117.092542, -0.578428 ], [ 117.092591, -0.578303 ], [ 117.09257, -0.578216 ], [ 117.092449, -0.578151 ], [ 117.092358, -0.578176 ], [ 117.092271, -0.578252 ], [ 117.092229, -0.578543 ], [ 117.092139, -0.578532 ], [ 117.092015, -0.578442 ], [ 117.091958, -0.578261 ], [ 117.091981, -0.578125 ], [ 117.091947, -0.577967 ], [ 117.091834, -0.577922 ], [ 117.091721, -0.577945 ], [ 117.091551, -0.578193 ], [ 117.09145, -0.578182 ], [ 117.091066, -0.577809 ], [ 117.090693, -0.577594 ], [ 117.090648, -0.577459 ], [ 117.090693, -0.577312 ], [ 117.090817, -0.577267 ], [ 117.091167, -0.577267 ], [ 117.091269, -0.577165 ], [ 117.091235, -0.577052 ], [ 117.09093, -0.576916 ], [ 117.090614, -0.576916 ], [ 117.090309, -0.576781 ], [ 117.090173, -0.576792 ], [ 117.089958, -0.576973 ], [ 117.089461, -0.577233 ], [ 117.088942, -0.577222 ], [ 117.08867, -0.577278 ], [ 117.088411, -0.577493 ], [ 117.0882166, -0.5772584 ], [ 117.0880187, -0.5771435 ], [ 117.085642400000012, -0.5768666 ], [ 117.0830032, -0.5761006 ], [ 117.082550600000019, -0.5769257 ], [ 117.081646400000011, -0.5790196 ], [ 117.081051499999987, -0.5802332 ], [ 117.0803853, -0.5813277 ], [ 117.0797666, -0.5826602 ], [ 117.079576299999985, -0.583612 ], [ 117.0793145, -0.5846114 ], [ 117.0789814, -0.5862532 ], [ 117.078791, -0.586967 ], [ 117.0784817, -0.5879188 ], [ 117.078124799999983, -0.5888468 ], [ 117.07772030000001, -0.5896558 ], [ 117.0768399, -0.5904886 ], [ 117.0763164, -0.5908931 ], [ 117.0758405, -0.5913214 ], [ 117.074650799999986, -0.5919639 ], [ 117.073699, -0.5922494 ], [ 117.072985200000019, -0.592297 ], [ 117.0721048, -0.5922018 ], [ 117.0712006, -0.5919639 ], [ 117.0698681, -0.5915356 ], [ 117.070236200000011, -0.5885386 ], [ 117.0708986, -0.5859905 ], [ 117.070425, -0.5847917 ], [ 117.0715528, -0.5808722 ], [ 117.067347, -0.576505 ], [ 117.068349900000015, -0.5754632 ], [ 117.0682168, -0.5746972 ], [ 117.0678173, -0.5741706 ], [ 117.0675544, -0.5739576 ], [ 117.067422, -0.572694 ], [ 117.0660808, -0.5702319 ], [ 117.065308, -0.569011 ], [ 117.064912, -0.5679924 ], [ 117.064899276576796, -0.567964155699912 ], [ 117.065783400067133, -0.559088804299704 ], [ 117.066204643312062, -0.553144125914373 ], [ 117.066225964237603, -0.552872146403176 ], [ 117.066251356191145, -0.552600521420269 ], [ 117.066280813399572, -0.552329312716162 ], [ 117.066314329165678, -0.552058581946743 ], [ 117.066351895869445, -0.551788390659207 ], [ 117.066393504970037, -0.551518800278121 ], [ 117.066439147007614, -0.551249872091415 ], [ 117.066488811605453, -0.550981667236521 ], [ 117.066542487472432, -0.550714246686345 ], [ 117.06660016240545, -0.550447671235554 ], [ 117.067923079811422, -0.544547372775991 ], [ 117.067984523643275, -0.544282607125234 ], [ 117.068049912420619, -0.544018800792608 ], [ 117.068119231378873, -0.543756013342902 ], [ 117.068192464865945, -0.543494304110793 ], [ 117.068269596345985, -0.543233732187522 ], [ 117.068350608402966, -0.542974356407538 ], [ 117.068435482744732, -0.54271623533516 ], [ 117.068524200207023, -0.542459427251478 ], [ 117.068616740757875, -0.542203990141042 ], [ 117.068713083502047, -0.541949981678869 ], [ 117.068813206685959, -0.541697459217399 ], [ 117.07024491588399, -0.538163861936974 ], [ 117.07034876072629, -0.537912967818412 ], [ 117.070456337404508, -0.537663672275031 ], [ 117.07056762164504, -0.537416031556732 ], [ 117.070682588337732, -0.537170101540034 ], [ 117.070801211541607, -0.536925937715412 ], [ 117.070923464490633, -0.536683595174868 ], [ 117.071049319599737, -0.536443128599404 ], [ 117.071178748471155, -0.536204592246774 ], [ 117.074038559836026, -0.531026798122395 ], [ 117.074180684717916, -0.530774265848572 ], [ 117.07432681498851, -0.530524061012335 ], [ 117.07447691304823, -0.530276247990936 ], [ 117.074630940276606, -0.530030890546221 ], [ 117.074788857042179, -0.529788051808196 ], [ 117.074950622712862, -0.529547794258782 ], [ 117.075116195666098, -0.529310179715789 ], [ 117.075285533299862, -0.529075269316961 ], [ 117.075458592043432, -0.528843123504265 ], [ 117.075635327368673, -0.528613802008323 ], [ 117.075815693801559, -0.528387363833091 ], [ 117.075999644933674, -0.528163867240615 ], [ 117.076187133434374, -0.527943369736076 ], [ 117.07637811106288, -0.527725928053014 ], [ 117.076572528680657, -0.52751159813865 ], [ 117.078230130335868, -0.525713401549786 ], [ 117.07842253110087, -0.525507920781047 ], [ 117.07861809366932, -0.525305487593456 ], [ 117.07881677041415, -0.525106151286924 ], [ 117.079018512949972, -0.524909960407131 ], [ 117.079223272144716, -0.524716962733727 ], [ 117.079430998131727, -0.524527205268706 ], [ 117.079641640321768, -0.524340734224913 ], [ 117.079855147415429, -0.524157595014869 ], [ 117.080071467415664, -0.523977832239638 ], [ 117.080290547640345, -0.523801489677984 ], [ 117.080512334735147, -0.523628610275726 ], [ 117.080736774686514, -0.523459236135305 ], [ 117.080963812834909, -0.523293408505453 ], [ 117.081193393887986, -0.523131167771186 ], [ 117.081425461934145, -0.522972553444044 ], [ 117.081659960456108, -0.522817604152303 ], [ 117.081896832344754, -0.522666357631735 ], [ 117.082136019912909, -0.522518850716329 ], [ 117.082377464909513, -0.522375119329324 ], [ 117.082621108533715, -0.522235198474496 ], [ 117.082866891449257, -0.522099122227611 ], [ 117.083114753798853, -0.52196692372809 ], [ 117.083364635218913, -0.521838635171051 ], [ 117.083616474854011, -0.521714287799322 ], [ 117.083870211371959, -0.521593911895959 ], [ 117.084125782978518, -0.521477536776797 ], [ 117.084383127432616, -0.521365190783306 ], [ 117.084642182061415, -0.521256901275749 ], [ 117.084902883775626, -0.521152694626473 ], [ 117.085165169084817, -0.521052596213492 ], [ 117.087133865141368, -0.520318898955891 ], [ 117.087389622451525, -0.520225791514699 ], [ 117.087646749865641, -0.520136590376206 ], [ 117.087905188515961, -0.520051315962394 ], [ 117.088164879234583, -0.519969987796171 ], [ 117.088425762566942, -0.519892624497027 ], [ 117.08868777878547, -0.5198192437767 ], [ 117.088950867903208, -0.51974986243515 ], [ 117.089214969687575, -0.519684496356684 ], [ 117.089480023674142, -0.519623160506364 ], [ 117.09291861521119, -0.518854964280394 ], [ 117.093225340993115, -0.518789261233089 ], [ 117.093533158723361, -0.518728955197098 ], [ 117.093841974705555, -0.51867406452882 ], [ 117.099844759175411, -0.517661370492228 ], [ 117.100112240158808, -0.517618328650921 ], [ 117.100202383355693, -0.517605222483845 ], [ 117.10011875747999, -0.517565826669917 ], [ 117.099864948416467, -0.517441329150487 ], [ 117.099613113184688, -0.517312833616208 ], [ 117.099363313921657, -0.517180371771612 ], [ 117.099115612262054, -0.517043976299858 ], [ 117.09887006932297, -0.516903680854675 ], [ 117.098626745688833, -0.516759520052056 ], [ 117.098385701396523, -0.516611529461726 ], [ 117.098146995920459, -0.516459745598387 ], [ 117.097910688158009, -0.516304205912644 ], [ 117.097676836414934, -0.516144948781824 ], [ 117.097445498390925, -0.515982013500455 ], [ 117.097216731165531, -0.515815440270644 ], [ 117.096990591183953, -0.515645270192097 ], [ 117.096767134243024, -0.515471545251977 ], [ 117.096546415477761, -0.515294308314573 ], [ 117.0963284893474, -0.51511360311072 ], [ 117.096113409622149, -0.514929474226988 ], [ 117.095901229369971, -0.514741967094705 ], [ 117.09569200094333, -0.514551127978727 ], [ 117.095485775966338, -0.514357003966046 ], [ 117.095282605322112, -0.514159642954149 ], [ 117.095082539140066, -0.513959093639201 ], [ 117.094885626783665, -0.513755405504031 ], [ 117.094691916838158, -0.513548628805948 ], [ 117.094501457098659, -0.513338814564303 ], [ 117.094314294558302, -0.513126014547953 ], [ 117.094130475396653, -0.5129102812624 ], [ 117.093950044968381, -0.5126916679369 ], [ 117.093773047791984, -0.512470228511372 ], [ 117.093599527538842, -0.512246017622961 ], [ 117.093429527022408, -0.51201909059268 ], [ 117.09326308818774, -0.511789503411689 ], [ 117.093100252101024, -0.511557312727493 ], [ 117.092941058939545, -0.511322575829989 ], [ 117.092785547981677, -0.511085350637311 ], [ 117.092633757597341, -0.510845695681522 ], [ 117.092485725238319, -0.510603670094238 ], [ 117.092341487429252, -0.510359333591934 ], [ 117.092201079758453, -0.510112746461316 ], [ 117.092064536869216, -0.509863969544358 ], [ 117.091931892451228, -0.509613064223349 ], [ 117.091803179232215, -0.509360092405749 ], [ 117.09167842897007, -0.509105116508833 ], [ 117.091557672444722, -0.508848199444407 ], [ 117.091440939450735, -0.508589404603186 ], [ 117.091328258789929, -0.50832879583924 ], [ 117.091219658264237, -0.508066437454152 ], [ 117.091115164668892, -0.507802394181228 ], [ 117.091014803785768, -0.507536731169438 ], [ 117.090918600377037, -0.507269513967436 ], [ 117.090826578179048, -0.507000808507356 ], [ 117.090738759896539, -0.50673068108849 ], [ 117.090655167196886, -0.506459198360999 ], [ 117.09057582070497, -0.506186427309445 ], [ 117.090500739997893, -0.505912435236226 ], [ 117.090429943600256, -0.505637289745044 ], [ 117.090363448979517, -0.505361058724156 ], [ 117.090301272541822, -0.505083810329653 ], [ 117.090243429627705, -0.504805612968645 ], [ 117.090189934508643, -0.504526535282391 ], [ 117.090140800383196, -0.504246646129343 ], [ 117.090096039373989, -0.503966014568129 ], [ 117.090055662524591, -0.503684709840601 ], [ 117.090024344991036, -0.503439351054852 ], [ 117.090023087757714, -0.503437998804575 ], [ 117.089833417742042, -0.503227461018258 ], [ 117.089647056111957, -0.503013950029518 ], [ 117.089464048849393, -0.502797518519323 ], [ 117.089284441108674, -0.50257821988919 ], [ 117.089108277205312, -0.502356108248095 ], [ 117.088935600605083, -0.502131238399055 ], [ 117.088766453913294, -0.501903665825652 ], [ 117.088600878864312, -0.501673446678308 ], [ 117.08843891631119, -0.50144063776049 ], [ 117.088280606215662, -0.501205296514599 ], [ 117.088125987638264, -0.500967481007869 ], [ 117.087975098728663, -0.50072724991804 ], [ 117.087827976716255, -0.500484662518814 ], [ 117.087684657901065, -0.50023977866535 ], [ 117.087545177644643, -0.499992658779327 ], [ 117.087409570361444, -0.499743363834219 ], [ 117.087277869510302, -0.49949195534009 ], [ 117.087150107586183, -0.499238495328537 ], [ 117.087026316112187, -0.498983046337311 ], [ 117.08690652563169, -0.498725671394902 ], [ 117.086790765700954, -0.498466434005034 ], [ 117.086679064881679, -0.498205398130909 ], [ 117.086571450734041, -0.497942628179536 ], [ 117.086467949809872, -0.497678188985699 ], [ 117.086368587646135, -0.497412145796105 ], [ 117.086273388758585, -0.497144564253187 ], [ 117.086182376635719, -0.496875510378941 ], [ 117.086095573733061, -0.496605050558634 ], [ 117.086013001467506, -0.496333251524453 ], [ 117.085934680212105, -0.496060180338942 ], [ 117.085860629290977, -0.495785904378604 ], [ 117.085790866974719, -0.495510491317134 ], [ 117.085725410475604, -0.495234009108804 ], [ 117.085664275943657, -0.494956525971706 ], [ 117.08560747846235, -0.494678110370822 ], [ 117.085555032045178, -0.494398831001274 ], [ 117.085506949631991, -0.494118756771244 ], [ 117.08546324308594, -0.493837956785032 ], [ 117.085423923190405, -0.493556500326042 ], [ 117.085388999646483, -0.493274456839601 ], [ 117.085358481070514, -0.492991895915884 ], [ 117.085332374991964, -0.492708887272741 ], [ 117.085310687851589, -0.492425500738444 ], [ 117.08529342499979, -0.492141806234545 ], [ 117.08528059069539, -0.491857873758519 ], [ 117.08527218810454, -0.491573773366611 ], [ 117.085268219299834, -0.491289575156458 ], [ 117.085268685260033, -0.491005349249787 ], [ 117.08527358586953, -0.490721165775219 ], [ 117.08528291991864, -0.490437094850868 ], [ 117.085296685103756, -0.490153206567029 ], [ 117.085314878027987, -0.489869570968991 ], [ 117.085337494201923, -0.489586258039646 ], [ 117.085364528044735, -0.489303337682266 ], [ 117.085395972885735, -0.489020879703262 ], [ 117.085431820965781, -0.48873895379498 ], [ 117.08547206343934, -0.488457629518395 ], [ 117.085516690376622, -0.48817697628612 ], [ 117.085565690766003, -0.487897063345154 ], [ 117.08561905251689, -0.487617959759791 ], [ 117.085676762462455, -0.487339734394671 ], [ 117.085738806363111, -0.487062455897722 ], [ 117.085805168909914, -0.486786192683257 ], [ 117.085875833728366, -0.486511012915026 ], [ 117.08595078338243, -0.486236984489492 ], [ 117.086029999378894, -0.485964175019004 ], [ 117.086113462171895, -0.485692651815157 ], [ 117.086201151167671, -0.485422481872162 ], [ 117.086293044729814, -0.48515373185035 ], [ 117.086389120184478, -0.484886468059671 ], [ 117.086489353825996, -0.484620756443365 ], [ 117.086593720922721, -0.484356662561703 ], [ 117.086702195723177, -0.484094251575787 ], [ 117.08681475146237, -0.483833588231462 ], [ 117.086931360368425, -0.483574736843388 ], [ 117.087051993669391, -0.483317761279149 ], [ 117.087176621600406, -0.483062724943462 ], [ 117.087305213410971, -0.482809690762593 ], [ 117.087437737372582, -0.482558721168764 ], [ 117.087574160786545, -0.482309878084821 ], [ 117.087714449992035, -0.482063222908881 ], [ 117.087858570374493, -0.481818816499235 ], [ 117.088006486373956, -0.481576719159343 ], [ 117.08815816149405, -0.481336990622914 ], [ 117.088313558310915, -0.481099690039152 ], [ 117.088472638482386, -0.480864875958233 ], [ 117.088635362757515, -0.480632606316811 ], [ 117.088801690986273, -0.480402938423732 ], [ 117.088971582129417, -0.48017592894589 ], [ 117.089144994268537, -0.479951633894243 ], [ 117.089321884616609, -0.479730108610027 ], [ 117.089502209528362, -0.479511407751025 ], [ 117.08968592451113, -0.47929558527818 ], [ 117.089872984235797, -0.479082694442223 ], [ 117.090063342548021, -0.478872787770505 ], [ 117.090256952479578, -0.478665917054128 ], [ 117.090453766259998, -0.478462133335079 ], [ 117.090653735328317, -0.478261486893687 ], [ 117.090856810345031, -0.478064027236193 ], [ 117.09106294120437, -0.477869803082553 ], [ 117.091272077046526, -0.477678862354392 ], [ 117.091484166270376, -0.47749125216322 ], [ 117.091699156545985, -0.477307018798757 ], [ 117.091916994827727, -0.477126207717555 ], [ 117.092137627367279, -0.47694886353178 ], [ 117.092360999726893, -0.476775029998166 ], [ 117.092587056792794, -0.476604750007257 ], [ 117.092815742788829, -0.476438065572815 ], [ 117.093047001290245, -0.476275017821443 ], [ 117.093280775237574, -0.476115646982478 ], [ 117.093517006950634, -0.475959992377973 ], [ 117.093755638142966, -0.475808092413114 ], [ 117.093996609936013, -0.475659984566664 ], [ 117.094239862873707, -0.475515705381712 ], [ 117.09448533693724, -0.475375290456738 ], [ 117.094732971559736, -0.475238774436738 ], [ 117.094982705641272, -0.475106191004708 ], [ 117.095234477563878, -0.474977572873359 ], [ 117.09548822520685, -0.474852951777021 ], [ 117.09574388596198, -0.474732358463799 ], [ 117.096001396749116, -0.47461582268803 ], [ 117.096260694031542, -0.474503373202912 ], [ 117.096521713831862, -0.474395037753384 ], [ 117.096784391747619, -0.474290843069359 ], [ 117.097048662967339, -0.474190814859045 ], [ 117.097314462286334, -0.474094977802663 ], [ 117.097581724122961, -0.47400335554631 ], [ 117.097850382534688, -0.473915970696182 ], [ 117.098120371234515, -0.473832844812909 ], [ 117.098311285556491, -0.473777350706913 ], [ 117.098398379014412, -0.473743731820802 ], [ 117.098660122697723, -0.473647355489915 ], [ 117.09892331929953, -0.473555076363918 ], [ 117.099187905540035, -0.473466916629203 ], [ 117.099453817805383, -0.473382897481673 ], [ 117.099720992162815, -0.473303039121763 ], [ 117.099989364376256, -0.473227360749507 ], [ 117.100258869921518, -0.473155880559987 ], [ 117.100529444002078, -0.473088615738884 ], [ 117.100801021564394, -0.473025582458433 ], [ 117.101073537313738, -0.472966795873448 ], [ 117.101335136726604, -0.472912496151114 ], [ 117.101604916630535, -0.472858661241256 ], [ 117.101777737083424, -0.472826933307457 ], [ 117.101881131152282, -0.47280085465904 ], [ 117.102160847588806, -0.472735067029664 ], [ 117.10244157263304, -0.47267378784637 ], [ 117.102554397796212, -0.472651053496206 ], [ 117.102577146123977, -0.472645112789957 ], [ 117.102850600627306, -0.472578282046793 ], [ 117.103125060895195, -0.472515769186235 ], [ 117.103400459657351, -0.472457589530073 ], [ 117.103676729413422, -0.472403757338035 ], [ 117.103953802449652, -0.472354285804315 ], [ 117.104231610855322, -0.472309187054251 ], [ 117.10451008653952, -0.472268472141465 ], [ 117.104789161247837, -0.472232151045046 ], [ 117.105068766578981, -0.472200232667222 ], [ 117.105348834001603, -0.472172724831038 ], [ 117.105629294871193, -0.472149634278568 ], [ 117.105910080446733, -0.472130966669198 ], [ 117.106191121907628, -0.472116726578223 ], [ 117.106472350370623, -0.472106917495773 ], [ 117.10675369690658, -0.472101541825935 ], [ 117.107035092557453, -0.472100600886178 ], [ 117.107316468353162, -0.472104094906985 ], [ 117.107597755328442, -0.472112023031869 ], [ 117.107878884539915, -0.472124383317487 ], [ 117.108159787082769, -0.472141172734255 ], [ 117.108440394107802, -0.472162387166911 ], [ 117.108720636838257, -0.47218802141572 ], [ 117.109000446586606, -0.472218069197562 ], [ 117.109279754771492, -0.472252523147641 ], [ 117.109558492934497, -0.472291374821111 ], [ 117.109836592756906, -0.472334614695359 ], [ 117.110113986076456, -0.472382232172123 ], [ 117.110390604904083, -0.472434215580257 ], [ 117.110666381440438, -0.472490552178497 ], [ 117.110941248092786, -0.472551228158589 ], [ 117.111215137491271, -0.472616228648767 ], [ 117.111487982505622, -0.472685537717271 ], [ 117.111759716261531, -0.472759138376308 ], [ 117.112030272157043, -0.472837012586248 ], [ 117.112299583878894, -0.472919141259986 ], [ 117.112567585418816, -0.473005504267683 ], [ 117.112834211089577, -0.473096080441612 ], [ 117.113099395541269, -0.473190847581454 ], [ 117.113363073777094, -0.473289782459654 ], [ 117.113625181169581, -0.473392860827136 ], [ 117.113885653476117, -0.4735000574193 ], [ 117.114144426854935, -0.473611345962122 ], [ 117.114401437880673, -0.473726699178659 ], [ 117.114656623559839, -0.473846088795722 ], [ 117.114909921346396, -0.473969485550803 ], [ 117.115161269157028, -0.474096859199234 ], [ 117.115410605386302, -0.474228178521621 ], [ 117.115657868921829, -0.474363411331475 ], [ 117.115902999159289, -0.474502524483118 ], [ 117.116145936017162, -0.474645483879802 ], [ 117.116386619951513, -0.474792254482071 ], [ 117.116624991970653, -0.474942800316299 ], [ 117.116860993649468, -0.475097084483628 ], [ 117.117094567143837, -0.475255069168876 ], [ 117.117325655204795, -0.475416715649877 ], [ 117.117554201192519, -0.475581984306964 ], [ 117.117780149090251, -0.47575083463268 ], [ 117.118003443518035, -0.475923225241683 ], [ 117.118224029746187, -0.476099113880906 ], [ 117.11844185370893, -0.476278457439961 ], [ 117.118656862017389, -0.476461211961594 ], [ 117.118869001972854, -0.476647332652579 ], [ 117.119078221579642, -0.476836773894582 ], [ 117.119284469557797, -0.477029489255454 ], [ 117.119487695355744, -0.477225431500537 ], [ 117.119687849162602, -0.477424552604256 ], [ 117.119884881920427, -0.477626803761903 ], [ 117.120078745336272, -0.477832135401611 ], [ 117.120269391893942, -0.478040497196443 ], [ 117.120456774865673, -0.478251838076824 ], [ 117.120631984039818, -0.478455787896293 ], [ 117.120749742455374, -0.478579940338865 ], [ 117.120937601062934, -0.478784200058883 ], [ 117.12112231614843, -0.478991344895957 ], [ 117.121303843996188, -0.479201325826225 ], [ 117.121482141644861, -0.479414093154609 ], [ 117.121657166897421, -0.47962959652662 ], [ 117.12182887833147, -0.479847784940181 ], [ 117.12199723530874, -0.480068606757836 ], [ 117.122162197984863, -0.480292009718851 ], [ 117.1223237273188, -0.480517940951619 ], [ 117.122481785082044, -0.480746346986196 ], [ 117.1225657851368, -0.480869746770116 ], [ 117.122724817660711, -0.481107386005742 ], [ 117.122880092279374, -0.481347530612391 ], [ 117.12303157005519, -0.481590120370449 ], [ 117.123179213002686, -0.48183509444713 ], [ 117.123322984097996, -0.48208239141171 ], [ 117.123462847288152, -0.482331949251034 ], [ 117.123598767500212, -0.482583705384929 ], [ 117.123730710649895, -0.482837596681999 ], [ 117.123769475547306, -0.48291515580892 ], [ 117.123853290746808, -0.483043124277257 ], [ 117.124004313844182, -0.483281742108995 ], [ 117.12415161228661, -0.483522708001616 ], [ 117.124295150059211, -0.483765963038779 ], [ 117.124434892066574, -0.484011447744463 ], [ 117.124570804141399, -0.484259102097487 ], [ 117.12470285305271, -0.484508865546176 ], [ 117.124831006514142, -0.484760677023186 ], [ 117.124955233191727, -0.48501447496042 ], [ 117.125075502711567, -0.485270197304059 ], [ 117.125191785667312, -0.485527781529826 ], [ 117.125304053627303, -0.485787164658157 ], [ 117.125412279141557, -0.486048283269669 ], [ 117.125482369743537, -0.486225123969315 ], [ 117.125732501319376, -0.486176582319104 ], [ 117.126004241078178, -0.486128190903758 ], [ 117.126276686794697, -0.486084005077991 ], [ 117.126549774248872, -0.486044035256997 ], [ 117.126823439069369, -0.486008290862226 ], [ 117.13081380408336, -0.485518419413623 ], [ 117.130798850129963, -0.485460992577731 ], [ 117.130731194702093, -0.485183371131059 ], [ 117.130667904189238, -0.484904708389039 ], [ 117.130608994386407, -0.484625073897742 ], [ 117.13055447999524, -0.484344537445774 ], [ 117.130504374620386, -0.484063169046795 ], [ 117.13045869076619, -0.48378103892211 ], [ 117.130417439833479, -0.48349821748313 ], [ 117.130380632116712, -0.483214775313761 ], [ 117.130348276801499, -0.482930783152857 ], [ 117.130320381962235, -0.482646311876496 ], [ 117.130296954560066, -0.482361432480316 ], [ 117.130278000441308, -0.482076216061823 ], [ 117.130263524335717, -0.481790733802627 ], [ 117.130253529855622, -0.481505056950664 ], [ 117.130248019494772, -0.481219256802415 ], [ 117.130246994627811, -0.480933404685148 ], [ 117.130250455509966, -0.480647571939069 ], [ 117.130258401276933, -0.480361829899558 ], [ 117.130270829945147, -0.480076249879361 ], [ 117.130287738412207, -0.479790903150742 ], [ 117.130309122457703, -0.479505860927751 ], [ 117.130334976744237, -0.479221194348435 ], [ 117.130365294818773, -0.478936974457103 ], [ 117.130400069114316, -0.478653272186553 ], [ 117.130439290951614, -0.478370158340371 ], [ 117.130482950541534, -0.478087703575311 ], [ 117.130531036987392, -0.477805978383628 ], [ 117.130583538287667, -0.477525053075473 ], [ 117.13064044133904, -0.477244997761394 ], [ 117.130701731939709, -0.476965882334749 ], [ 117.130767394792784, -0.476687776454363 ], [ 117.130837413510264, -0.476410749527101 ], [ 117.130911770617033, -0.476134870690512 ], [ 117.13099044755522, -0.475860208795644 ], [ 117.131073424688921, -0.47558683238978 ], [ 117.131160681308984, -0.475314809699405 ], [ 117.131252195638297, -0.475044208613154 ], [ 117.131434597035948, -0.474518508721639 ], [ 117.131528629565707, -0.474254106158472 ], [ 117.131626726985857, -0.473991204618792 ], [ 117.131728865665437, -0.473729867432234 ], [ 117.1318350210001, -0.473470157551588 ], [ 117.131945167417854, -0.473212137537677 ], [ 117.132059278385313, -0.47295586954421 ], [ 117.132177326414165, -0.472701415302868 ], [ 117.132299283067667, -0.472448836108389 ], [ 117.13242511896749, -0.472198192803857 ], [ 117.132554803800986, -0.471949545766005 ], [ 117.132688306328262, -0.47170295489066 ], [ 117.132825594389814, -0.471458479578397 ], [ 117.132966634914268, -0.471216178720082 ], [ 117.133111393926356, -0.470976110682868 ], [ 117.133259836555069, -0.470738333295974 ], [ 117.133320985166804, -0.470643677906234 ], [ 117.133349999620833, -0.470589680648823 ], [ 117.133491847793849, -0.470335563643521 ], [ 117.133637743807256, -0.470083779935581 ], [ 117.134024045264667, -0.469429280502361 ], [ 117.134135541763982, -0.469242935146414 ], [ 117.134249255548312, -0.469057952671205 ], [ 117.134656956955368, -0.46840355329114 ], [ 117.134806513067758, -0.468167576370199 ], [ 117.134959677328723, -0.46793395670622 ], [ 117.135365948620844, -0.46732458100122 ], [ 117.135669564371881, -0.466744990137396 ], [ 117.135802877630354, -0.466495261506853 ], [ 117.135940061096335, -0.466247666229873 ], [ 117.136081081092613, -0.466002265087915 ], [ 117.136225903000039, -0.465759118323847 ], [ 117.136374491266267, -0.465518285627083 ], [ 117.136526809414292, -0.465279826118934 ], [ 117.136682820051547, -0.465043798338172 ], [ 117.13684248487894, -0.464810260226532 ], [ 117.13700576470039, -0.464579269114626 ], [ 117.137172619432391, -0.464350881707738 ], [ 117.137343008113817, -0.464125154072022 ], [ 117.137516888916039, -0.463902141620665 ], [ 117.137694219153175, -0.463681899100271 ], [ 117.13787495529256, -0.4634644805775 ], [ 117.138059052965417, -0.463249939425718 ], [ 117.138246466977819, -0.463038328311957 ], [ 117.138437151321654, -0.46282969918392 ], [ 117.138631059186054, -0.462624103257274 ], [ 117.138828142968819, -0.462421591003064 ], [ 117.139028354288129, -0.46222221213536 ], [ 117.139231643994421, -0.462026015598971 ], [ 117.13943796218237, -0.461833049557499 ], [ 117.140113862706585, -0.461210750776896 ], [ 117.140322413529788, -0.461021727413591 ], [ 117.140533870331581, -0.460836004853998 ], [ 117.140748181568171, -0.460653628368664 ], [ 117.140965295000072, -0.460474642412503 ], [ 117.14118515770474, -0.460299090613973 ], [ 117.141407716089475, -0.460127015764441 ], [ 117.141632915904566, -0.459958459807756 ], [ 117.141835579784129, -0.45981166117576 ], [ 117.141962858768863, -0.459683947624875 ], [ 117.142166587072722, -0.459485867268259 ], [ 117.142373390496687, -0.459291043246964 ], [ 117.14258321768942, -0.459099523937326 ], [ 117.142796016548886, -0.458911356895027 ], [ 117.143011734235088, -0.458726588843409 ], [ 117.143230317183267, -0.458545265661751 ], [ 117.143451711117237, -0.458367432373992 ], [ 117.143675861062889, -0.458193133137442 ], [ 117.143902711361633, -0.458022411231896 ], [ 117.144132205684585, -0.457855309048879 ], [ 117.144926205630668, -0.457286710470074 ], [ 117.145176706440807, -0.457110531127105 ], [ 117.145430146211638, -0.456938664433186 ], [ 117.145686451689812, -0.456771160063759 ], [ 117.145945548793705, -0.456608066433341 ], [ 117.146129895429453, -0.456496368875119 ], [ 117.146161682295968, -0.456470919278675 ], [ 117.146390546960788, -0.456290703637895 ], [ 117.146622275498316, -0.456114235967665 ], [ 117.146856807351696, -0.455941562383329 ], [ 117.147094081231515, -0.455772728008798 ], [ 117.147334035131877, -0.455607776964635 ], [ 117.147576606346462, -0.455446752356598 ], [ 117.147821731485053, -0.455289696264379 ], [ 117.148069346490047, -0.455136649730556 ], [ 117.148319386653128, -0.454987652749951 ], [ 117.148571786632274, -0.454842744259088 ], [ 117.148826480468841, -0.454701962126061 ], [ 117.149083401604699, -0.454565343140659 ], [ 117.149342482899712, -0.454432923004713 ], [ 117.149667682590191, -0.454270023553121 ], [ 117.14992008642102, -0.454146056173236 ], [ 117.150174383436422, -0.4540260740194 ], [ 117.150430511553651, -0.453910106383196 ], [ 117.150688408242985, -0.453798181576148 ], [ 117.150948010542905, -0.45369032692278 ], [ 117.151209255075486, -0.453586568753937 ], [ 117.151472078061914, -0.453486932400404 ], [ 117.151736415338107, -0.453391442186651 ], [ 117.15200220237017, -0.453300121424937 ], [ 117.152038247141036, -0.453288366651238 ], [ 117.151981348532317, -0.453013134905668 ], [ 117.151927815907314, -0.452731953019075 ], [ 117.151878709189887, -0.452449953656421 ], [ 117.151834040673464, -0.452167207416315 ], [ 117.151793821540252, -0.451883785084327 ], [ 117.1517580618587, -0.451599757615284 ], [ 117.151726770580709, -0.451315196115514 ], [ 117.151699955539556, -0.451030171825013 ], [ 117.15167762344791, -0.450744756099649 ], [ 117.151659779896036, -0.450459020393253 ], [ 117.15164642935062, -0.450173036239783 ], [ 117.151637575153416, -0.449886875235381 ], [ 117.151633219520576, -0.449600609020424 ], [ 117.15163336354199, -0.449314309261678 ], [ 117.151638007181063, -0.449028047634249 ], [ 117.151647149274766, -0.44874189580372 ], [ 117.151660787533828, -0.448455925408154 ], [ 117.151678918543382, -0.448170208040195 ], [ 117.151691919007575, -0.447988007911524 ], [ 117.151714678025812, -0.447701012200716 ], [ 117.1517419700819, -0.447414417364305 ], [ 117.151773788265729, -0.447128295959973 ], [ 117.151810124521305, -0.446842720425514 ], [ 117.151850969648763, -0.446557763060552 ], [ 117.151882070186318, -0.446352362959183 ], [ 117.151930378353711, -0.446050463948205 ], [ 117.151983747419635, -0.445749429885657 ], [ 117.152042162141399, -0.445449346746024 ], [ 117.152070807511492, -0.445308508785937 ], [ 117.152100456062101, -0.44513095389487 ], [ 117.152148413147145, -0.444867645087579 ], [ 117.152200234417123, -0.444605079334032 ], [ 117.152255908529241, -0.444343314103273 ], [ 117.152315423297438, -0.444082406689114 ], [ 117.152354924424543, -0.443920272055495 ], [ 117.152361537172183, -0.443887084309287 ], [ 117.152374922131031, -0.443810910849165 ], [ 117.152375546048148, -0.44380749226563 ], [ 117.152316996535319, -0.443646373340694 ], [ 117.152224437595734, -0.443378748367779 ], [ 117.15213605328627, -0.443109696947144 ], [ 117.152051865284918, -0.442839285070212 ], [ 117.151971894240447, -0.442567579062079 ], [ 117.151896159767261, -0.442294645565278 ], [ 117.151824680440697, -0.442020551523351 ], [ 117.151757473792344, -0.441745364164557 ], [ 117.151694556305799, -0.441469150985265 ], [ 117.151645821448525, -0.441238691430465 ], [ 117.151588600293294, -0.44110761166059 ], [ 117.151479542727245, -0.440846787085334 ], [ 117.151374550363215, -0.440584277407817 ], [ 117.151273648881457, -0.440320146836553 ], [ 117.151176862961591, -0.440054459976533 ], [ 117.151084216276573, -0.439787281813401 ], [ 117.150995731486901, -0.439518677697561 ], [ 117.150911430235084, -0.439248713328201 ], [ 117.150831333140403, -0.438977454737201 ], [ 117.150755459793785, -0.438704968272985 ], [ 117.150683828753003, -0.438431320584351 ], [ 117.150616457538263, -0.438156578604063 ], [ 117.150553362627718, -0.43788080953258 ], [ 117.150494559453676, -0.437604080821555 ], [ 117.150440062398616, -0.437326460157353 ], [ 117.150389884791764, -0.437048015444538 ], [ 117.150344038905871, -0.436768814789188 ], [ 117.15030253595414, -0.436488926482278 ], [ 117.150265386087483, -0.436208418982981 ], [ 117.150232598392122, -0.435927360901918 ], [ 117.150204180887258, -0.43564582098437 ], [ 117.150180140523204, -0.435363868093446 ], [ 117.150160483179604, -0.435081571193297 ], [ 117.150145213664089, -0.434798999332197 ], [ 117.150134335710987, -0.434516221625637 ], [ 117.150127851980528, -0.434233307239481 ], [ 117.150125764058089, -0.433950325373003 ], [ 117.150128072453882, -0.433667345241976 ], [ 117.150134776602783, -0.433384436061763 ], [ 117.15013747680959, -0.433298635992948 ], [ 117.150148964866673, -0.433007618752609 ], [ 117.150165104230069, -0.432716825354829 ], [ 117.150185890717935, -0.432426331137334 ], [ 117.1502113189444, -0.432136211360313 ], [ 117.150241382321127, -0.431846541186935 ], [ 117.150276073058834, -0.431557395663903 ], [ 117.15031538216941, -0.431268849701959 ], [ 117.150359299468292, -0.4309809780565 ], [ 117.150407813576976, -0.430693855308251 ], [ 117.150460911926075, -0.430407555843885 ], [ 117.150518580758543, -0.430122153836742 ], [ 117.150580805133217, -0.429837723227691 ], [ 117.15064756892869, -0.429554337705911 ], [ 117.150718854847554, -0.429272070689787 ], [ 117.150794644420756, -0.428990995307965 ], [ 117.150881345216121, -0.428679395259348 ], [ 117.150922970833349, -0.428533766061808 ], [ 117.150937257914293, -0.428475802496324 ], [ 117.15101045931452, -0.428197800437723 ], [ 117.151041659607358, -0.428083000417534 ], [ 117.151065260289172, -0.427998775674522 ], [ 117.151086463537808, -0.427866580441245 ], [ 117.151136559204062, -0.427583010052952 ], [ 117.151191132022788, -0.42730027831279 ], [ 117.151250168166484, -0.427018456855647 ], [ 117.151313652676805, -0.426737617085754 ], [ 117.151381569468427, -0.426457830158657 ], [ 117.1514539013329, -0.426179166963114 ], [ 117.151530629943238, -0.425901698103117 ], [ 117.151611735858424, -0.425625493880112 ], [ 117.151697198528396, -0.425350624275067 ], [ 117.151786996299265, -0.425077158930813 ], [ 117.151881106418742, -0.424805167134385 ], [ 117.151979505041908, -0.424534717799439 ], [ 117.152082167237381, -0.424265879448817 ], [ 117.152189066993472, -0.423998720197221 ], [ 117.152300177224831, -0.42373330773387 ], [ 117.152415469779342, -0.423469709305398 ], [ 117.152534915445301, -0.423207991698849 ], [ 117.152658483958589, -0.422948221224675 ], [ 117.152786144010676, -0.422690463700017 ], [ 117.152917863256278, -0.422434784431972 ], [ 117.153053608321699, -0.422181248201077 ], [ 117.153193344813189, -0.421929919244882 ], [ 117.153337037325798, -0.421680861241665 ], [ 117.153383337498795, -0.421602061294256 ], [ 117.153526827029523, -0.421362108856607 ], [ 117.153673988615211, -0.421124421019287 ], [ 117.153752530499332, -0.421001832756741 ], [ 117.153596298616392, -0.420984683799989 ], [ 117.15331614669654, -0.420949441740283 ], [ 117.153036579205022, -0.420909774046527 ], [ 117.152757665121413, -0.420865690506065 ], [ 117.152479473264137, -0.420817201995712 ], [ 117.152202072273369, -0.42076432047923 ], [ 117.151925530594198, -0.420707059004256 ], [ 117.151649916459633, -0.420645431699153 ], [ 117.151375297873841, -0.420579453769458 ], [ 117.151101742595387, -0.420509141494205 ], [ 117.150829318120486, -0.420434512221864 ], [ 117.150558091666241, -0.420355584366079 ], [ 117.15028813015428, -0.420272377401054 ], [ 117.15001950019402, -0.420184911856911 ], [ 117.149752268066408, -0.420093209314441 ], [ 117.149486499707479, -0.419997292399876 ], [ 117.149222260692042, -0.419897184779327 ], [ 117.148959616217638, -0.419792911152873 ], [ 117.148698631088294, -0.41968449724851 ], [ 117.148439369698664, -0.419571969815795 ], [ 117.148181896018073, -0.419455356619262 ], [ 117.147926273574782, -0.419334686431543 ], [ 117.147672565440175, -0.419209989026275 ], [ 117.147420834213435, -0.419081295170754 ], [ 117.147171142005831, -0.418948636618382 ], [ 117.146923550425655, -0.418812046100752 ], [ 117.146678120562797, -0.41867155731967 ], [ 117.146434912973774, -0.418527204938754 ], [ 117.146193987666862, -0.418379024574934 ], [ 117.145955404087061, -0.418227052789627 ], [ 117.145719221101714, -0.418071327079735 ], [ 117.145485496985742, -0.417911885868444 ], [ 117.145254289407447, -0.417748768495603 ], [ 117.145025655414116, -0.417582015208185 ], [ 117.144799651418111, -0.41741166715026 ], [ 117.144576333182812, -0.417237766352803 ], [ 117.144355755808903, -0.417060355723474 ], [ 117.144137973720873, -0.416879479035858 ], [ 117.143923040653405, -0.41669518091881 ], [ 117.143711009638238, -0.416507506845317 ], [ 117.1435019329911, -0.416316503121392 ], [ 117.143295862298743, -0.41612221687455 ], [ 117.143092848406198, -0.415924696042241 ], [ 117.142892941404284, -0.415723989360045 ], [ 117.142696190617215, -0.415520146349551 ], [ 117.142502644590479, -0.415313217306222 ], [ 117.142312351078786, -0.415103253286962 ], [ 117.142125357034288, -0.414890306097492 ], [ 117.141941708595098, -0.414674428279609 ], [ 117.141761451073805, -0.414455673098195 ], [ 117.141584628946291, -0.414234094528104 ], [ 117.141411285840874, -0.414009747240768 ], [ 117.141241464527354, -0.413782686590829 ], [ 117.141075206906649, -0.413552968602374 ], [ 117.140912554000352, -0.413320649955131 ], [ 117.140753545940598, -0.413085787970569 ], [ 117.140598221960218, -0.41284844059762 ], [ 117.140446620383045, -0.412608666398511 ], [ 117.140298778614422, -0.412366524534184 ], [ 117.140154733132036, -0.412122074749838 ], [ 117.140014519476864, -0.411875377360079 ], [ 117.139878172244408, -0.411626493234082 ], [ 117.139745725076196, -0.411375483780564 ], [ 117.139617210651451, -0.411122410932628 ], [ 117.139492660679039, -0.410867337132537 ], [ 117.139372105889592, -0.410610325316183 ], [ 117.139255576028063, -0.410351438897679 ], [ 117.139143099846251, -0.41009074175369 ], [ 117.139034705095725, -0.409828298207574 ], [ 117.138930418521113, -0.409564173013657 ], [ 117.138830265853244, -0.409298431341143 ], [ 117.138734271803102, -0.409031138758087 ], [ 117.138642460055522, -0.408762361215228 ], [ 117.138554853263358, -0.40849216502967 ], [ 117.138471473042017, -0.408220616868523 ], [ 117.138392339964014, -0.407947783732519 ], [ 117.13831747355394, -0.407673732939416 ], [ 117.138246892283632, -0.407398532107377 ], [ 117.138180613567613, -0.407122249138363 ], [ 117.138118653758866, -0.406844952201318 ], [ 117.138061028144634, -0.406566709715332 ], [ 117.138007750942847, -0.406287590332841 ], [ 117.137958835298448, -0.406007662922605 ], [ 117.137914293280289, -0.405726996552722 ], [ 117.137874135878036, -0.405445660473675 ], [ 117.137838372999511, -0.40516372410116 ], [ 117.137807013468276, -0.404881256998927 ], [ 117.137780065021389, -0.404598328861766 ], [ 117.137757534307568, -0.404315009498109 ], [ 117.137739426885489, -0.404031368813014 ], [ 117.137725747222447, -0.40374747679072 ], [ 117.137716498693251, -0.403463403477547 ], [ 117.137711683579397, -0.403179218964497 ], [ 117.137711303068443, -0.402894993370021 ], [ 117.137715357253853, -0.402610796822676 ], [ 117.137723845134872, -0.402326699443884 ], [ 117.137736764616719, -0.402042771330543 ], [ 117.137754112511274, -0.40175908253782 ], [ 117.137775884537703, -0.401475703061811 ], [ 117.137802075323634, -0.401192702822281 ], [ 117.137832678406383, -0.400910151645413 ], [ 117.137867686234628, -0.400628119246599 ], [ 117.137907090170216, -0.400346675213217 ], [ 117.137950880490365, -0.400065888987443 ], [ 117.137999046389936, -0.399785829849196 ], [ 117.138051575984278, -0.399506566898916 ], [ 117.138108456312011, -0.399228169040644 ], [ 117.138169673338268, -0.398950704964935 ], [ 117.138235211958204, -0.398674243131954 ], [ 117.138305056000675, -0.398398851754574 ], [ 117.138379188232221, -0.398124598781508 ], [ 117.13840601518605, -0.398031169985326 ], [ 117.138455870026803, -0.397842304284852 ], [ 117.138534086631992, -0.397563996100291 ], [ 117.1386167120517, -0.397286982081474 ], [ 117.138703725174224, -0.397011333006842 ], [ 117.138795103766796, -0.39673711930611 ], [ 117.13889082448128, -0.396464411042223 ], [ 117.138990862860069, -0.396193277893508 ], [ 117.139095193342385, -0.395923789135778 ], [ 117.139203789270852, -0.395656013624721 ], [ 117.139316622898178, -0.39539001977829 ], [ 117.139433665394364, -0.395125875559143 ], [ 117.1395548868541, -0.394863648457405 ], [ 117.139680256304189, -0.394603405473342 ], [ 117.139809741711744, -0.394345213100223 ], [ 117.139943309992177, -0.39408913730742 ], [ 117.140080927017721, -0.393835243523469 ], [ 117.140222557626174, -0.39358359661937 ], [ 117.140368165629823, -0.393334260892091 ], [ 117.140517713824707, -0.393087300047984 ], [ 117.140671164000182, -0.392842777186657 ], [ 117.140828476948613, -0.392600754784801 ], [ 117.140989612475423, -0.392361294680189 ], [ 117.141041912617283, -0.392284894745613 ], [ 117.141200930041975, -0.392056392927126 ], [ 117.141363428204244, -0.391830386542871 ], [ 117.141529368470884, -0.391606929324249 ], [ 117.141698711390404, -0.391386074396641 ], [ 117.141871416702386, -0.391167874266723 ], [ 117.142047443346996, -0.390952380810005 ], [ 117.14222674947483, -0.390739645258517 ], [ 117.142409292456733, -0.390529718188574 ], [ 117.142595028894135, -0.390322649508845 ], [ 117.142783914629192, -0.390118488448353 ], [ 117.142975904755318, -0.389917283544916 ], [ 117.143170953627987, -0.389719082633483 ], [ 117.143369014875361, -0.389523932834867 ], [ 117.143396970974649, -0.389497224754781 ], [ 117.143461460768421, -0.389432683375228 ], [ 117.143664787256284, -0.389235489363939 ], [ 117.14387116537641, -0.38904153484086 ], [ 117.144080544207938, -0.388850867661124 ], [ 117.144292872089693, -0.388663534868763 ], [ 117.144508096632819, -0.388479582685123 ], [ 117.144726164733797, -0.388299056497426 ], [ 117.144947022587516, -0.388122000847562 ], [ 117.14517061570055, -0.387948459421102 ], [ 117.145396888904585, -0.387778475036581 ], [ 117.145625786370047, -0.387612089634828 ], [ 117.14585725161993, -0.387449344268707 ], [ 117.14609122754365, -0.387290279092952 ], [ 117.146327656411117, -0.387134933354244 ], [ 117.146566479887099, -0.38698334538157 ], [ 117.146807639045505, -0.386835552576737 ], [ 117.147051074383967, -0.386691591405118 ], [ 117.147296725838572, -0.386551497386741 ], [ 117.147544532798506, -0.386415305087436 ], [ 117.14779443412128, -0.386283048110333 ], [ 117.148046368147547, -0.386154759087614 ], [ 117.148300272716497, -0.386030469672377 ], [ 117.148556085181085, -0.385910210530919 ], [ 117.148813742423627, -0.385794011335131 ], [ 117.149073180871142, -0.385681900755141 ], [ 117.149334336511316, -0.385573906452281 ], [ 117.149597144908029, -0.385470055072263 ], [ 117.149861541217504, -0.385370372238592 ], [ 117.150127460204104, -0.385274882546263 ], [ 117.150394836256524, -0.385183609555657 ], [ 117.150663603403956, -0.385096575786734 ], [ 117.15093369533237, -0.385013802713532 ], [ 117.151205045400943, -0.384935310758813 ], [ 117.151477586658331, -0.384861119289007 ], [ 117.151751251859338, -0.384791246609523 ], [ 117.152025973481514, -0.38472570996012 ], [ 117.152301683741712, -0.38466452551076 ], [ 117.152578314612811, -0.384607708357526 ], [ 117.152855797840701, -0.384555272518956 ], [ 117.153134064960838, -0.384507230932579 ], [ 117.153413047315311, -0.384463595451703 ], [ 117.153692676069781, -0.384424376842482 ], [ 117.153972882230391, -0.384389584781302 ], [ 117.15425359666088, -0.38435922785237 ], [ 117.154534750099501, -0.384333313545561 ], [ 117.154816273176294, -0.384311848254661 ], [ 117.155098096429981, -0.38429483727567 ], [ 117.155380150325342, -0.384282284805617 ], [ 117.15566236527026, -0.384274193941417 ], [ 117.155944671632753, -0.384270566679179 ], [ 117.156226999758417, -0.384271403913718 ], [ 117.156509279987461, -0.384276705438234 ], [ 117.156791442671889, -0.384286469944531 ], [ 117.157073418192738, -0.384300695023152 ], [ 117.157355136977159, -0.384319377164139 ], [ 117.157636529515798, -0.384342511757787 ], [ 117.157917526379663, -0.384370093095843 ], [ 117.158198058237417, -0.384402114372889 ], [ 117.15847805587255, -0.384438567687991 ], [ 117.158757450200255, -0.384479444046755 ], [ 117.159036172284644, -0.384524733363402 ], [ 117.15931415335568, -0.384574424463392 ], [ 117.159591324826152, -0.384628505086043 ], [ 117.159867618308652, -0.384686961887724 ], [ 117.160142965632346, -0.38474978044498 ], [ 117.160417298859869, -0.384816945258201 ], [ 117.160690550304039, -0.384888439755399 ], [ 117.160962652544711, -0.384964246296318 ], [ 117.161233538445117, -0.385044346176784 ], [ 117.161503141168723, -0.385128719633282 ], [ 117.161771394195526, -0.385217345847921 ], [ 117.162038231338599, -0.385310202953462 ], [ 117.162303586760288, -0.385407268038768 ], [ 117.162567394988599, -0.385508517154494 ], [ 117.162829590933242, -0.385613925318923 ], [ 117.163090109901745, -0.385723466524198 ], [ 117.163348887615356, -0.38583711374264 ], [ 117.163605860225033, -0.385954838933542 ], [ 117.163860964327043, -0.386076613050025 ], [ 117.164114136978654, -0.38620240604615 ], [ 117.164365315713766, -0.386332186884468 ], [ 117.164614438558147, -0.386465923543535 ], [ 117.164861444044917, -0.386603583025897 ], [ 117.165106271229561, -0.386745131366219 ], [ 117.165348859704991, -0.386890533639652 ], [ 117.165589149616494, -0.387039753970448 ], [ 117.165827081676539, -0.387192755540825 ], [ 117.166062597179334, -0.387349500600046 ], [ 117.166295638015214, -0.387509950473725 ], [ 117.166526146685271, -0.387674065573411 ], [ 117.166754066315207, -0.387841805406247 ], [ 117.166979340669627, -0.388013128585113 ], [ 117.167201914165759, -0.388187992838721 ], [ 117.167421731887174, -0.388366355022093 ], [ 117.167638739597464, -0.388548171127182 ], [ 117.167852883753497, -0.388733396293756 ], [ 117.16806411151866, -0.388921984820482 ], [ 117.168272370775938, -0.389113890176108 ], [ 117.168477610140656, -0.389309065011095 ], [ 117.168649641281391, -0.389477885878128 ], [ 117.168780842743558, -0.389399578391108 ], [ 117.169029174015947, -0.389256689132439 ], [ 117.169279732503057, -0.389117796272134 ], [ 117.169532454751248, -0.388982934984383 ], [ 117.169787276758925, -0.388852139422369 ], [ 117.16987408110478, -0.388809322543786 ], [ 117.169916639741388, -0.388785328256044 ], [ 117.170167505175172, -0.388649107176637 ], [ 117.170420484788508, -0.388516908071936 ], [ 117.170675514962042, -0.388388764187141 ], [ 117.170932531560751, -0.388264707747609 ], [ 117.171191469950102, -0.388144769950843 ], [ 117.17145226501232, -0.388028980958576 ], [ 117.171714851162662, -0.387917369889134 ], [ 117.171979162366014, -0.387809964810275 ], [ 117.172245132153478, -0.387706792731961 ], [ 117.172512693639021, -0.387607879599665 ], [ 117.172781779536365, -0.387513250287801 ], [ 117.172831375185851, -0.387496692591344 ], [ 117.173022246272268, -0.387423830646114 ], [ 117.173283853316832, -0.387328601804623 ], [ 117.173324953269841, -0.387314001867056 ], [ 117.173583852651149, -0.387224259603096 ], [ 117.173844079971204, -0.387138498242261 ], [ 117.174105574836574, -0.387056737687823 ], [ 117.174368276559647, -0.386978996914543 ], [ 117.174632124172788, -0.386905293964253 ], [ 117.174897056442347, -0.386835645941717 ], [ 117.175163011883029, -0.38677006901063 ], [ 117.175429928772104, -0.38670857838983 ], [ 117.175697745163632, -0.386651188349844 ], [ 117.175748645080176, -0.386640688418728 ], [ 117.176023231905702, -0.386586283930705 ], [ 117.176298626847156, -0.386536189960417 ], [ 117.17639359952959, -0.386520447648477 ], [ 117.176511407293006, -0.386492054740466 ], [ 117.176784639217004, -0.386430716276035 ], [ 117.177058786939696, -0.386373669295249 ], [ 117.177333783958076, -0.386320927636438 ], [ 117.177609563563195, -0.386272504093503 ], [ 117.177886058856217, -0.386228410412856 ], [ 117.178163202764665, -0.386188657290597 ], [ 117.178440928058791, -0.386153254369844 ], [ 117.178719167367817, -0.38612221023848 ], [ 117.178824687375794, -0.386111273723303 ], [ 117.178830730512004, -0.386110268784407 ], [ 117.179108935424466, -0.386068496321622 ], [ 117.179387755602292, -0.386031111857828 ], [ 117.179667122760378, -0.385998124548564 ], [ 117.179946968479598, -0.385969542472481 ], [ 117.1802272242237, -0.38594537262933 ], [ 117.180507821356017, -0.385925620938248 ], [ 117.180788691156209, -0.385910292236409 ], [ 117.181069764837233, -0.385899390277675 ], [ 117.181350973562118, -0.385892917731835 ], [ 117.181632248460815, -0.385890876183854 ], [ 117.181913520647029, -0.38589326613351 ], [ 117.182194721235206, -0.385900086995266 ], [ 117.182475781357311, -0.385911337098468 ], [ 117.182756632179689, -0.385927013687632 ], [ 117.183037204919998, -0.385947112923257 ], [ 117.183317430863966, -0.385971629882695 ], [ 117.183597241382259, -0.386000558561367 ], [ 117.183876567947323, -0.38603389187418 ], [ 117.184005367642811, -0.386050291967257 ], [ 117.184279582610628, -0.38608736868778 ], [ 117.184553198177966, -0.38612869031767 ], [ 117.184826149510585, -0.386174247065386 ], [ 117.185098371931645, -0.386224028135914 ], [ 117.185369800937067, -0.386278021733233 ], [ 117.18564037221077, -0.386336215063157 ], [ 117.185910021639884, -0.386398594336356 ], [ 117.186178685330006, -0.386465144771658 ], [ 117.186446299620314, -0.386535850599465 ], [ 117.186712801098636, -0.386610695065585 ], [ 117.186978126616452, -0.386689660435153 ], [ 117.187242213303946, -0.386772727996832 ], [ 117.187504998584828, -0.386859878067287 ], [ 117.187766420191181, -0.386951089995762 ], [ 117.188026416178189, -0.387046342169094 ], [ 117.18814058746861, -0.387090185042957 ], [ 117.188323554248115, -0.387112369995952 ], [ 117.188603489870843, -0.38715081557282 ], [ 117.188882790635972, -0.387193686086992 ], [ 117.189161387533261, -0.387240970945673 ], [ 117.189439211726381, -0.387292658465443 ], [ 117.189716194569883, -0.387348735874985 ], [ 117.18999226762628, -0.387409189318353 ], [ 117.190267362682818, -0.38747400385836 ], [ 117.190541411768436, -0.387543163480284 ], [ 117.190814347170502, -0.387616651095762 ], [ 117.191086101451532, -0.387694448547122 ], [ 117.191356607465906, -0.387776536611794 ], [ 117.191625798376378, -0.38786289500703 ], [ 117.191893607670735, -0.38795350239503 ], [ 117.192159969178093, -0.388048336388091 ], [ 117.192424817085239, -0.388147373554244 ], [ 117.192688085952994, -0.388250589422926 ], [ 117.192786845212268, -0.388291119567153 ], [ 117.192934566106942, -0.388321140890438 ], [ 117.193211208005138, -0.388381944096594 ], [ 117.193486864103349, -0.388447127081011 ], [ 117.193761465987919, -0.388516673666031 ], [ 117.194034945506758, -0.388590566591007 ], [ 117.194307234786407, -0.388668787516609 ], [ 117.19457826624874, -0.388751317029359 ], [ 117.194847972627869, -0.388838134646469 ], [ 117.195116286986675, -0.388929218820862 ], [ 117.195383142733647, -0.389024546946613 ], [ 117.195648473639196, -0.389124095364511 ], [ 117.195682860858682, -0.389137621811473 ], [ 117.195919022729313, -0.389086292110529 ], [ 117.196196654428903, -0.389030541239628 ], [ 117.196475123915704, -0.388979199418879 ], [ 117.196754362105537, -0.388932279385178 ], [ 117.197034299723498, -0.388889792778459 ], [ 117.197314867321282, -0.388851750138817 ], [ 117.197595995294179, -0.388818160903825 ], [ 117.197633590166461, -0.38881427250871 ], [ 117.197839725484386, -0.388737162780567 ], [ 117.198107242235636, -0.388641902897747 ], [ 117.19815863963008, -0.388624514890701 ], [ 117.198162783200061, -0.388622714896391 ], [ 117.198421565337341, -0.388515080602438 ], [ 117.198681981572136, -0.388411517665391 ], [ 117.198943968707042, -0.388312051217517 ], [ 117.199207463163447, -0.388216705396954 ], [ 117.199472400996939, -0.388125503341814 ], [ 117.199738717912837, -0.388038467184633 ], [ 117.200006349281779, -0.387955618046953 ], [ 117.200275230155526, -0.387876976034258 ], [ 117.200545295282467, -0.387802560230993 ], [ 117.200816479123731, -0.387732388696044 ], [ 117.201036961189331, -0.387679008594183 ], [ 117.201063347013317, -0.387659107315784 ], [ 117.201089712736518, -0.387638718998279 ], [ 117.201176320117256, -0.387573898332652 ], [ 117.201262688708923, -0.387508755570449 ], [ 117.201289605556596, -0.387489110665645 ], [ 117.201316286134968, -0.387469141779568 ], [ 117.201403894194087, -0.387405698615725 ], [ 117.201491268517827, -0.387341929620045 ], [ 117.201518488553461, -0.387322712769803 ], [ 117.201545477404508, -0.387303168241758 ], [ 117.201634064525294, -0.387241118233736 ], [ 117.20172242302344, -0.387178738738003 ], [ 117.201749939531382, -0.387159954683441 ], [ 117.201777229995514, -0.387140839336041 ], [ 117.201866774318674, -0.387080197794863 ], [ 117.201956095191818, -0.387019223188964 ], [ 117.20198390138367, -0.387000876564144 ], [ 117.202011486726462, -0.386982195114393 ], [ 117.202101966158907, -0.386922977001797 ], [ 117.202192227367803, -0.386863422330736 ], [ 117.20222031638103, -0.386845517663534 ], [ 117.20224818979797, -0.386827274719575 ], [ 117.202339582019064, -0.386769494644174 ], [ 117.20243076128925, -0.386711374604562 ], [ 117.202459126193403, -0.386693916312564 ], [ 117.202487280807048, -0.386676116375632 ], [ 117.202579563265374, -0.386619788594869 ], [ 117.202671638101492, -0.386563117525641 ], [ 117.202700271898522, -0.386546109916037 ], [ 117.202728700761568, -0.386528757378321 ], [ 117.202821850685609, -0.386473895791457 ], [ 117.202914798371722, -0.386418687673891 ], [ 117.202943693997483, -0.386402134942565 ], [ 117.202972390094757, -0.386385234085977 ], [ 117.203066384500772, -0.386331852229338 ], [ 117.203160182103872, -0.386278120684928 ], [ 117.203189332427982, -0.386262026916426 ], [ 117.203218288679906, -0.386245581910511 ], [ 117.203305494720496, -0.38619785742475 ], [ 117.203319078376637, -0.386186243804133 ], [ 117.20334375736185, -0.386165806955413 ], [ 117.203368187835238, -0.386145069703776 ], [ 117.203452775839693, -0.386075527952713 ], [ 117.203537117685542, -0.386005683848744 ], [ 117.203562112492193, -0.38598563976476 ], [ 117.20358686350329, -0.385965291386428 ], [ 117.203672526093285, -0.3858970957901 ], [ 117.203757947276571, -0.385828593982459 ], [ 117.203783251737121, -0.385808947609154 ], [ 117.203808317179394, -0.385788993124354 ], [ 117.203895033221798, -0.385722160506579 ], [ 117.203981512663205, -0.385655017899314 ], [ 117.204007120533262, -0.385635774084774 ], [ 117.204032494223057, -0.38561621841626 ], [ 117.204120242322716, -0.385550765266369 ], [ 117.204207758683921, -0.385484998426327 ], [ 117.204233663645411, -0.385466161918355 ], [ 117.204259339321837, -0.385447009891463 ], [ 117.20434809782715, -0.385382952359731 ], [ 117.204436629515783, -0.385318577512986 ], [ 117.204462825177117, -0.38530015295915 ], [ 117.20448879650499, -0.385281409299355 ], [ 117.204578543515339, -0.385218763191493 ], [ 117.204668068688278, -0.385155796220901 ], [ 117.204694548586758, -0.385137788166633 ], [ 117.204720809157337, -0.385119457499158 ], [ 117.204811522528118, -0.385058238272605 ], [ 117.204902019097148, -0.384996694713645 ], [ 117.204928776698765, -0.384979107602524 ], [ 117.204955320033122, -0.384961194449747 ], [ 117.20504697738258, -0.384901417209001 ], [ 117.20513842301861, -0.384841312246839 ], [ 117.205165451721641, -0.38482415041795 ], [ 117.205192271270306, -0.384806659199891 ], [ 117.205284849984025, -0.384748338693528 ], [ 117.205377222123502, -0.384689687158519 ], [ 117.205404515258564, -0.384672954846549 ], [ 117.205431604404609, -0.384655889878565 ], [ 117.20552508163972, -0.384599040496439 ], [ 117.205618357491659, -0.384541856859579 ], [ 117.205645908324584, -0.384525558192948 ], [ 117.205673260384231, -0.384508923685527 ], [ 117.205767613078336, -0.384453559453262 ], [ 117.205861769626551, -0.384397857824684 ], [ 117.20588957135962, -0.384381996824773 ], [ 117.205917179584091, -0.384365796882237 ], [ 117.206012384455235, -0.384311931461109 ], [ 117.206107398469896, -0.384257725583109 ], [ 117.206135444243671, -0.384242306163227 ], [ 117.206163301820808, -0.384226544782758 ], [ 117.206259335379087, -0.384174191462866 ], [ 117.206355183416477, -0.384121494710091 ], [ 117.206383466310754, -0.384106520674872 ], [ 117.20641156636745, -0.384091201745158 ], [ 117.20650840491885, -0.384040373443341 ], [ 117.206605063329064, -0.383989198818265 ], [ 117.206633576365491, -0.383974673862302 ], [ 117.206661911968496, -0.383959801163021 ], [ 117.20675953161961, -0.383910510420322 ], [ 117.20685697655361, -0.383860870549363 ], [ 117.206885712697073, -0.383846798256398 ], [ 117.206914276854945, -0.383832375457167 ], [ 117.207012653518802, -0.383784634435607 ], [ 117.207110860934378, -0.383736541566135 ], [ 117.207139813094656, -0.383722925408252 ], [ 117.207168598759608, -0.383708956067655 ], [ 117.207267708162831, -0.383662776546736 ], [ 117.207366653829226, -0.383616242544603 ], [ 117.20739581486373, -0.383603085880963 ], [ 117.207424814932494, -0.383589573446092 ], [ 117.207524632619212, -0.383544966820712 ], [ 117.207624292125232, -0.383500003166422 ], [ 117.207653654838495, -0.383487309243381 ], [ 117.207682862156119, -0.383474257048002 ], [ 117.207783363500837, -0.383431234322725 ], [ 117.207883712254088, -0.383387852111622 ], [ 117.207913269400436, -0.383375624061567 ], [ 117.207942676761363, -0.383363035325679 ], [ 117.208043836968343, -0.383321607115005 ], [ 117.208144850207887, -0.38327981705149 ], [ 117.208174594495134, -0.383268057891242 ], [ 117.208204194643017, -0.38325593572113 ], [ 117.208305988747895, -0.383216112248599 ], [ 117.208407641554899, -0.383175924641701 ], [ 117.20843756564507, -0.383164637272225 ], [ 117.208467351275502, -0.38315298465923 ], [ 117.208569754164117, -0.383114775749756 ], [ 117.208672021455442, -0.383076200515878 ], [ 117.208702117963924, -0.383065387722653 ], [ 117.208732081729096, -0.383054207541299 ], [ 117.208835068136395, -0.383017622621763 ], [ 117.208937924677883, -0.38298066927912 ], [ 117.208968186179263, -0.382970333729851 ], [ 117.20899832068568, -0.382959628738807 ], [ 117.209101865201191, -0.382924676835927 ], [ 117.2092052856148, -0.382889354502019 ], [ 117.209235704642083, -0.382879498746954 ], [ 117.209266002454939, -0.382869271587332 ], [ 117.20937007953215, -0.382835961324401 ], [ 117.209474038299035, -0.382802278714815 ], [ 117.209504607346716, -0.382792905185685 ], [ 117.209535060990603, -0.382783158380838 ], [ 117.209639644948581, -0.382751497977061 ], [ 117.20971991835664, -0.382726883367151 ], [ 117.209774757577648, -0.382639051819297 ], [ 117.209928316260516, -0.382401453486363 ], [ 117.210085553286746, -0.382166305995137 ], [ 117.210246430067784, -0.381933667053935 ], [ 117.21041090712194, -0.381703593755405 ], [ 117.210578944083949, -0.381476142562521 ], [ 117.210750499714905, -0.381251369294785 ], [ 117.210925531912409, -0.381029329114456 ], [ 117.211103997720812, -0.380810076513084 ], [ 117.211285853341877, -0.380593665298084 ], [ 117.211471054145491, -0.380380148579519 ], [ 117.211572640619579, -0.380266668553629 ], [ 117.211641187583396, -0.380107620604887 ], [ 117.211757931126655, -0.379848018204567 ], [ 117.211878721215285, -0.379590298866009 ], [ 117.212003527889806, -0.379334526510129 ], [ 117.212132320194527, -0.37908076457499 ], [ 117.212265066185296, -0.37882907599992 ], [ 117.212401732937238, -0.378579523210044 ], [ 117.212542286553131, -0.37833216810075 ], [ 117.212686692171673, -0.378087072022315 ], [ 117.212834913976195, -0.377844295764706 ], [ 117.21298691520353, -0.377603899542534 ], [ 117.213142658153089, -0.377365942980084 ], [ 117.213302104196316, -0.377130485096509 ], [ 117.213465213786122, -0.37689758429123 ], [ 117.213631946466862, -0.376667298329447 ], [ 117.213802260884222, -0.376439684327797 ], [ 117.213976114795543, -0.376214798740215 ], [ 117.214153465080315, -0.375992697343844 ], [ 117.214208710078026, -0.375925700904908 ], [ 117.214307162135938, -0.375784920062796 ], [ 117.214473249820855, -0.375555175050793 ], [ 117.214642900643085, -0.375328083970627 ], [ 117.214816072766226, -0.375103702823009 ], [ 117.214992723485594, -0.374882086940406 ], [ 117.215172809238581, -0.374663290973304 ], [ 117.215356285615613, -0.374447368876844 ], [ 117.215543107370948, -0.374234373897427 ], [ 117.215733228433891, -0.374024358559632 ], [ 117.215926601920103, -0.373817374653248 ], [ 117.216123180143313, -0.373613473220475 ], [ 117.216322914626872, -0.373412704543392 ], [ 117.216525756115843, -0.373215118131518 ], [ 117.216731654589111, -0.373020762709645 ], [ 117.216940559271734, -0.372829686205738 ], [ 117.21715241864743, -0.372641935739207 ], [ 117.217367180471271, -0.372457557609263 ], [ 117.21758479178267, -0.372276597283456 ], [ 117.217805198918342, -0.372099099386505 ], [ 117.218028347525518, -0.37192510768931 ], [ 117.21825418257545, -0.371754665098097 ], [ 117.218482648376877, -0.371587813643888 ], [ 117.218713688589844, -0.371424594472154 ], [ 117.218947246239551, -0.37126504783257 ], [ 117.219183263730415, -0.371109213069218 ], [ 117.219421682860244, -0.370957128610772 ], [ 117.21966244483464, -0.370808831961137 ], [ 117.219905490281448, -0.370664359690067 ], [ 117.220150759265465, -0.37052374742428 ], [ 117.220398191303147, -0.370387029838551 ], [ 117.220647725377503, -0.370254240647259 ], [ 117.220899299953302, -0.370125412596021 ], [ 117.220928035057256, -0.370111265060235 ], [ 117.221013957142588, -0.369913264838437 ], [ 117.22113092489289, -0.369654854705991 ], [ 117.221251906535485, -0.369398324366897 ], [ 117.221376872271961, -0.369143737004971 ], [ 117.221505791322627, -0.368891155325504 ], [ 117.221638631934027, -0.368640641539739 ], [ 117.221775361386875, -0.368392257349622 ], [ 117.221915946004088, -0.368146063932531 ], [ 117.222060351158973, -0.367902121926248 ], [ 117.222208541283933, -0.367660491414039 ], [ 117.222360479879072, -0.367421231909816 ], [ 117.222516129521253, -0.367184402343518 ], [ 117.222675451873371, -0.36695006104654 ], [ 117.222838407693644, -0.366718265737456 ], [ 117.223004956845458, -0.366489073507712 ], [ 117.223175058307064, -0.366262540807608 ], [ 117.223348670181892, -0.36603872343239 ], [ 117.223525749708728, -0.365817676508521 ], [ 117.223693553209586, -0.365614808379019 ], [ 117.223755358016106, -0.365503540541768 ], [ 117.223896315425222, -0.365258833913564 ], [ 117.224041055508124, -0.365016375545747 ], [ 117.224189542890286, -0.364776224694455 ], [ 117.224341741281421, -0.364538440051875 ], [ 117.224497613484218, -0.36430307973189 ], [ 117.224657121403524, -0.364070201255849 ], [ 117.22482022605567, -0.363839861538568 ], [ 117.224986887577884, -0.363612116874375 ], [ 117.22515445907456, -0.363390470095483 ], [ 117.225279470926282, -0.363203345042373 ], [ 117.225440741815348, -0.362969949769467 ], [ 117.225605635435173, -0.362739134232182 ], [ 117.225774111075779, -0.362510955415094 ], [ 117.225946127142919, -0.362285469651756 ], [ 117.226121641168163, -0.362062732610897 ], [ 117.226300609819617, -0.361842799282584 ], [ 117.226482988912437, -0.361625723964659 ], [ 117.2266687334198, -0.361411560249424 ], [ 117.226857797484115, -0.361200361010295 ], [ 117.227050134428154, -0.36099217838881 ], [ 117.227245696766715, -0.360787063781752 ], [ 117.227444436218349, -0.360585067828446 ], [ 117.227646303717194, -0.360386240398268 ], [ 117.227851249425143, -0.360190630578295 ], [ 117.228059222744136, -0.359998286661288 ], [ 117.228270172328706, -0.359809256133629 ], [ 117.228484046098529, -0.359623585663721 ], [ 117.228700791251427, -0.359441321090385 ], [ 117.228920354276326, -0.359262507411597 ], [ 117.229142680966447, -0.359087188773332 ], [ 117.229367716432748, -0.358915408458717 ], [ 117.229595405117394, -0.358747208877274 ], [ 117.229825690807601, -0.358582631554538 ], [ 117.230058516649422, -0.358421717121752 ], [ 117.23029382516178, -0.358264505305814 ], [ 117.230531558250675, -0.358111034919525 ], [ 117.230771657223542, -0.357961343851982 ], [ 117.231014062803766, -0.357815469059209 ], [ 117.231258715145245, -0.357673446555072 ], [ 117.2315055538472, -0.357535311402351 ], [ 117.23175451796908, -0.35740109770409 ], [ 117.23200554604567, -0.357270838595193 ], [ 117.232258576102168, -0.357144566234232 ], [ 117.232513545669519, -0.357022311795524 ], [ 117.232770391799903, -0.356904105461384 ], [ 117.233029051082184, -0.356789976414774 ], [ 117.233289459657598, -0.356679952831991 ], [ 117.233551553235515, -0.356574061875757 ], [ 117.233815267109321, -0.356472329688528 ], [ 117.23408053617247, -0.356374781386042 ], [ 117.234121560791351, -0.356360426650293 ], [ 117.234157, -0.356506 ], [ 117.233999, -0.356859 ], [ 117.233783, -0.357094 ], [ 117.233596, -0.357373 ], [ 117.238995, -0.357385 ], [ 117.2543, -0.3630321 ], [ 117.2581806, -0.3644639 ], [ 117.258498, -0.364496 ], [ 117.258732, -0.364585 ], [ 117.259293, -0.364485 ], [ 117.259441, -0.364567 ], [ 117.259751, -0.364829 ], [ 117.260424, -0.36511 ], [ 117.260959, -0.365182 ], [ 117.26144, -0.365055 ], [ 117.261628, -0.365073 ], [ 117.261737, -0.365245 ], [ 117.261965, -0.365345 ], [ 117.262098, -0.365318 ], [ 117.262295, -0.364874 ], [ 117.262788, -0.364702 ], [ 117.262961, -0.364548 ], [ 117.262999, -0.364386 ], [ 117.263143, -0.364214 ], [ 117.263305, -0.364196 ], [ 117.26352, -0.36425 ], [ 117.2636046, -0.3642318 ], [ 117.2640017, -0.3642801 ], [ 117.2647988, -0.364173 ], [ 117.2653699, -0.3638756 ], [ 117.265627, -0.363558 ], [ 117.266172, -0.363173 ], [ 117.2668867, -0.3627921 ], [ 117.2671961, -0.3627037 ], [ 117.26744, -0.3627572 ], [ 117.2677553, -0.3627394 ], [ 117.268266, -0.36254 ], [ 117.268427, -0.362531 ], [ 117.2686, -0.36244 ], [ 117.268759, -0.362332 ], [ 117.26889, -0.362033 ], [ 117.269114, -0.361816 ], [ 117.269407, -0.361689 ], [ 117.269887, -0.361409 ], [ 117.270245, -0.361056 ], [ 117.27031, -0.36092 ], [ 117.270319, -0.36054 ], [ 117.270371, -0.36035 ], [ 117.270971, -0.360133 ], [ 117.27101, -0.360079 ], [ 117.271048, -0.359853 ], [ 117.271114, -0.359753 ], [ 117.271396, -0.359798 ], [ 117.271541, -0.359699 ], [ 117.271633, -0.359554 ], [ 117.27171, -0.359292 ], [ 117.271791, -0.359228 ], [ 117.272098, -0.359292 ], [ 117.272246, -0.359237 ], [ 117.27223, -0.359029 ], [ 117.272188, -0.358939 ], [ 117.272254, -0.358794 ], [ 117.272482, -0.358785 ], [ 117.272589, -0.358857 ], [ 117.272793, -0.35912 ], [ 117.272996, -0.35931 ], [ 117.27313, -0.359319 ], [ 117.273249, -0.359265 ], [ 117.273262, -0.359065 ], [ 117.273094, -0.358486 ], [ 117.273121, -0.358378 ], [ 117.27324, -0.358324 ], [ 117.273347, -0.358324 ], [ 117.273549, -0.358486 ], [ 117.273724, -0.358523 ], [ 117.273828, -0.358251 ], [ 117.274161, -0.358152 ], [ 117.274296, -0.358278 ], [ 117.274379, -0.35845 ], [ 117.274478, -0.358948 ], [ 117.274425, -0.359093 ], [ 117.27428, -0.359255 ], [ 117.274269, -0.359418 ], [ 117.274228, -0.359473 ], [ 117.274313, -0.359744 ], [ 117.27446, -0.35978 ], [ 117.274594, -0.359753 ], [ 117.274686, -0.359672 ], [ 117.274735, -0.359228 ], [ 117.274935, -0.359102 ], [ 117.275244, -0.359246 ], [ 117.275689, -0.359563 ], [ 117.275904, -0.359581 ], [ 117.27637, -0.359436 ], [ 117.276769, -0.35969 ], [ 117.276955, -0.359574 ], [ 117.277505, -0.359574 ], [ 117.277945, -0.359904 ], [ 117.2781899, -0.360481 ], [ 117.2782565, -0.3607237 ], [ 117.2786372, -0.3605762 ], [ 117.279203, -0.360232 ], [ 117.280085, -0.36016 ], [ 117.28066, -0.360151 ], [ 117.281428, -0.360576 ], [ 117.28282, -0.361825 ], [ 117.283063, -0.361969 ], [ 117.28381514895915, -0.362230502959048 ], [ 117.283823367053316, -0.362351686843345 ], [ 117.283838170252892, -0.362635519074326 ], [ 117.283848543146306, -0.362919550369736 ], [ 117.283854483173798, -0.363203710649441 ], [ 117.283855988869362, -0.363487929801484 ], [ 117.283853059861087, -0.363772137699378 ], [ 117.283845696871253, -0.36405626421939 ], [ 117.283833901716136, -0.364340239257866 ], [ 117.283817677305521, -0.364623992748539 ], [ 117.283797027642109, -0.364907454679783 ], [ 117.283771957820434, -0.365190555111887 ], [ 117.283742474025672, -0.365473224194377 ], [ 117.283708583531947, -0.365755392183119 ], [ 117.283670294700826, -0.366036989457697 ], [ 117.283627616978961, -0.366317946538428 ], [ 117.28358056089597, -0.366598194103622 ], [ 117.283529138061709, -0.366877663006632 ], [ 117.283473361163487, -0.367156284292912 ], [ 117.283413243962883, -0.36743398921705 ], [ 117.283348801292448, -0.367710709259705 ], [ 117.283280049051868, -0.367986376144595 ], [ 117.283207004204201, -0.368260921855178 ], [ 117.28312968477168, -0.368534278651638 ], [ 117.283048109831171, -0.368806379087402 ], [ 117.282962299509492, -0.36907715602594 ], [ 117.28287227497853, -0.369346542657229 ], [ 117.282778058449992, -0.369614472514267 ], [ 117.282679673169838, -0.369880879489537 ], [ 117.28257714341261, -0.37014569785117 ], [ 117.282470494475476, -0.370408862259304 ], [ 117.282359752671894, -0.370670307782168 ], [ 117.282244945325232, -0.370929969912048 ], [ 117.282126100761971, -0.371187784581252 ], [ 117.282003248304676, -0.371443688177916 ], [ 117.281876418264815, -0.37169761756171 ], [ 117.281745641935331, -0.371949510079355 ], [ 117.281610951582763, -0.372199303580168 ], [ 117.281472380439453, -0.372446936431355 ], [ 117.281329962695253, -0.372692347533168 ], [ 117.281183733489073, -0.372935476334067 ], [ 117.281033728900326, -0.373176262845639 ], [ 117.280879985939933, -0.373414647657353 ], [ 117.28072254254117, -0.373650571951248 ], [ 117.280561437550375, -0.373883977516466 ], [ 117.280396710717298, -0.374114806763602 ], [ 117.280228402685438, -0.374343002738855 ], [ 117.280056554981812, -0.374568509138202 ], [ 117.279881210006835, -0.374791270321166 ], [ 117.279702411023848, -0.375011231324636 ], [ 117.279668711121204, -0.375052031361743 ], [ 117.279456548351391, -0.375304174704921 ], [ 117.279239847109906, -0.375552375524755 ], [ 117.279018679669818, -0.375796551041635 ], [ 117.27892817988878, -0.375894651159207 ], [ 117.278727280130823, -0.376108897968927 ], [ 117.278522941829181, -0.376319823282848 ], [ 117.278315219160305, -0.376527371177499 ], [ 117.278104167197938, -0.376731486624849 ], [ 117.277889841898556, -0.376932115506938 ], [ 117.277672300086493, -0.377129204630167 ], [ 117.277376200576839, -0.377393105095119 ], [ 117.277160414331291, -0.377582362328793 ], [ 117.276941662123647, -0.377768136675486 ], [ 117.276719999415278, -0.377950381034388 ], [ 117.276495482405437, -0.378129049199634 ], [ 117.276268168017083, -0.378304095872087 ], [ 117.276038113882521, -0.378475476670776 ], [ 117.275805378328542, -0.378643148144105 ], [ 117.27557002036194, -0.378807067780964 ], [ 117.275332099654278, -0.378967194021475 ], [ 117.275091676526998, -0.379123486267476 ], [ 117.274848811935911, -0.379275904892857 ], [ 117.274603567455927, -0.37942441125363 ], [ 117.274356005265332, -0.379568967697694 ], [ 117.274106188129991, -0.379709537574373 ], [ 117.273854179387641, -0.379846085243767 ], [ 117.273600042931577, -0.379978576085684 ], [ 117.273343843194553, -0.380106976508511 ], [ 117.273085645132554, -0.380231253957734 ], [ 117.272825514208151, -0.380351376924118 ], [ 117.272563516374007, -0.380467314951728 ], [ 117.272299718056161, -0.380579038645697 ], [ 117.272034186137091, -0.38068651967961 ], [ 117.271766987938904, -0.380789730802733 ], [ 117.271498191206121, -0.380888645846908 ], [ 117.271227864088587, -0.380983239733176 ], [ 117.270956075124246, -0.381073488478181 ], [ 117.270682893221533, -0.381159369200173 ], [ 117.270408387642206, -0.381240860124869 ], [ 117.27037508547653, -0.381250168761922 ], [ 117.270133369967823, -0.381365638367645 ], [ 117.269875162736639, -0.381483996049459 ], [ 117.269615131918528, -0.381598235953967 ], [ 117.269353342303788, -0.381708329616322 ], [ 117.269089859120967, -0.381814249604809 ], [ 117.268824748020606, -0.381915969527634 ], [ 117.268558075058905, -0.382013464039468 ], [ 117.268289906681247, -0.382106708847865 ], [ 117.268020309705562, -0.3821956807192 ], [ 117.267749351305838, -0.382280357484525 ], [ 117.267477098995258, -0.382360718045076 ], [ 117.267203620609408, -0.38243674237752 ], [ 117.266928984289407, -0.38250841153897 ], [ 117.266653258464885, -0.382575707671715 ], [ 117.266376511836981, -0.38263861400759 ], [ 117.26609881336114, -0.38269711487224 ], [ 117.265820232230027, -0.382751195688992 ], [ 117.265651356422836, -0.382781204264123 ], [ 117.265398856049202, -0.382840496311788 ], [ 117.265112789188251, -0.382902744075296 ], [ 117.264825753432746, -0.382960294304933 ], [ 117.264537824890297, -0.383013131740886 ], [ 117.263800323812575, -0.383142233023036 ], [ 117.263524446674936, -0.383188303001215 ], [ 117.26324789093583, -0.383230046415228 ], [ 117.26297072354204, -0.383267453159811 ], [ 117.262693011588439, -0.383300514179482 ], [ 117.262414822301764, -0.383329221470735 ], [ 117.262136223024299, -0.383353568084021 ], [ 117.26185728119755, -0.383373548125359 ], [ 117.261578064345997, -0.383389156757815 ], [ 117.261298640060673, -0.383400390202648 ], [ 117.261019075982887, -0.383407245740241 ], [ 117.260739439787741, -0.383409721710759 ], [ 117.260459799167862, -0.383407817514549 ], [ 117.260180221816881, -0.383401533612249 ], [ 117.2599007754132, -0.383390871524752 ], [ 117.259842012832721, -0.383387707119036 ], [ 117.259701289051804, -0.383450100038408 ], [ 117.259439580012113, -0.383561197360354 ], [ 117.259176159818281, -0.383668117572108 ], [ 117.258911094249228, -0.383770833974178 ], [ 117.258720701178589, -0.38384115687136 ], [ 117.258547093822003, -0.383983984234411 ], [ 117.258326933630357, -0.3841594084424 ], [ 117.258104078275863, -0.384331349029448 ], [ 117.257878582141672, -0.384499764036633 ], [ 117.257650500255451, -0.384664612365372 ], [ 117.25741988827582, -0.384825853787432 ], [ 117.257186802478884, -0.384983448954792 ], [ 117.256951299744443, -0.385137359409226 ], [ 117.256713437542075, -0.38528754759163 ], [ 117.256473273917209, -0.385433976851288 ], [ 117.256230867476887, -0.385576611454769 ], [ 117.255986277375456, -0.385715416594608 ], [ 117.25573956330021, -0.385850358397872 ], [ 117.255530864776929, -0.385960291861837 ], [ 117.255338722954676, -0.386138266622069 ], [ 117.255128072619087, -0.386327323802887 ], [ 117.254914499728272, -0.386513028128557 ], [ 117.254698056932938, -0.386695333818153 ], [ 117.25447879759129, -0.38687419592859 ], [ 117.254343625663125, -0.386980967863855 ], [ 117.254302110336923, -0.387071574078137 ], [ 117.254180021381771, -0.387327402026664 ], [ 117.254053961532392, -0.387581270671171 ], [ 117.25392396180365, -0.387833117550698 ], [ 117.253790054179717, -0.388082880701656 ], [ 117.253652271606285, -0.388330498673146 ], [ 117.253510647982438, -0.388575910542025 ], [ 117.253365218152268, -0.388819055927939 ], [ 117.253216017896406, -0.389059875008184 ], [ 117.253146261159443, -0.389168630076751 ], [ 117.253121752403189, -0.389215542929209 ], [ 117.252986880484514, -0.389464176761431 ], [ 117.252848158491901, -0.389710654412413 ], [ 117.252705620428372, -0.389954915465546 ], [ 117.252559301232338, -0.390196900047601 ], [ 117.252409236769083, -0.390436548843272 ], [ 117.252255463821882, -0.390673803109866 ], [ 117.252098020083096, -0.39090860469155 ], [ 117.251936944144887, -0.391140896033737 ], [ 117.251772275489671, -0.391370620197095 ], [ 117.251604054480609, -0.391597720871597 ], [ 117.251440161451072, -0.391811898165121 ], [ 117.251377108965428, -0.391958586615824 ], [ 117.251260778312215, -0.392217954312821 ], [ 117.251140410154321, -0.392475448105043 ], [ 117.251016034265135, -0.392731004299719 ], [ 117.250887681409338, -0.392984559683266 ], [ 117.250755383335374, -0.393236051537045 ], [ 117.250619172767571, -0.39348541765285 ], [ 117.250479083398034, -0.393732596348224 ], [ 117.25033514987831, -0.393977526481828 ], [ 117.250187407810884, -0.39422014746846 ], [ 117.250035893740232, -0.394460399294117 ], [ 117.249880645143961, -0.394698222530824 ], [ 117.249721700423407, -0.394933558351301 ], [ 117.249559098894125, -0.395166348543517 ], [ 117.24946399921356, -0.395300248635365 ], [ 117.249297655707025, -0.39553060641468 ], [ 117.249127731419208, -0.395758300030825 ], [ 117.248954268444379, -0.395983273078042 ], [ 117.248777309753493, -0.396205469824486 ], [ 117.248596899183369, -0.396424835226063 ], [ 117.248413081426094, -0.396641314940081 ], [ 117.248225902017694, -0.396854855338678 ], [ 117.24803540732708, -0.397065403522157 ], [ 117.247841644544408, -0.397272907332009 ], [ 117.247644661669469, -0.39747731536396 ], [ 117.247444507499722, -0.397678576980557 ], [ 117.24724123161829, -0.397876642323827 ], [ 117.247034884381634, -0.398071462327594 ], [ 117.246825516907052, -0.39826298872958 ], [ 117.246613181060127, -0.398451174083492 ], [ 117.246397929441727, -0.398635971770593 ], [ 117.246179815375058, -0.398817336011455 ], [ 117.245958892892489, -0.398995221877093 ], [ 117.245735216722068, -0.399169585300295 ], [ 117.245508842274091, -0.399340383086373 ], [ 117.245348603563471, -0.399457362723368 ], [ 117.245292625638911, -0.399500444000324 ], [ 117.245065898738375, -0.399669327599059 ], [ 117.244905060933903, -0.399785244923704 ], [ 117.244865303103865, -0.399815693103197 ], [ 117.2446378260274, -0.399984289151694 ], [ 117.244407745130687, -0.400149265454228 ], [ 117.244175117241838, -0.400310581262523 ], [ 117.24393999981821, -0.400468196732449 ], [ 117.243702450931991, -0.400622072933786 ], [ 117.243462529255964, -0.400772171859924 ], [ 117.243220294048967, -0.400918456437159 ], [ 117.242975805141299, -0.40106089053395 ], [ 117.24294680520147, -0.401077178276098 ], [ 117.242894575324129, -0.401157935414914 ], [ 117.242739574963835, -0.401389688825717 ], [ 117.242581038632125, -0.401619005313847 ], [ 117.242419004125622, -0.401845830207315 ], [ 117.242249904668299, -0.402078730386272 ], [ 117.242083493557999, -0.40230423246164 ], [ 117.241913624965605, -0.402527106512882 ], [ 117.241740339834934, -0.402747298819484 ], [ 117.241563679933307, -0.402964756307345 ], [ 117.241383687841548, -0.40317942656152 ], [ 117.241200406943577, -0.403391257838862 ], [ 117.241013881416151, -0.403600199080522 ], [ 117.240824156218011, -0.403806199924272 ], [ 117.240631277079217, -0.40400921071655 ], [ 117.240435290489984, -0.404209182524515 ], [ 117.240236243689623, -0.404406067147842 ], [ 117.240034184654988, -0.404599817130297 ], [ 117.239829162089052, -0.404790385771183 ], [ 117.239621225409124, -0.404977727136631 ], [ 117.239498411209553, -0.405084967206494 ], [ 117.239344286356499, -0.405225671326079 ], [ 117.239131646951577, -0.405413737427628 ], [ 117.238916092149324, -0.405598409265916 ], [ 117.238697675404495, -0.405779641044261 ], [ 117.238612283175357, -0.405848250949588 ], [ 117.238520421173433, -0.405958244913845 ], [ 117.238334655047865, -0.406173688629855 ], [ 117.238145537932439, -0.406386157083903 ], [ 117.237953116839051, -0.406595597458719 ], [ 117.237757439600898, -0.406801957689764 ], [ 117.237558554860613, -0.407005186478232 ], [ 117.237356512058227, -0.407205233303664 ], [ 117.237151361418839, -0.407402048436659 ], [ 117.236943153940103, -0.407595582951145 ], [ 117.236731941379617, -0.407785788736523 ], [ 117.23651777624201, -0.407972618509706 ], [ 117.236300711765864, -0.408156025826865 ], [ 117.236269328501209, -0.408181704902438 ], [ 117.236174249591102, -0.408315389763879 ], [ 117.236006546900029, -0.408543539555188 ], [ 117.235835310135784, -0.408769013182229 ], [ 117.235660581428803, -0.408991755169619 ], [ 117.235482403768728, -0.409211710714044 ], [ 117.235300820993785, -0.409428825697764 ], [ 117.23511587777999, -0.409643046701934 ], [ 117.234927619630213, -0.409854321019713 ], [ 117.234736092862889, -0.410062596669222 ], [ 117.234541344600714, -0.410267822406422 ], [ 117.234343422758954, -0.410469947737583 ], [ 117.234142376033773, -0.410668922931874 ], [ 117.233938253890159, -0.410864699033446 ], [ 117.233731106549811, -0.411057227873566 ], [ 117.233520984978711, -0.411246462082431 ], [ 117.233307940874724, -0.411432355100862 ], [ 117.233092026654674, -0.411614861191701 ], [ 117.232873295441649, -0.41179393545113 ], [ 117.232651801051816, -0.411969533819666 ], [ 117.232427597981157, -0.412141613093025 ], [ 117.232285498084238, -0.41224891334212 ], [ 117.232248250237873, -0.412276593639565 ], [ 117.232234779153828, -0.412289635306873 ], [ 117.232029177239554, -0.412482545253877 ], [ 117.231820604143721, -0.412672195156099 ], [ 117.231609110864881, -0.412858538641459 ], [ 117.231394749115637, -0.413041530146328 ], [ 117.231177571309971, -0.413221124926705 ], [ 117.230957630550421, -0.413397279069068 ], [ 117.230734980615139, -0.413569949501227 ], [ 117.230509675944774, -0.413739094002759 ], [ 117.230281771629009, -0.413904671215385 ], [ 117.230051323393255, -0.414066640653052 ], [ 117.229818387584942, -0.414224962711892 ], [ 117.229583021159783, -0.414379598679794 ], [ 117.229345281667804, -0.414530510745993 ], [ 117.229105227239273, -0.414677662010241 ], [ 117.228862916570534, -0.414821016491854 ], [ 117.228618408909654, -0.414960539138511 ], [ 117.228371764041839, -0.415096195834781 ], [ 117.228123042274959, -0.415227953410587 ], [ 117.227872304424679, -0.415355779649137 ], [ 117.227619611799625, -0.415479643294955 ], [ 117.227365026186519, -0.415599514061474 ], [ 117.227108609834829, -0.415715362638408 ], [ 117.226850425441725, -0.415827160698941 ], [ 117.226590536136726, -0.415934880906697 ], [ 117.226329005466226, -0.416038496922355 ], [ 117.22606589737795, -0.416137983410109 ], [ 117.225801276205402, -0.416233316043938 ], [ 117.225535206651955, -0.416324471513417 ], [ 117.225267753775228, -0.416411427529536 ], [ 117.224998982971115, -0.416494162830091 ], [ 117.224728959957716, -0.416572657184893 ], [ 117.224457750759342, -0.416646891400756 ], [ 117.224185421690422, -0.416716847326083 ], [ 117.223912039339126, -0.416782507855466 ], [ 117.22365614086749, -0.416839726956664 ], [ 117.223599574240893, -0.416905447207484 ], [ 117.223410292098009, -0.417118465402118 ], [ 117.223217691389621, -0.417328447262045 ], [ 117.223021820168285, -0.417535340397708 ], [ 117.2228227273025, -0.417739093190137 ], [ 117.222620462464619, -0.417939654803886 ], [ 117.222415076118352, -0.418136975199625 ], [ 117.222206619506281, -0.418331005146728 ], [ 117.222174419548708, -0.418360505199805 ], [ 117.221965399100625, -0.418549017611647 ], [ 117.221753480523006, -0.418734221731236 ], [ 117.221538715476441, -0.418916072409832 ], [ 117.221321156315454, -0.419094525316247 ], [ 117.221100856075694, -0.419269536947538 ], [ 117.220877868461116, -0.419441064639683 ], [ 117.220652247830728, -0.419609066577901 ], [ 117.220424049185482, -0.419773501806997 ], [ 117.220193328154807, -0.419934330241157 ], [ 117.219960140982977, -0.420091512673885 ], [ 117.219724544515557, -0.420245010787448 ], [ 117.219486596185391, -0.420394787162274 ], [ 117.219246353998713, -0.420540805286058 ], [ 117.219003876520986, -0.420683029562673 ], [ 117.218759222862502, -0.42082142532082 ], [ 117.218512452664186, -0.420955958822534 ], [ 117.218263626082859, -0.42108659727133 ], [ 117.218012803776716, -0.421213308820287 ], [ 117.217760046890447, -0.421336062579738 ], [ 117.217505417040385, -0.421454828624852 ], [ 117.217248976299416, -0.421569578002881 ], [ 117.216990787181956, -0.421680282740289 ], [ 117.216730912628648, -0.421786915849494 ], [ 117.216469415990971, -0.421889451335494 ], [ 117.216389015912711, -0.421920251475388 ], [ 117.216127343968026, -0.422018159197046 ], [ 117.215864193104778, -0.42211196379299 ], [ 117.215599626802359, -0.422201642634625 ], [ 117.215514561323658, -0.422229003612512 ], [ 117.215421842229532, -0.422263553712289 ], [ 117.215152673385163, -0.422358990943213 ], [ 117.214882033326234, -0.422450113929399 ], [ 117.214609990277907, -0.422536899699558 ], [ 117.214336612818926, -0.422619326375774 ], [ 117.214061969864545, -0.42269737317898 ], [ 117.213786130648941, -0.422771020434254 ], [ 117.213509164707943, -0.422840249575703 ], [ 117.213231141861399, -0.422905043151219 ], [ 117.212952132195667, -0.422965384826843 ], [ 117.212672206045767, -0.423021259390879 ], [ 117.212391433977857, -0.423072652757737 ], [ 117.212109886771344, -0.42311955197147 ], [ 117.211827635400994, -0.423161945209099 ], [ 117.211544751019176, -0.423199821783509 ], [ 117.211261304937779, -0.423233172146183 ], [ 117.210977368610344, -0.423261987889627 ], [ 117.210741827332114, -0.423282094785076 ], [ 117.210483915246328, -0.423371634756722 ], [ 117.210214787490926, -0.423460317646849 ], [ 117.209944305285887, -0.423544721090371 ], [ 117.209672535770537, -0.423624824136305 ], [ 117.209399546403802, -0.42370060690114 ], [ 117.209125404947414, -0.423772050573711 ], [ 117.208850179449158, -0.423839137419966 ], [ 117.208573938225769, -0.423901850787233 ], [ 117.208296749846241, -0.423960175108499 ], [ 117.208018683114631, -0.424014095906173 ], [ 117.207739807053059, -0.424063599795687 ], [ 117.207460190884547, -0.424108674488889 ], [ 117.207179904015831, -0.424149308797006 ], [ 117.206899016020117, -0.424185492633515 ], [ 117.206853457821921, -0.424190628405671 ], [ 117.206793384184323, -0.42420655613373 ], [ 117.20651945370156, -0.424274574725457 ], [ 117.206441565203605, -0.424292614104289 ], [ 117.206349544768671, -0.424319414555201 ], [ 117.206324179024477, -0.424326372488152 ], [ 117.206158059379874, -0.4243825124766 ], [ 117.205887467557091, -0.424469194919601 ], [ 117.205615549208289, -0.424551563021245 ], [ 117.205342372203077, -0.42462959622253 ], [ 117.205068004725163, -0.424703275046508 ], [ 117.204792515255406, -0.424772581103 ], [ 117.204515972554802, -0.424837497093302 ], [ 117.204238445647107, -0.424898006814379 ], [ 117.20396000380191, -0.424954095163064 ], [ 117.203680716517042, -0.42500574813968 ], [ 117.203400653501419, -0.425052952851633 ], [ 117.203119884657553, -0.425095697516563 ], [ 117.202838480064216, -0.425133971465377 ], [ 117.202556509958782, -0.425167765144778 ], [ 117.202274044719843, -0.425197070119795 ], [ 117.201991154849551, -0.425221879075754 ], [ 117.201707910956074, -0.42524218582022 ], [ 117.201424383735954, -0.425257985284475 ], [ 117.201140643956464, -0.425269273524787 ], [ 117.200856762437894, -0.425276047723438 ], [ 117.200718754068674, -0.425277145398839 ], [ 117.200591879643014, -0.425312470031099 ], [ 117.20031861614909, -0.425383920590731 ], [ 117.20004427154322, -0.425451041284912 ], [ 117.199768913516124, -0.425513815552296 ], [ 117.199492610008619, -0.425572227903953 ], [ 117.19935841547094, -0.425598388948081 ], [ 117.199267627810158, -0.425636345695436 ], [ 117.199005219953776, -0.425741219770799 ], [ 117.198741208150892, -0.425841931516525 ], [ 117.198475657542716, -0.425938456083176 ], [ 117.198208633650097, -0.426030769654409 ], [ 117.197940202357486, -0.426118849452909 ], [ 117.197670429896476, -0.426202673745965 ], [ 117.197399382829687, -0.426282221850849 ], [ 117.197127128034253, -0.426357474139938 ], [ 117.196853732685256, -0.426428412045521 ], [ 117.196579264239233, -0.426495018064428 ], [ 117.196303790417474, -0.426557275762284 ], [ 117.196027379189417, -0.426615169777635 ], [ 117.195750098755738, -0.426668685825674 ], [ 117.195472017531642, -0.426717810701831 ], [ 117.195193204129851, -0.426762532284959 ], [ 117.194913727343803, -0.426802839540401 ], [ 117.194633656130662, -0.426838722522654 ], [ 117.194353059594206, -0.42687017237785 ], [ 117.194072006967872, -0.426897181345924 ], [ 117.193790567597631, -0.426919742762558 ], [ 117.193508810924897, -0.426937851060783 ], [ 117.193226806469355, -0.426951501772408 ], [ 117.192944623811883, -0.42696069152907 ], [ 117.192662332577299, -0.426965418063091 ], [ 117.192380002417224, -0.426965680208053 ], [ 117.192097702992925, -0.426961477899035 ], [ 117.191815503958011, -0.42695281217268 ], [ 117.191533474941409, -0.426939685166927 ], [ 117.191251685530091, -0.426922100120474 ], [ 117.19097020525183, -0.426900061371964 ], [ 117.19068910355827, -0.426873574358965 ], [ 117.19062802566151, -0.426866843423551 ], [ 117.190585005864094, -0.427021517691566 ], [ 117.190505673001169, -0.427290604488558 ], [ 117.190422203460315, -0.427558420049375 ], [ 117.19033461732657, -0.427824899928697 ], [ 117.190309931600098, -0.427896274016988 ], [ 117.190309467865106, -0.4278985154297 ], [ 117.19024993653295, -0.428175379110581 ], [ 117.190186107126436, -0.428451270655376 ], [ 117.190117995288929, -0.428726122445995 ], [ 117.190045617713423, -0.42899986711914 ], [ 117.189968992138375, -0.429272437582913 ], [ 117.189888137343374, -0.429543767033121 ], [ 117.189803073144589, -0.429813788969746 ], [ 117.189713820389883, -0.430082437213255 ], [ 117.189620400953586, -0.430349645920725 ], [ 117.189522837731388, -0.430615349602079 ], [ 117.189421154634516, -0.430879483136085 ], [ 117.189315376583878, -0.431141981786306 ], [ 117.189231869240331, -0.431340245297739 ], [ 117.189225190140405, -0.431368309544206 ], [ 117.189155987306236, -0.431640377981517 ], [ 117.189082598284628, -0.431911332370888 ], [ 117.189005040754765, -0.432181107438351 ], [ 117.188923333400027, -0.432449638194094 ], [ 117.188837495903527, -0.432716859947993 ], [ 117.188747548943397, -0.432982708325323 ], [ 117.188653514187664, -0.43324711928216 ], [ 117.188555414289155, -0.433510029120864 ], [ 117.188555359080397, -0.433510170381427 ], [ 117.188533073422377, -0.433592885753131 ], [ 117.188450395843503, -0.433880790355136 ], [ 117.188362993068125, -0.434167276962729 ], [ 117.18830550047285, -0.43435031002723 ], [ 117.18829970167279, -0.434371765363124 ], [ 117.188246912229673, -0.434555919752771 ], [ 117.188312315966101, -0.434823834190981 ], [ 117.188377028687768, -0.435108690142502 ], [ 117.188437163617166, -0.435394560978713 ], [ 117.188492705071042, -0.435681372146489 ], [ 117.188543638564084, -0.435969048847477 ], [ 117.188589950812727, -0.436257516057578 ], [ 117.18863162973858, -0.43654669854654 ], [ 117.188668664471578, -0.436836520897544 ], [ 117.188701045352772, -0.437126907526918 ], [ 117.188713845617769, -0.437250707376104 ], [ 117.188718903537577, -0.437303715138287 ], [ 117.18875368230006, -0.437514165689351 ], [ 117.188761991251894, -0.437566550491204 ], [ 117.188781187259096, -0.437675179139355 ], [ 117.188826631973853, -0.437958298982941 ], [ 117.18886761367628, -0.438242108357551 ], [ 117.188904122070838, -0.438526535967033 ], [ 117.188936147985686, -0.438811510359912 ], [ 117.188963683375107, -0.439096959947317 ], [ 117.188986721321385, -0.439382813021033 ], [ 117.189005256036637, -0.439668997771481 ], [ 117.189019282864237, -0.439955442305697 ], [ 117.189028798279949, -0.440242074665512 ], [ 117.189033799892897, -0.440528822845524 ], [ 117.18903428644613, -0.440815614811271 ], [ 117.189030257816853, -0.441102378517237 ], [ 117.189021715016636, -0.441389041925027 ], [ 117.189008660190979, -0.441675533021423 ], [ 117.188991096618864, -0.441961779836474 ], [ 117.188969028711966, -0.442247710461604 ], [ 117.188959029010803, -0.442365210370059 ], [ 117.18893253574501, -0.442650025688037 ], [ 117.188901573213471, -0.44293438377778 ], [ 117.188866149154208, -0.443218213568872 ], [ 117.188826778482948, -0.443497849736341 ], [ 117.188813430926743, -0.443736415888077 ], [ 117.188791828583675, -0.444034651193268 ], [ 117.188765333615692, -0.444332486394729 ], [ 117.188743834183882, -0.444553586229989 ], [ 117.188715032537786, -0.444828160391832 ], [ 117.188684251168354, -0.445084142970564 ], [ 117.188678917503054, -0.445165919910578 ], [ 117.188669723844669, -0.445279330652186 ], [ 117.188792472597527, -0.445477400022002 ], [ 117.188940794041144, -0.445725487511638 ], [ 117.1890851530856, -0.445975932579091 ], [ 117.189225512763656, -0.446228671091258 ], [ 117.189361837132225, -0.446483638327809 ], [ 117.189494091281631, -0.446740768997656 ], [ 117.189622241344381, -0.446999997255681 ], [ 117.189746254503945, -0.447261256719659 ], [ 117.189866099003183, -0.447524480487209 ], [ 117.189981744152405, -0.44778960115291 ], [ 117.190093160337284, -0.44805655082565 ], [ 117.190149960494836, -0.448195750590254 ], [ 117.190257055909271, -0.448464298481206 ], [ 117.190359871565022, -0.448734536212734 ], [ 117.190458381164717, -0.449006394666657 ], [ 117.190552559512369, -0.449279804310313 ], [ 117.190642382519798, -0.449554695214268 ], [ 117.190727827212726, -0.449830997070227 ], [ 117.190808871736763, -0.450108639209001 ], [ 117.190885495362849, -0.450387550618619 ], [ 117.190957678492651, -0.450667659962463 ], [ 117.191025402663669, -0.450948895597497 ], [ 117.191088650553667, -0.451231185592641 ], [ 117.19114740598549, -0.451514457747115 ], [ 117.191201653930818, -0.45179863960893 ], [ 117.191251380514359, -0.452083658493422 ], [ 117.191296573017098, -0.452369441501841 ], [ 117.191337219879742, -0.452655915539986 ], [ 117.191373310705629, -0.452943007336913 ], [ 117.1914037112698, -0.453201407008421 ], [ 117.191435482123737, -0.453491459735104 ], [ 117.191462602481295, -0.453781990531431 ], [ 117.191485065288575, -0.454072923836094 ], [ 117.191502864702812, -0.454364183983093 ], [ 117.191504783078287, -0.454406771101396 ], [ 117.191512102557354, -0.454481512849417 ], [ 117.191535610439786, -0.454768156642036 ], [ 117.191554589548943, -0.455055140382577 ], [ 117.191557666190093, -0.455116319745719 ], [ 117.191572408451307, -0.455231040424979 ], [ 117.191605061900106, -0.455522096826884 ], [ 117.191633031115757, -0.455813647202481 ], [ 117.1916563087687, -0.456105615154624 ], [ 117.191674888758797, -0.45639792417676 ], [ 117.191688766216842, -0.456690497672879 ], [ 117.19169793750585, -0.456983258977752 ], [ 117.191702400222013, -0.457276131376852 ], [ 117.191703100462632, -0.45737343127713 ], [ 117.191702972241544, -0.457652360866007 ], [ 117.191698573071889, -0.45793125532445 ], [ 117.191689903998494, -0.458210048379881 ], [ 117.191682311858301, -0.458373562060752 ], [ 117.19168286926643, -0.458424864001345 ], [ 117.191681764773378, -0.458696765692361 ], [ 117.191676601911752, -0.458968619976736 ], [ 117.191667381846827, -0.459240365468078 ], [ 117.191654106660138, -0.459511940804566 ], [ 117.191636779348812, -0.459783284662771 ], [ 117.191617926733329, -0.460022344175121 ], [ 117.19161348689002, -0.460245539573182 ], [ 117.191603003046609, -0.460537302271747 ], [ 117.191587844517343, -0.460828856707515 ], [ 117.191568015247967, -0.461120126978705 ], [ 117.191543520400103, -0.461411037257488 ], [ 117.191514366350049, -0.46170151180972 ], [ 117.191480560687026, -0.461991475014712 ], [ 117.191442112211234, -0.462280851384877 ], [ 117.191399030931578, -0.462569565585415 ], [ 117.191351328063035, -0.46285754245384 ], [ 117.19129901602372, -0.463144707019666 ], [ 117.19124210843168, -0.463430984523837 ], [ 117.191221208710061, -0.463531884479849 ], [ 117.191161807411049, -0.463807868277973 ], [ 117.191098135085085, -0.464082885246653 ], [ 117.191030207239379, -0.46435686840394 ], [ 117.190958040417613, -0.464629751019614 ], [ 117.190881652195884, -0.464901466631493 ], [ 117.190801061178448, -0.465171949061664 ], [ 117.190716286993194, -0.465441132432492 ], [ 117.190627350286832, -0.465708951182746 ], [ 117.190534272719873, -0.465975340083576 ], [ 117.190437076961388, -0.466240234254319 ], [ 117.190335786683477, -0.466503569178392 ], [ 117.190230426555416, -0.466765280718962 ], [ 117.190121022237804, -0.467025305134519 ], [ 117.190007600376248, -0.467283579094532 ], [ 117.189890188594745, -0.467540039694731 ], [ 117.189768815489174, -0.467794624472515 ], [ 117.189643510620172, -0.468047271422146 ], [ 117.189514304506048, -0.46829791900982 ], [ 117.189381228615247, -0.468546506188697 ], [ 117.189244315358721, -0.468792972413764 ], [ 117.18910359808207, -0.46903725765655 ], [ 117.1889591110574, -0.469279302419766 ], [ 117.188810889474979, -0.469519047751786 ], [ 117.188658969434613, -0.469756435261051 ], [ 117.188503387936962, -0.469991407130229 ], [ 117.188357636004653, -0.470204259523601 ], [ 117.188241360735233, -0.470382532444178 ], [ 117.188092320119466, -0.470603842897342 ], [ 117.18794004740549, -0.470822912159045 ], [ 117.18778457584169, -0.471039692395371 ], [ 117.187625939374982, -0.471254136272185 ], [ 117.187464172643288, -0.471466196965533 ], [ 117.187301027304045, -0.471673645750883 ], [ 117.187115674108753, -0.471931526223266 ], [ 117.186953806388274, -0.472153164271007 ], [ 117.186788610295039, -0.472372299367169 ], [ 117.186620124011824, -0.47258888086122 ], [ 117.186614116977879, -0.472596365376278 ], [ 117.186559968037358, -0.472679575292408 ], [ 117.186401661873148, -0.472914705344123 ], [ 117.186239708806255, -0.473147304733495 ], [ 117.186074148746442, -0.473377316140768 ], [ 117.185905022492321, -0.473604682883976 ], [ 117.1857323717214, -0.473829348932847 ], [ 117.185556238979729, -0.474051258922608 ], [ 117.185376667671406, -0.4742703581677 ], [ 117.185193702047968, -0.474486592675175 ], [ 117.18501301004909, -0.47469347141616 ], [ 117.184858897284613, -0.474934685080531 ], [ 117.1846982607467, -0.475177418808325 ], [ 117.184533758578269, -0.475417514393989 ], [ 117.184365433521279, -0.475654909453651 ], [ 117.184193329311, -0.475889542305043 ], [ 117.184017490664601, -0.47612135198363 ], [ 117.183837963269625, -0.476350278258403 ], [ 117.183778963411854, -0.476424278355356 ], [ 117.183618743973724, -0.476621787854956 ], [ 117.183501122458367, -0.476823042966622 ], [ 117.183404022851079, -0.476986443091934 ], [ 117.183261819153259, -0.477221663617713 ], [ 117.183116076311521, -0.477454678433054 ], [ 117.182966828076857, -0.477685433575777 ], [ 117.182814109012057, -0.477913875607009 ], [ 117.182657954483759, -0.478139951623547 ], [ 117.18249840065414, -0.478363609270113 ], [ 117.182335484472659, -0.478584796751438 ], [ 117.182169243667445, -0.478803462844326 ], [ 117.181999716736499, -0.479019556909467 ], [ 117.181873017040914, -0.47917855711952 ], [ 117.18171069738402, -0.479379299437993 ], [ 117.181545541895957, -0.479577683721813 ], [ 117.181377584372896, -0.479773669374665 ], [ 117.181206859184485, -0.479967216291004 ], [ 117.181033401266646, -0.480158284864368 ], [ 117.180929701442736, -0.480270885047917 ], [ 117.180737871323842, -0.480475954637505 ], [ 117.180542893370557, -0.480677993131933 ], [ 117.18034481483501, -0.480876951567401 ], [ 117.1801436837208, -0.481072781726656 ], [ 117.179939548771301, -0.481265436150494 ], [ 117.179732459457895, -0.481454868149349 ], [ 117.179522465967977, -0.481641031814591 ], [ 117.179309619192736, -0.481823882029707 ], [ 117.179093970714902, -0.482003374481115 ], [ 117.178875572796187, -0.482179465669004 ], [ 117.178654478364663, -0.482352112917851 ], [ 117.178430741001904, -0.482521274386747 ], [ 117.178204414929979, -0.482686909079564 ], [ 117.177975554998412, -0.482848976854847 ], [ 117.177744216670732, -0.483007438435587 ], [ 117.177510456011177, -0.483162255418745 ], [ 117.17727432967105, -0.483313390284487 ], [ 117.177103929613324, -0.483420590600733 ], [ 117.176863914361505, -0.483568966768594 ], [ 117.176621619034094, -0.483713538532047 ], [ 117.176377103127976, -0.48385427039043 ], [ 117.176130426685461, -0.483991127785927 ], [ 117.175881650279322, -0.484124077112163 ], [ 117.17563083499806, -0.48425308572238 ], [ 117.175378042430793, -0.484378121937524 ], [ 117.175183142238907, -0.484472622283312 ], [ 117.174937797520954, -0.484589292905093 ], [ 117.174932248509862, -0.484591829242062 ], [ 117.174954037730771, -0.484631912578487 ], [ 117.175085387727066, -0.484882802344867 ], [ 117.175212815608447, -0.48513573372595 ], [ 117.175336290071385, -0.485390644588033 ], [ 117.175455780783537, -0.485647472311247 ], [ 117.175571258391145, -0.485906153804739 ], [ 117.175682694526287, -0.486166625522313 ], [ 117.175790061813828, -0.486428823478015 ], [ 117.175893333878207, -0.486692683261772 ], [ 117.175992485349738, -0.486958140055315 ], [ 117.176087491871087, -0.487225128648071 ], [ 117.17617833010307, -0.487493583453106 ], [ 117.176264977730469, -0.48776343852338 ], [ 117.176347413467496, -0.488034627567798 ], [ 117.176425617062975, -0.488307083967616 ], [ 117.176499569305463, -0.488580740792725 ], [ 117.176569252027775, -0.488855530818143 ], [ 117.176634648111616, -0.489131386540467 ], [ 117.176695741491613, -0.489408240194534 ], [ 117.176752517159485, -0.489686023770024 ], [ 117.17680496116752, -0.489964669028156 ], [ 117.176871961991949, -0.49033656852539 ], [ 117.176919868521978, -0.490614831627385 ], [ 117.176963455260434, -0.490893813528131 ], [ 117.177002711589353, -0.491173446269005 ], [ 117.177037627945566, -0.491453661732858 ], [ 117.177068195823082, -0.491734391660549 ], [ 117.177093992979678, -0.492011118150302 ], [ 117.177112781087757, -0.492100717805177 ], [ 117.177167010028725, -0.492381176461817 ], [ 117.177216833239598, -0.492662462168126 ], [ 117.177262238296933, -0.492944504788206 ], [ 117.177303213878858, -0.493227233997404 ], [ 117.177339749768009, -0.493510579299881 ], [ 117.177371836853965, -0.493794470046127 ], [ 117.177399467135558, -0.494078835450664 ], [ 117.177422633722927, -0.494363604609667 ], [ 117.177441330839088, -0.494648706518596 ], [ 117.177455553821588, -0.494934070089946 ], [ 117.177465299123469, -0.495219624170978 ], [ 117.177470564314277, -0.495505297561404 ], [ 117.177471348080573, -0.495791019031226 ], [ 117.177467650226419, -0.496076717338422 ], [ 117.177459471673217, -0.496362321246715 ], [ 117.177458181319238, -0.496391420574175 ], [ 117.177473729173656, -0.496549075485933 ], [ 117.177497168543354, -0.496831762681819 ], [ 117.177516202948993, -0.497114785051593 ], [ 117.177530827711948, -0.49739807303638 ], [ 117.177541039237298, -0.497681557012016 ], [ 117.177546835014738, -0.497965167306138 ], [ 117.177548213619303, -0.498248834215356 ], [ 117.177545174711611, -0.498532488022354 ], [ 117.177537719037986, -0.498816059012999 ], [ 117.177525848430207, -0.499099477493559 ], [ 117.177414654696534, -0.501337375722759 ], [ 117.17739885812567, -0.501613106801136 ], [ 117.177378882857127, -0.501888563037358 ], [ 117.177354733544234, -0.502163680255695 ], [ 117.177326415812686, -0.502438394359381 ], [ 117.177293936259474, -0.502712641345599 ], [ 117.177257302451082, -0.502986357320325 ], [ 117.17721652292191, -0.50325947851324 ], [ 117.177171607172269, -0.503531941292581 ], [ 117.177122565666011, -0.503803682180002 ], [ 117.177069409828334, -0.504074637865301 ], [ 117.177012152042906, -0.504344745221217 ], [ 117.176950805649099, -0.504613941318142 ], [ 117.176518411036199, -0.5064470409037 ], [ 117.176447902394187, -0.506735407961533 ], [ 117.176372702107258, -0.507022571252975 ], [ 117.17629283043118, -0.507308453425807 ], [ 117.175901334409872, -0.508666853349361 ], [ 117.175822539703873, -0.508932623941236 ], [ 117.175739707709837, -0.509197147480451 ], [ 117.175652857888778, -0.509460361816677 ], [ 117.175562010645592, -0.50972220510718 ], [ 117.175467187324571, -0.509982615831346 ], [ 117.175368410204044, -0.510241532805123 ], [ 117.175265702491373, -0.510498895195412 ], [ 117.175159088317415, -0.510754642534362 ], [ 117.175048592730874, -0.511008714733569 ], [ 117.174974435249027, -0.511172357354995 ], [ 117.174943283581811, -0.511292990882231 ], [ 117.174868683054754, -0.511564453214972 ], [ 117.174789894230088, -0.511834713687194 ], [ 117.174706936197737, -0.512103706814839 ], [ 117.174619829057818, -0.512371367420934 ], [ 117.174528593915824, -0.512637630651368 ], [ 117.174286495909811, -0.513326730760122 ], [ 117.17426522491337, -0.513385839449066 ], [ 117.174359784691688, -0.513339037181569 ], [ 117.174615077332376, -0.51321765515697 ], [ 117.174872232365615, -0.51310032492329 ], [ 117.175131186342469, -0.512987075429672 ], [ 117.175391875370153, -0.512877934618375 ], [ 117.175654235127823, -0.51277292941795 ], [ 117.175918200882435, -0.512672085736502 ], [ 117.176183707504705, -0.512575428455349 ], [ 117.176450689485151, -0.512482981422925 ], [ 117.176719080950249, -0.512394767448795 ], [ 117.176988815678826, -0.512310808298115 ], [ 117.177259827118249, -0.512231124686218 ], [ 117.17753204840082, -0.512155736273509 ], [ 117.177805412360456, -0.512084661660663 ], [ 117.178079851549086, -0.512017918383941 ], [ 117.178355298253379, -0.51195552291094 ], [ 117.178631684511387, -0.511897490636501 ], [ 117.178908942129397, -0.511843835878916 ], [ 117.17918700269874, -0.511794571876406 ], [ 117.179391608503877, -0.511761648608513 ], [ 117.179583579672496, -0.511716745177734 ], [ 117.179859766517481, -0.511656733350639 ], [ 117.180136856288826, -0.511601099439602 ], [ 117.180414780515932, -0.511549857191877 ], [ 117.180693470522058, -0.511503019269527 ], [ 117.180972857441247, -0.511460597246287 ], [ 117.181252872235319, -0.511422601604678 ], [ 117.18153344571094, -0.511389041733437 ], [ 117.181814508536789, -0.511359925925199 ], [ 117.182095991260582, -0.51133526137445 ], [ 117.182377824326281, -0.511315054175714 ], [ 117.182659938091362, -0.511299309322111 ], [ 117.182942262843824, -0.511288030704074 ], [ 117.183224728819638, -0.511281221108405 ], [ 117.183507266219848, -0.511278882217564 ], [ 117.18378980522786, -0.511281014609321 ], [ 117.184072276026654, -0.511287617756513 ], [ 117.184354608816165, -0.511298690027253 ], [ 117.184636733830317, -0.511314228685312 ], [ 117.184918581354495, -0.511334229890777 ], [ 117.185200081742565, -0.51135868870103 ], [ 117.185481165434211, -0.51138759907196 ], [ 117.185761762972135, -0.51142095385941 ], [ 117.186041805019116, -0.511458744821019 ], [ 117.186321222375199, -0.51150096261822 ], [ 117.186599945994843, -0.511547596818538 ], [ 117.186877907003904, -0.511598635898196 ], [ 117.187155036716661, -0.511654067244933 ], [ 117.187431266652879, -0.511713877161137 ], [ 117.187706528554628, -0.511778050867231 ], [ 117.187980754403156, -0.51184657250533 ], [ 117.18825387643578, -0.511919425143168 ], [ 117.188525827162564, -0.511996590778191 ], [ 117.188796539382949, -0.512078050342192 ], [ 117.189065946202476, -0.512163783705825 ], [ 117.189333981049288, -0.51225376968368 ], [ 117.189600577690442, -0.512347986039556 ], [ 117.18986567024848, -0.512446409491852 ], [ 117.190129193217572, -0.51254901571938 ], [ 117.190391081479717, -0.512655779367366 ], [ 117.190651270320885, -0.512766674053753 ], [ 117.190909695446948, -0.512881672375647 ], [ 117.191166292999668, -0.513000745916121 ], [ 117.191420999572344, -0.513123865251262 ], [ 117.191673752225526, -0.513250999957408 ], [ 117.191924488502622, -0.513382118618696 ], [ 117.192173146445313, -0.513517188834777 ], [ 117.192419664608764, -0.513656177228872 ], [ 117.192663982076979, -0.513799049456014 ], [ 117.192906038477659, -0.513945770211502 ], [ 117.19314577399733, -0.514096303239635 ], [ 117.193383129395912, -0.514250611342724 ], [ 117.193618046021527, -0.514408656390177 ], [ 117.193850465824866, -0.51457039932805 ], [ 117.194080331373655, -0.514735800188569 ], [ 117.194307585866738, -0.514904818100108 ], [ 117.194532173148147, -0.515077411297262 ], [ 117.194754037721026, -0.515253537131113 ], [ 117.194973124761304, -0.515433152079842 ], [ 117.195189380131197, -0.515616211759414 ], [ 117.195402750392674, -0.515802670934652 ], [ 117.195613182820566, -0.515992483530268 ], [ 117.195648758693537, -0.516025602964263 ], [ 117.195822777808644, -0.516090133456588 ], [ 117.196086143769833, -0.516192553565403 ], [ 117.196347879204055, -0.516299125505907 ], [ 117.19660791953261, -0.516409822983092 ], [ 117.196866200595053, -0.51652461868408 ], [ 117.197122658664895, -0.516643484284771 ], [ 117.197377230465506, -0.516766390456964 ], [ 117.197629853185703, -0.516893306875439 ], [ 117.197880464495071, -0.517024202225568 ], [ 117.198129002559625, -0.51715904421099 ], [ 117.198375406056783, -0.517297799561556 ], [ 117.198619614190676, -0.517440434041592 ], [ 117.198861566707095, -0.517586912458321 ], [ 117.199101203908384, -0.517737198670492 ], [ 117.199338466668067, -0.51789125559741 ], [ 117.199573296445607, -0.518049045227989 ], [ 117.199805635300692, -0.518210528630168 ], [ 117.200035425907586, -0.518375665960514 ], [ 117.200262611569372, -0.518544416474069 ], [ 117.200487136231757, -0.518716738534372 ], [ 117.200708944496995, -0.518892589623736 ], [ 117.200927981637605, -0.519071926353753 ], [ 117.201144193609778, -0.519254704476003 ], [ 117.201357527066847, -0.519440878892962 ], [ 117.201567929372203, -0.519630403669139 ], [ 117.201775348612586, -0.51982323204238 ], [ 117.201979733610656, -0.520019316435432 ], [ 117.202181033937748, -0.52021860846767 ], [ 117.202379199926284, -0.520421058967074 ], [ 117.202574182681971, -0.520626617982284 ], [ 117.202765934095936, -0.520835234794996 ], [ 117.20295440685662, -0.521046857932419 ], [ 117.203139554461316, -0.521261435180045 ], [ 117.203321331227812, -0.521478913594457 ], [ 117.203499692305542, -0.521699239516425 ], [ 117.203674593686671, -0.521922358584161 ], [ 117.20384599221704, -0.52214821574672 ], [ 117.204013845606653, -0.522376755277549 ], [ 117.20417811244026, -0.522607920788285 ], [ 117.204338752187539, -0.522841655242657 ], [ 117.204495725213036, -0.523077900970544 ], [ 117.204648992785991, -0.523316599682173 ], [ 117.204798517089927, -0.523557692482619 ], [ 117.20494426123193, -0.523801119886155 ], [ 117.205086189251674, -0.524046821831119 ], [ 117.205224266130557, -0.524294737694589 ], [ 117.205358457799989, -0.524544806307399 ], [ 117.205488731150098, -0.524796965969234 ], [ 117.205615054037722, -0.525051154463869 ], [ 117.205737395294449, -0.525307309074446 ], [ 117.205855724734178, -0.525565366599035 ], [ 117.205970013160709, -0.52582526336618 ], [ 117.206080232374873, -0.526086935250626 ], [ 117.206186355181472, -0.526350317689108 ], [ 117.20628835539604, -0.526615345696357 ], [ 117.206386207851253, -0.526881953881011 ], [ 117.20647988840318, -0.527150076461905 ], [ 117.206569373937256, -0.527419647284135 ], [ 117.206654642373948, -0.527690599835538 ], [ 117.206735672674142, -0.527962867262965 ], [ 117.206812444844488, -0.528236382388887 ], [ 117.206884939942213, -0.528511077727885 ], [ 117.206953140079818, -0.528786885503339 ], [ 117.207017028429547, -0.529063737664173 ], [ 117.207076589227455, -0.529341565901608 ], [ 117.207131807777373, -0.529620301666013 ], [ 117.207182670454458, -0.529899876183841 ], [ 117.207229164708664, -0.53018022047461 ], [ 117.207271279067697, -0.530461265367882 ], [ 117.207309003139997, -0.530742941520323 ], [ 117.20734232761717, -0.531025179432916 ], [ 117.207371244276388, -0.531307909467942 ], [ 117.207395745982353, -0.531591061866306 ], [ 117.207415826689058, -0.531874566764692 ], [ 117.207431481441333, -0.532158354212765 ], [ 117.207442706376028, -0.532442354190499 ], [ 117.207449498722966, -0.532726496625427 ], [ 117.207451856805633, -0.533010711409887 ], [ 117.207449780041642, -0.53329492841839 ], [ 117.20744326894274, -0.533579077524896 ], [ 117.207432325114866, -0.53386308862005 ], [ 117.207416951257571, -0.534146891628612 ], [ 117.207397151163519, -0.534430416526639 ], [ 117.207372929717437, -0.534713593358796 ], [ 117.207344292894959, -0.534996352255611 ], [ 117.207311247761155, -0.535278623450746 ], [ 117.207273802468777, -0.535560337298173 ], [ 117.207231966256174, -0.535841424289358 ], [ 117.207185749445216, -0.536121815070435 ], [ 117.207135163438508, -0.536401440459295 ], [ 117.207080220716747, -0.536680231462689 ], [ 117.207020934835541, -0.536958119293213 ], [ 117.206957320422177, -0.537235035386296 ], [ 117.206889393171821, -0.53751091141709 ], [ 117.20681716984393, -0.53778567931743 ], [ 117.206740668257837, -0.538059271292459 ], [ 117.206659907288497, -0.538331619837525 ], [ 117.206574906861832, -0.538602657754733 ], [ 117.206485687949808, -0.538872318169525 ], [ 117.206392272565154, -0.539140534547262 ], [ 117.206294683756113, -0.539407240709556 ], [ 117.206192945600648, -0.539672370850632 ], [ 117.206087083200501, -0.539935859553556 ], [ 117.205977122674994, -0.540197641806395 ], [ 117.205863091154654, -0.540457653018248 ], [ 117.205745016774458, -0.540715829035165 ], [ 117.205622928666884, -0.540972106155994 ], [ 117.205496856954781, -0.541226421148098 ], [ 117.205366832743877, -0.541478711262966 ], [ 117.205232888115177, -0.541728914251663 ], [ 117.205095056116917, -0.541976968380217 ], [ 117.204953370756598, -0.542222812444836 ], [ 117.204807866992397, -0.542466385787042 ], [ 117.20465858072474, -0.54270762830857 ], [ 117.204505548787239, -0.542946480486279 ], [ 117.20434880893778, -0.543182883386781 ], [ 117.204188399849087, -0.543416778680989 ], [ 117.204024361099286, -0.543648108658536 ], [ 117.203856733162041, -0.543876816241984 ], [ 117.203685557396639, -0.544102845000951 ], [ 117.203510876037711, -0.544326139165973 ], [ 117.20333273218489, -0.544546643642312 ], [ 117.203151169792179, -0.544764304023504 ], [ 117.202966233656994, -0.544979066604873 ], [ 117.202777969409283, -0.545190878396663 ], [ 117.20258642350008, -0.545399687137196 ], [ 117.202391643190197, -0.545605441305768 ], [ 117.202383294535977, -0.545613987417226 ], [ 117.207907572975458, -0.54727929654001 ], [ 117.20804068051379, -0.547115425807202 ], [ 117.208222814711092, -0.546898250163029 ], [ 117.208408314993633, -0.546683981297698 ], [ 117.20859713559166, -0.546472672078601 ], [ 117.208789229916192, -0.546264374642842 ], [ 117.208984550570591, -0.546059140384432 ], [ 117.209183049362125, -0.54585701994153 ], [ 117.209384677313949, -0.545658063184043 ], [ 117.20958938467713, -0.545462319201272 ], [ 117.209797120943009, -0.545269836289827 ], [ 117.210007834855588, -0.545080661941632 ], [ 117.210221474424202, -0.544894842832312 ], [ 117.210437986936356, -0.544712424809617 ], [ 117.210657318970647, -0.544533452882147 ], [ 117.210879416410108, -0.544357971208196 ], [ 117.21110422445544, -0.544186023084865 ], [ 117.21133168763852, -0.544017650937466 ], [ 117.211561749836221, -0.543852896308918 ], [ 117.211794354284081, -0.543691799849619 ], [ 117.212029443590424, -0.543534401307337 ], [ 117.212266959750508, -0.543380739517437 ], [ 117.212506844160842, -0.543230852393286 ], [ 117.212747831400947, -0.543085504438629 ], [ 117.212724951225482, -0.543016761641431 ], [ 117.212640343279958, -0.542748808497443 ], [ 117.212559881391684, -0.542479564241021 ], [ 117.212483584987851, -0.54220909388182 ], [ 117.212411472489919, -0.541937462725525 ], [ 117.21234356130914, -0.541664736358068 ], [ 117.212279867842298, -0.54139098062985 ], [ 117.212220407467797, -0.541116261639785 ], [ 117.212165194541939, -0.540840645719354 ], [ 117.212114242395472, -0.540564199416635 ], [ 117.212067563330351, -0.540286989480168 ], [ 117.212025168616833, -0.540009082842853 ], [ 117.211987068490629, -0.539730546605849 ], [ 117.211953272150524, -0.539451448022282 ], [ 117.211923787756177, -0.539171854481048 ], [ 117.211898622426062, -0.538891833490603 ], [ 117.211877782235845, -0.538611452662532 ], [ 117.211861272216851, -0.53833077969532 ], [ 117.211849096354854, -0.538049882358005 ], [ 117.211838397205412, -0.537749481962034 ], [ 117.211830390891393, -0.537460024062709 ], [ 117.211826986915284, -0.537170474248028 ], [ 117.21182818614821, -0.536880906672855 ], [ 117.211833988282365, -0.536591395496621 ], [ 117.211844391831178, -0.536302014864277 ], [ 117.21185939412959, -0.536012838887335 ], [ 117.211878991334814, -0.535723941624881 ], [ 117.211903178427235, -0.535435397064643 ], [ 117.211931949211802, -0.535147279103989 ], [ 117.211965296319534, -0.534859661530978 ], [ 117.212003211209463, -0.534572618005575 ], [ 117.212045684170747, -0.534286222040678 ], [ 117.212092704325272, -0.534000546983369 ], [ 117.212144259630321, -0.533715665996014 ], [ 117.212200336881736, -0.533431652037692 ], [ 117.212260921717288, -0.533148577845384 ], [ 117.212325998620273, -0.532866515915352 ], [ 117.212444000214475, -0.532373015695786 ], [ 117.212510942455978, -0.532102246271019 ], [ 117.21258202429668, -0.531832548219017 ], [ 117.212657228832924, -0.531563985673508 ], [ 117.21273653818055, -0.531296622498191 ], [ 117.212819933479409, -0.531030522271504 ], [ 117.212907394897599, -0.530765748271642 ], [ 117.212998901636425, -0.530502363461306 ], [ 117.213094431935133, -0.530240430472921 ], [ 117.21319396307625, -0.529980011593611 ], [ 117.213297471390916, -0.529721168750463 ], [ 117.213404932264453, -0.529463963495786 ], [ 117.213516320142318, -0.529208456992413 ], [ 117.213631608536161, -0.528954709999262 ], [ 117.213750770030074, -0.528702782856806 ], [ 117.213873776287144, -0.528452735472737 ], [ 117.214000598056231, -0.528204627307771 ], [ 117.214268799594691, -0.527689727585682 ], [ 117.214400145953547, -0.527442250246395 ], [ 117.214535288437588, -0.527196852992597 ], [ 117.214674194550099, -0.526953594832122 ], [ 117.214733141694069, -0.526853972027821 ], [ 117.214682187984224, -0.526730553577465 ], [ 117.214577939505332, -0.526466413794727 ], [ 117.214477825229082, -0.526200658163811 ], [ 117.214381869856851, -0.525933352256275 ], [ 117.214290097063895, -0.525664562026284 ], [ 117.214202529493406, -0.525394353794157 ], [ 117.214119188751056, -0.525122794230126 ], [ 117.214040095399554, -0.524849950337801 ], [ 117.213965268953643, -0.524575889437739 ], [ 117.2138947278752, -0.524300679150681 ], [ 117.213828489568797, -0.524024387381065 ], [ 117.213766570377317, -0.523747082300057 ], [ 117.213708985577938, -0.523468832328921 ], [ 117.213655749378418, -0.523189706121997 ], [ 117.213606874913495, -0.522909772549864 ], [ 117.213562374241718, -0.52262910068227 ], [ 117.213522258342536, -0.522347759771113 ], [ 117.213486537113383, -0.522065819233385 ], [ 117.21345521936739, -0.521783348633997 ], [ 117.213428312831297, -0.521500417668665 ], [ 117.21340582414328, -0.521217096146661 ], [ 117.213387758851567, -0.520933453973632 ], [ 117.21337412141294, -0.520649561134321 ], [ 117.213364915191633, -0.520365487675296 ], [ 117.213360142458583, -0.520081303687711 ], [ 117.213359804390819, -0.519797079289979 ], [ 117.213363901071119, -0.519512884610452 ], [ 117.213372431488111, -0.519228789770161 ], [ 117.213385393536456, -0.518944864865479 ], [ 117.213402784017319, -0.518661179950859 ], [ 117.213424598639236, -0.518377805021501 ], [ 117.213450832019205, -0.518094809996153 ], [ 117.213481477683828, -0.517812264699763 ], [ 117.213516528071182, -0.517530238846352 ], [ 117.21355597453244, -0.517248802021756 ], [ 117.213599807334163, -0.516968023666426 ], [ 117.213648015660624, -0.516687973058403 ], [ 117.213700587616501, -0.516408719296096 ], [ 117.213757510229783, -0.516130331281345 ], [ 117.213818769455074, -0.515852877702301 ], [ 117.213884350176954, -0.515576427016608 ], [ 117.213954236213681, -0.515301047434414 ], [ 117.214028410321305, -0.515026806901621 ], [ 117.214106854197865, -0.514753773083016 ], [ 117.21418954848788, -0.514482013345656 ], [ 117.214276472787134, -0.514211594742268 ], [ 117.214367605647766, -0.513942583994615 ], [ 117.214462924583458, -0.513675047477084 ], [ 117.214562406075117, -0.513409051200339 ], [ 117.214666025576534, -0.513144660794956 ], [ 117.214773757520632, -0.512881941495298 ], [ 117.214885575325511, -0.51262095812342 ], [ 117.215001451401235, -0.512361775073011 ], [ 117.215121357156576, -0.512104456293582 ], [ 117.21524526300604, -0.511849065274598 ], [ 117.215373138377089, -0.511595665029918 ], [ 117.215504951717932, -0.511344318082193 ], [ 117.215640670505024, -0.511095086447414 ], [ 117.215780261251268, -0.510848031619639 ], [ 117.215923689514256, -0.510603214555865 ], [ 117.216070919904681, -0.510360695660876 ], [ 117.216221916095193, -0.510120534772482 ], [ 117.216376640829282, -0.509882791146617 ], [ 117.216535055930493, -0.509647523442822 ], [ 117.216697122311743, -0.509414789709692 ], [ 117.216862799985265, -0.509184647370625 ], [ 117.217032048072085, -0.508957153209614 ], [ 117.217204824812384, -0.508732363357226 ], [ 117.217381087575717, -0.508510333276802 ], [ 117.217560792871552, -0.508291117750737 ], [ 117.217743896359863, -0.508074770866914 ], [ 117.217930352862354, -0.507861346005481 ], [ 117.218120116373299, -0.507650895825581 ], [ 117.218313140071132, -0.507443472252379 ], [ 117.21850937632982, -0.50723912646429 ], [ 117.21870877673075, -0.507037908880303 ], [ 117.218911292074623, -0.506839869147583 ], [ 117.219116872393585, -0.506645056129161 ], [ 117.219325466963525, -0.506453517891962 ], [ 117.219537024316679, -0.506265301694866 ], [ 117.219751492254261, -0.506080453977102 ], [ 117.219968817859339, -0.505899020346751 ], [ 117.220188947509982, -0.505721045569559 ], [ 117.220411826892317, -0.505546573557783 ], [ 117.220637401014116, -0.505375647359466 ], [ 117.220865614218255, -0.505208309147744 ], [ 117.221096410196481, -0.505044600210461 ], [ 117.221329732003312, -0.504884560940041 ], [ 117.221565522070023, -0.504728230823396 ], [ 117.221803722218951, -0.5045756484323 ], [ 117.221816358300345, -0.504567832178876 ], [ 117.221861305156423, -0.504470967019084 ], [ 117.22198479876694, -0.504215373934179 ], [ 117.222112265098261, -0.503961765132464 ], [ 117.22224367269942, -0.503710203188084 ], [ 117.222378989147032, -0.503460750170058 ], [ 117.222518181053275, -0.503213467627111 ], [ 117.22266121407408, -0.502968416572403 ], [ 117.222808052917756, -0.502725657468502 ], [ 117.222958661353474, -0.502485250212449 ], [ 117.223113002220416, -0.502247254121 ], [ 117.223271037436831, -0.502011727915976 ], [ 117.223432728009399, -0.501778729709775 ], [ 117.223598034043022, -0.501548316991063 ], [ 117.223766914750442, -0.50132054661055 ], [ 117.223939328462492, -0.501095474766972 ], [ 117.224115232638255, -0.500873156993236 ], [ 117.224294583875661, -0.500653648142702 ], [ 117.224477337922139, -0.500437002375706 ], [ 117.224663449685451, -0.500223273146089 ], [ 117.224852873245041, -0.500012513188107 ], [ 117.225045561863141, -0.49980477450339 ], [ 117.225241467996426, -0.499600108348092 ], [ 117.225440543307741, -0.499398565220263 ], [ 117.225642738677934, -0.499200194847354 ], [ 117.225848004218108, -0.499005046174034 ], [ 117.226056289281843, -0.498813167350027 ], [ 117.2262675424777, -0.498624605718245 ], [ 117.226481711681927, -0.49843940780316 ], [ 117.226698744051305, -0.498257619299295 ], [ 117.22691858603622, -0.498079285059884 ], [ 117.227141183393812, -0.497904449085949 ], [ 117.227366481201358, -0.497733154515297 ], [ 117.227594423869959, -0.49756544361199 ], [ 117.227824955158084, -0.497401357755824 ], [ 117.228058018185507, -0.49724093743219 ], [ 117.228293555447422, -0.497084222222043 ], [ 117.228531508828468, -0.496931250792181 ], [ 117.228771819617222, -0.496782060885654 ], [ 117.229014428520642, -0.496636689312462 ], [ 117.229259275678601, -0.496495171940526 ], [ 117.229506300678835, -0.496357543686734 ], [ 117.229755442571673, -0.496223838508469 ], [ 117.23000663988519, -0.496094089395095 ], [ 117.230259830640321, -0.495968328359873 ], [ 117.230514952366136, -0.495846586432086 ], [ 117.230771942115368, -0.495728893649373 ], [ 117.231030736479795, -0.495615279050266 ], [ 117.23129127160594, -0.495505770667092 ], [ 117.231553483210902, -0.495400395519049 ], [ 117.231817306598089, -0.495299179605464 ], [ 117.232082676673315, -0.495202147899489 ], [ 117.232349527960693, -0.495109324341854 ], [ 117.232617794618974, -0.495020731835012 ], [ 117.232887410457636, -0.494936392237466 ], [ 117.233158308953335, -0.494856326358358 ], [ 117.233430423266242, -0.494780553952393 ], [ 117.233703686256575, -0.494709093714904 ], [ 117.23397803050112, -0.494641963277254 ], [ 117.234253388309938, -0.494579179202516 ], [ 117.234529691742992, -0.494520756981366 ], [ 117.234806872626919, -0.49446671102827 ], [ 117.235084862571938, -0.494417054677865 ], [ 117.23536359298862, -0.494371800181806 ], [ 117.235642995104797, -0.494330958705577 ], [ 117.235922999982719, -0.494294540325903 ], [ 117.236203538535804, -0.494262554028131 ], [ 117.236484541545821, -0.49423500770406 ], [ 117.236765939680012, -0.494211908150019 ], [ 117.237047663508122, -0.494193261065161 ], [ 117.237329643519473, -0.494179071050088 ], [ 117.23761181014028, -0.494169341605647 ], [ 117.237894093750668, -0.49416407513216 ], [ 117.23817642470199, -0.494163272928747 ], [ 117.238458733333772, -0.494166935193073 ], [ 117.238740949991211, -0.494175061021248 ], [ 117.239023005042156, -0.49418764840811 ], [ 117.239304828894291, -0.494204694247636 ], [ 117.240140158456185, -0.494261850000528 ], [ 117.241180782038342, -0.494329887664282 ], [ 117.241271680508831, -0.494336552860054 ], [ 117.241362614427317, -0.494342708556159 ], [ 117.241412471548443, -0.494346876461767 ], [ 117.241462368090424, -0.494350535159952 ], [ 117.241553151349663, -0.494358636868575 ], [ 117.241643978003438, -0.494366229701018 ], [ 117.24169376394255, -0.494371185459873 ], [ 117.241743597242305, -0.494375632697443 ], [ 117.241834242891002, -0.49438516891983 ], [ 117.241924939870231, -0.494394197015155 ], [ 117.241974642343735, -0.494399939404499 ], [ 117.242024400105507, -0.494405174084087 ], [ 117.242114885779671, -0.494416142467385 ], [ 117.24220543070517, -0.494426603597845 ], [ 117.242255037448558, -0.494433131200637 ], [ 117.242304707396741, -0.494439152030767 ], [ 117.242339100804955, -0.494443873935333 ], [ 117.242494966278926, -0.494462127698483 ], [ 117.242773183333966, -0.494499151036323 ], [ 117.243050792275852, -0.494540542771398 ], [ 117.243327725429168, -0.494586292812982 ], [ 117.243603915283245, -0.494636390007854 ], [ 117.243879294508631, -0.494690822143058 ], [ 117.244153795973517, -0.494749575948886 ], [ 117.244427352760056, -0.494812637102082 ], [ 117.244699898180698, -0.494879990229345 ], [ 117.244971365794427, -0.494951618911087 ], [ 117.245241689423011, -0.495027505685425 ], [ 117.245510803167065, -0.49510763205243 ], [ 117.245778641422191, -0.495191978478673 ], [ 117.245807075252401, -0.495201425847595 ], [ 117.245952525002437, -0.494983513269782 ], [ 117.246113650752562, -0.494750119541483 ], [ 117.246278398201099, -0.494519302421524 ], [ 117.246446726698636, -0.494291118860418 ], [ 117.246618594712146, -0.494065625158875 ], [ 117.246793959835429, -0.493842876953889 ], [ 117.246972778799318, -0.493622929205034 ], [ 117.247155007482547, -0.493405836180947 ], [ 117.247340600922556, -0.493191651445851 ], [ 117.247529513326569, -0.49298042784639 ], [ 117.247721698082955, -0.492772217498588 ], [ 117.247917107772651, -0.492567071774989 ], [ 117.248115694180953, -0.492365041291969 ], [ 117.248317408309347, -0.492166175897246 ], [ 117.248522200387654, -0.491970524657632 ], [ 117.248730019886196, -0.491778135846832 ], [ 117.248940815528414, -0.491589056933627 ], [ 117.249154535303404, -0.4914033345701 ], [ 117.24937112647882, -0.49122101458017 ], [ 117.249590535613848, -0.49104214194824 ], [ 117.249812708572392, -0.490866760808123 ], [ 117.250037590536522, -0.490694914432188 ], [ 117.250265126019769, -0.490526645220593 ], [ 117.250495258881074, -0.490361994690921 ], [ 117.250727932338577, -0.490201003467865 ], [ 117.250963088983426, -0.490043711273273 ], [ 117.251200670794248, -0.489890156916249 ], [ 117.251440619151211, -0.489740378283688 ], [ 117.251682874850687, -0.489594412330837 ], [ 117.251927378119703, -0.489452295072261 ], [ 117.252174068630751, -0.489314061572879 ], [ 117.252422885516694, -0.48917974593937 ], [ 117.252673767385758, -0.489049381311697 ], [ 117.252926652336683, -0.488922999855013 ], [ 117.25318147797401, -0.488800632751648 ], [ 117.253438181423405, -0.488682310193483 ], [ 117.253696699347302, -0.488568061374425 ], [ 117.253956967960448, -0.488457914483271 ], [ 117.254218923045642, -0.488351896696738 ], [ 117.254482499969527, -0.488250034172702 ], [ 117.254747633698727, -0.488152352043861 ], [ 117.255014258815635, -0.488058874411367 ], [ 117.255282309534792, -0.487969624339076 ], [ 117.255551719718937, -0.487884623847706 ], [ 117.255822422895463, -0.487803893909439 ], [ 117.256094352272655, -0.487727454442799 ], [ 117.25636744075635, -0.4876553243077 ], [ 117.25664162096642, -0.487587521300774 ], [ 117.256916825253313, -0.487524062151011 ], [ 117.257192985714866, -0.487464962515609 ], [ 117.257470034213, -0.487410236976166 ], [ 117.257747902390562, -0.487359899035009 ], [ 117.258026521688151, -0.487313961111888 ], [ 117.258305823361027, -0.487272434540926 ], [ 117.258585738496137, -0.48723532956784 ], [ 117.258866198029054, -0.48720265534736 ], [ 117.259147132761086, -0.487174419941007 ], [ 117.259428473376218, -0.487150630315084 ], [ 117.259710150458389, -0.487131292339011 ], [ 117.259992094508505, -0.48711641078379 ], [ 117.260274235961603, -0.487105989320907 ], [ 117.260556505204008, -0.487100030521376 ], [ 117.260838832590551, -0.487098535855127 ], [ 117.261121148461768, -0.487101505690655 ], [ 117.261403383160925, -0.487108939294884 ], [ 117.261685467051464, -0.487120834833403 ], [ 117.261967330533935, -0.487137189370886 ], [ 117.262248904063327, -0.487157998871817 ], [ 117.262530118166197, -0.487183258201501 ], [ 117.262810903457748, -0.487212961127344 ], [ 117.263091190659026, -0.487247100320318 ], [ 117.263370910613943, -0.487285667356885 ], [ 117.263649994306434, -0.487328652720963 ], [ 117.263928372877359, -0.487376045806356 ], [ 117.264205977641609, -0.487427834919316 ], [ 117.264482740104995, -0.487484007281487 ], [ 117.264758591981121, -0.487544549032976 ], [ 117.26503346520829, -0.48760944523584 ], [ 117.265307291966295, -0.487678679877773 ], [ 117.265547267641296, -0.487743406048564 ], [ 117.263833500000018, -0.491613 ], [ 117.26320029999998, -0.4948856 ], [ 117.2618678, -0.5011912 ], [ 117.2613205, -0.5036183 ], [ 117.2609517, -0.5054742 ], [ 117.262867199999988, -0.5092814 ], [ 117.2630576, -0.5098168 ], [ 117.263140800000016, -0.5104354 ], [ 117.261484700000011, -0.5112611 ], [ 117.260699500000015, -0.5119035 ], [ 117.2602208, -0.5121817 ], [ 117.2600264, -0.5123436 ], [ 117.26000710000001, -0.5126816 ], [ 117.259935699999986, -0.5129386 ], [ 117.2595255, -0.513094 ], [ 117.2584788, -0.513782 ], [ 117.258079, -0.5144387 ], [ 117.257864899999987, -0.5154238 ], [ 117.2578363, -0.5166659 ], [ 117.2583075, -0.5186075 ], [ 117.258407399999982, -0.5197497 ], [ 117.2580003, -0.5213311 ], [ 117.2579755, -0.5217872 ], [ 117.2571944, -0.5238056 ], [ 117.2585, -0.5246389 ], [ 117.2597068, -0.5244581 ], [ 117.2603083, -0.5244277 ], [ 117.26160280000002, -0.5245571 ], [ 117.2620672, -0.5245571 ], [ 117.26265, -0.5246389 ], [ 117.2628553, -0.5245724 ], [ 117.2637157, -0.5246028 ], [ 117.264163900000014, -0.5249556 ], [ 117.2695, -0.5255556 ], [ 117.269138900000016, -0.5300556 ], [ 117.26825, -0.5299722 ], [ 117.2680833, -0.5317222 ], [ 117.2629167, -0.5301111 ], [ 117.2627778, -0.5306667 ], [ 117.2628094, -0.5376315 ], [ 117.2629167, -0.53975 ], [ 117.263722200000018, -0.5398056 ], [ 117.264583300000012, -0.5398056 ], [ 117.264627, -0.5429531 ], [ 117.264830500000016, -0.5443979 ], [ 117.264916699999986, -0.546 ], [ 117.264851, -0.5495924 ], [ 117.2681667, -0.5497778 ], [ 117.267572800000011, -0.5597703 ], [ 117.2674618, -0.5596841 ], [ 117.2671337, -0.5595357 ], [ 117.2651957, -0.5589517 ], [ 117.2640818, -0.5585197 ], [ 117.2635713, -0.5582203 ], [ 117.262817799999979, -0.5574737 ], [ 117.2621044, -0.5570189 ], [ 117.2617953, -0.5567616 ], [ 117.2615159, -0.5564684 ], [ 117.261403, -0.556235 ], [ 117.2614029, -0.5557682 ], [ 117.2615812, -0.5550501 ], [ 117.2618808, -0.5542673 ], [ 117.261959300000015, -0.5538867 ], [ 117.2618879, -0.5531614 ], [ 117.261664400000015, -0.5529651 ], [ 117.2613552, -0.5528885 ], [ 117.261065200000019, -0.552922 ], [ 117.260803600000017, -0.5531088 ], [ 117.2604897, -0.5534295 ], [ 117.2601474, -0.5539514 ], [ 117.259690800000016, -0.554344 ], [ 117.2592153, -0.5544828 ], [ 117.2589537, -0.5544254 ], [ 117.258773, -0.5542962 ], [ 117.258506600000018, -0.553894 ], [ 117.2584591, -0.5535972 ], [ 117.2584591, -0.5530323 ], [ 117.258530399999984, -0.5524195 ], [ 117.258530300000018, -0.5521179 ], [ 117.2585113, -0.5518928 ], [ 117.2583972, -0.5516966 ], [ 117.258264, -0.5515577 ], [ 117.257983400000015, -0.5514285 ], [ 117.255691100000021, -0.550495 ], [ 117.255344, -0.5504376 ], [ 117.25508240000002, -0.5505094 ], [ 117.254916, -0.5506435 ], [ 117.254825600000018, -0.5508589 ], [ 117.2548447, -0.5512994 ], [ 117.254930300000012, -0.5517925 ], [ 117.2552252, -0.5528074 ], [ 117.255463, -0.5531473 ], [ 117.255696, -0.5533867 ], [ 117.2570324, -0.5542196 ], [ 117.2572226, -0.5544734 ], [ 117.2572845, -0.5546792 ], [ 117.2572988, -0.5548947 ], [ 117.2572179, -0.5550239 ], [ 117.257042, -0.5551436 ], [ 117.25688980000001, -0.5551915 ], [ 117.2564855, -0.5550479 ], [ 117.2557864, -0.5545979 ], [ 117.2555867, -0.5545692 ], [ 117.255377399999986, -0.5545931 ], [ 117.2552776, -0.5546458 ], [ 117.255134900000016, -0.5548517 ], [ 117.2548924, -0.5556225 ], [ 117.2547022, -0.5558283 ], [ 117.254512, -0.5558954 ], [ 117.254355, -0.5558619 ], [ 117.254207599999987, -0.5557613 ], [ 117.2541125, -0.5555746 ], [ 117.2541077, -0.5545788 ], [ 117.2540744, -0.5542916 ], [ 117.2538794, -0.5538416 ], [ 117.25377, -0.5537554 ], [ 117.253594, -0.5537554 ], [ 117.2527238, -0.5541528 ], [ 117.2524051, -0.5542677 ], [ 117.2521864, -0.5543012 ], [ 117.251967600000015, -0.5542055 ], [ 117.251706, -0.5538704 ], [ 117.251677500000014, -0.5537028 ], [ 117.2517631, -0.5535544 ], [ 117.25192, -0.5534539 ], [ 117.252057900000011, -0.5534155 ], [ 117.2523956, -0.5533868 ], [ 117.2526476, -0.5532527 ], [ 117.2526999, -0.5531235 ], [ 117.2526857, -0.5529942 ], [ 117.2524003, -0.5524293 ], [ 117.252376500000011, -0.552233 ], [ 117.2524003, -0.5520559 ], [ 117.252874600000013, -0.5512875 ], [ 117.252874600000013, -0.551096 ], [ 117.252823500000019, -0.5508889 ], [ 117.252614200000011, -0.5506208 ], [ 117.252281300000021, -0.5504006 ], [ 117.251748699999979, -0.5503336 ], [ 117.2515299, -0.5504102 ], [ 117.251387300000019, -0.55064 ], [ 117.2512351, -0.5510901 ], [ 117.25053130000002, -0.5519997 ], [ 117.250502800000021, -0.5522199 ], [ 117.2506264, -0.5525838 ], [ 117.2506074, -0.5528423 ], [ 117.2503982, -0.5530434 ], [ 117.25, -0.5531467 ], [ 117.2496538, -0.5531692 ], [ 117.2495378, -0.5531962 ], [ 117.249469500000018, -0.553259 ], [ 117.2493684, -0.5534894 ], [ 117.2494235, -0.5537473 ], [ 117.2494051, -0.553914 ], [ 117.249327099999988, -0.5540921 ], [ 117.246394, -0.5577 ], [ 117.2406317, -0.5567749 ], [ 117.2383653, -0.5565489 ], [ 117.2384723, -0.5603798 ], [ 117.238287900000017, -0.5605999 ], [ 117.2378239, -0.5615636 ], [ 117.236293900000021, -0.561309 ], [ 117.2364795, -0.5616373 ], [ 117.236600900000013, -0.5619479 ], [ 117.2366473, -0.5622584 ], [ 117.236554499999983, -0.5642678 ], [ 117.2365552, -0.5644418 ], [ 117.236561600000016, -0.566031 ], [ 117.2365831, -0.5661988 ], [ 117.2368722, -0.5666199 ], [ 117.235849900000019, -0.5691541 ], [ 117.235683, -0.569375 ], [ 117.235565, -0.5698785 ], [ 117.235556, -0.5704484 ], [ 117.235897, -0.575575 ], [ 117.239373, -0.574361 ], [ 117.244652, -0.574005 ], [ 117.248161, -0.57417 ], [ 117.258097, -0.576341 ], [ 117.2596075, -0.5767812 ], [ 117.261127, -0.577224 ], [ 117.270407, -0.581075 ], [ 117.277287, -0.584673 ], [ 117.282274, -0.589344 ], [ 117.284546, -0.592752 ], [ 117.284546, -0.59553 ], [ 117.284041, -0.596603 ], [ 117.283347, -0.597297 ], [ 117.281769, -0.598118 ], [ 117.279727399999985, -0.5979029 ], [ 117.278988, -0.597825 ], [ 117.2764458, -0.5966461 ], [ 117.2738486, -0.5960905 ], [ 117.27276430000002, -0.5962246 ], [ 117.27173710000001, -0.5965502 ], [ 117.270690900000019, -0.5971056 ], [ 117.2705954, -0.5973208 ], [ 117.270201, -0.598793 ], [ 117.2701252, -0.5999514 ], [ 117.2702996, -0.6035746 ], [ 117.2700331, -0.6072295 ], [ 117.269500100000016, -0.609133 ], [ 117.2681296, -0.6110556 ], [ 117.2655217, -0.613911 ], [ 117.2622475, -0.6172993 ], [ 117.2596396, -0.6195265 ], [ 117.2558706, -0.6209732 ], [ 117.251009, -0.6223351 ], [ 117.248693, -0.623482 ], [ 117.2480538, -0.6240726 ], [ 117.246164800000017, -0.6265995 ], [ 117.2446657, -0.6294691 ], [ 117.242495599999984, -0.632096 ], [ 117.240482600000021, -0.6331382 ], [ 117.2364423, -0.6343946 ], [ 117.23104570000001, -0.6351084 ], [ 117.22921820000002, -0.6361078 ], [ 117.228290200000018, -0.6373499 ], [ 117.2281771, -0.6390389 ], [ 117.228895, -0.640095 ], [ 117.23248289999998, -0.6456922 ], [ 117.2332919, -0.6478338 ], [ 117.2334346, -0.6497135 ], [ 117.233220500000016, -0.6515695 ], [ 117.2314121, -0.6548294 ], [ 117.2285139, -0.6586603 ], [ 117.2257347, -0.6620487 ], [ 117.2227271, -0.6646756 ], [ 117.2192195, -0.6670617 ], [ 117.218539, -0.667483 ], [ 117.215935, -0.668632 ], [ 117.212113, -0.670414 ], [ 117.210034, -0.671095 ], [ 117.20814510000001, -0.6714014 ], [ 117.206933600000013, -0.6712486 ], [ 117.2056773, -0.6709774 ], [ 117.20471, -0.67097 ], [ 117.203835, -0.671266 ], [ 117.2017994, -0.6734544 ], [ 117.2002099, -0.6747583 ], [ 117.1970024, -0.6766238 ], [ 117.1953177, -0.6778992 ], [ 117.194366, -0.6793364 ], [ 117.1925671, -0.6809068 ], [ 117.1912536, -0.6820966 ], [ 117.1910248, -0.6824687 ], [ 117.1909239, -0.68274 ], [ 117.1906995, -0.6830859 ], [ 117.1907124, -0.6838058 ], [ 117.190646199999989, -0.6855539 ], [ 117.190464300000016, -0.6869865 ], [ 117.1904792, -0.688889 ], [ 117.190265100000019, -0.6894839 ], [ 117.1900985, -0.6901026 ], [ 117.1900271, -0.690745 ], [ 117.190050900000017, -0.6912685 ], [ 117.1899319, -0.6919586 ], [ 117.189741600000019, -0.6923393 ], [ 117.1894561, -0.6927438 ], [ 117.189289500000015, -0.6931007 ], [ 117.1891882, -0.6938902 ], [ 117.189102600000012, -0.6940578 ], [ 117.1889504, -0.694254 ], [ 117.188361500000013, -0.6946949 ], [ 117.1874573, -0.6958133 ], [ 117.1870148, -0.69615 ], [ 117.1867152, -0.6965426 ], [ 117.1861874, -0.6974474 ], [ 117.1859954, -0.6979889 ], [ 117.1860058, -0.6981452 ], [ 117.1861351, -0.6985119 ], [ 117.1861087, -0.6986702 ], [ 117.1859848, -0.6989057 ], [ 117.18591069999998, -0.6997156 ], [ 117.1857312, -0.700307 ], [ 117.185765, -0.7007133 ], [ 117.1856065, -0.7011329 ], [ 117.18558849999998, -0.7016392 ], [ 117.18554570000002, -0.7017289 ], [ 117.1852006, -0.7019483 ], [ 117.1848822, -0.7022461 ], [ 117.1845055, -0.7027574 ], [ 117.1843191, -0.7031749 ], [ 117.1843496, -0.7035024 ], [ 117.1845208, -0.7038643 ], [ 117.1845741, -0.7042166 ], [ 117.184541800000019, -0.7046705 ], [ 117.184397200000021, -0.7051033 ], [ 117.184401, -0.705335 ], [ 117.184435400000012, -0.7054501 ], [ 117.1846257, -0.7057356 ], [ 117.185054, -0.7062591 ], [ 117.1852682, -0.7065922 ], [ 117.1853872, -0.7069016 ], [ 117.1854076, -0.7072281 ], [ 117.185352599999987, -0.7076758 ], [ 117.1852314, -0.7078817 ], [ 117.185148200000015, -0.7084705 ], [ 117.1850364, -0.7087434 ], [ 117.185098199999985, -0.7089924 ], [ 117.1850935, -0.7092341 ], [ 117.184969669938411, -0.709690641431604 ], [ 117.184702421113059, -0.709613662511689 ], [ 117.184432224245143, -0.709531190836588 ], [ 117.184163347553778, -0.709444456978618 ], [ 117.183895857381046, -0.709353482338127 ], [ 117.183816085548898, -0.709325646990797 ], [ 117.183549591085509, -0.709230286467264 ], [ 117.183284620128234, -0.709130716678211 ], [ 117.183021238280816, -0.7090269622758 ], [ 117.182759510753527, -0.708919048948213 ], [ 117.182499502347028, -0.708807003413377 ], [ 117.182241277436319, -0.70869085341228 ], [ 117.181984899954884, -0.708570627702161 ], [ 117.181730433378732, -0.708446356049313 ], [ 117.181477940710749, -0.708318069221792 ], [ 117.181227484465126, -0.708185798981777 ], [ 117.18097912665182, -0.708049578077655 ], [ 117.18073292876123, -0.707909440235962 ], [ 117.180488951748984, -0.707765420153079 ], [ 117.180247256020863, -0.7076175534865 ], [ 117.18000790141771, -0.707465876846174 ], [ 117.179770947200851, -0.707310427785267 ], [ 117.179536452037183, -0.707151244791029 ], [ 117.179304473984843, -0.706988367275156 ], [ 117.179075070478675, -0.706821835564067 ], [ 117.178848298316097, -0.706651690888911 ], [ 117.178624213643047, -0.706477975375386 ], [ 117.178402871940008, -0.706300732033262 ], [ 117.178184328008427, -0.706120004745757 ], [ 117.177968635956915, -0.705935838258713 ], [ 117.177755849188017, -0.705748278169409 ], [ 117.177546020384966, -0.705557370915418 ], [ 117.177339201498626, -0.705363163762953 ], [ 117.177135443734585, -0.705165704795296 ], [ 117.176934797540525, -0.704965042900831 ], [ 117.176737312593787, -0.704761227760908 ], [ 117.176543037788889, -0.70455430983763 ], [ 117.176352021225668, -0.704344340361262 ], [ 117.176164310197137, -0.70413137131766 ], [ 117.175979951177951, -0.70391545543526 ], [ 117.175798989812748, -0.703696646172139 ], [ 117.175621470905043, -0.703474997702732 ], [ 117.175447438405925, -0.703250564904435 ], [ 117.175276935403332, -0.703023403343977 ], [ 117.175110004111247, -0.70279356926371 ], [ 117.174946685859453, -0.702561119567666 ], [ 117.174787021083048, -0.702326111807459 ], [ 117.174631049312566, -0.702088604168052 ], [ 117.174478809164285, -0.701848655453346 ], [ 117.174330338330478, -0.701606325071601 ], [ 117.174185673570136, -0.701361673020745 ], [ 117.174044850699985, -0.701114759873541 ], [ 117.173907904585448, -0.700865646762538 ], [ 117.173774869132146, -0.700614395364976 ], [ 117.173645777277443, -0.700361067887512 ], [ 117.173520660982277, -0.700105727050769 ], [ 117.173399551223298, -0.699848436073902 ], [ 117.173282477985168, -0.699589258658854 ], [ 117.173169470253129, -0.699328258974601 ], [ 117.173060556005851, -0.699065501641315 ], [ 117.172955762208503, -0.698801051714344 ], [ 117.172855114806026, -0.698534974668047 ], [ 117.172758638716786, -0.698267336379675 ], [ 117.172666357826387, -0.697998203112972 ], [ 117.172578294981747, -0.697727641501839 ], [ 117.172494471985331, -0.697455718533808 ], [ 117.172414909590032, -0.697182501533447 ], [ 117.172339627493727, -0.696908058145696 ], [ 117.172268644334579, -0.696632456319127 ], [ 117.17220197768637, -0.69635576428913 ], [ 117.172139644054212, -0.696078050560976 ], [ 117.172081658870297, -0.695799383892929 ], [ 117.172028036490318, -0.695519833279128 ], [ 117.171978790189698, -0.695239467932594 ], [ 117.171933932160456, -0.694958357268049 ], [ 117.171893473508021, -0.694676570884702 ], [ 117.171857424248699, -0.694394178549083 ], [ 117.17182579330705, -0.694111250177733 ], [ 117.171798588513681, -0.693827855819878 ], [ 117.171775816603329, -0.693544065640145 ], [ 117.171757483213298, -0.693259949901096 ], [ 117.171743592881811, -0.692975578945926 ], [ 117.171734149047225, -0.692691023180984 ], [ 117.171729154046886, -0.69240635305837 ], [ 117.171728609116656, -0.692121639058502 ], [ 117.171732514390726, -0.691836951672616 ], [ 117.171740868901324, -0.691552361385382 ], [ 117.171753670579264, -0.691267938657369 ], [ 117.171770916254189, -0.690983753907716 ], [ 117.171792601655511, -0.690699877496559 ], [ 117.171818721413445, -0.690416379707738 ], [ 117.172033329772674, -0.688270778397163 ], [ 117.172064986888131, -0.687978173798371 ], [ 117.172101367800849, -0.687686126278228 ], [ 117.172142462883514, -0.687394713112559 ], [ 117.172188261261468, -0.687104011409289 ], [ 117.172238750815595, -0.686814098088104 ], [ 117.172293918185503, -0.686525049860062 ], [ 117.172353748772977, -0.686236943207264 ], [ 117.172418226746032, -0.685949854362724 ], [ 117.172464772530617, -0.685757231110246 ], [ 117.172470878661045, -0.685596093509157 ], [ 117.17257479795623, -0.682854656249249 ], [ 117.172587966410518, -0.682567252169258 ], [ 117.172605672625977, -0.682280095193057 ], [ 117.172627912125321, -0.6819932579204 ], [ 117.172654679285031, -0.681706812870165 ], [ 117.172685967337003, -0.681420832462067 ], [ 117.172721768370067, -0.681135388998359 ], [ 117.17276207333208, -0.680850554645476 ], [ 117.172806872032282, -0.680566401415908 ], [ 117.172856153143741, -0.680283001149876 ], [ 117.172909904206264, -0.680000425497255 ], [ 117.172968111629601, -0.679718745899387 ], [ 117.173030760696804, -0.679438033571084 ], [ 117.173097835568015, -0.679158359482614 ], [ 117.17316931928444, -0.678879794341722 ], [ 117.173245193772615, -0.67860240857576 ], [ 117.173325439849009, -0.678326272313901 ], [ 117.173410037224897, -0.678051455369434 ], [ 117.173498964511381, -0.677778027222028 ], [ 117.173592199224984, -0.677506057000252 ], [ 117.174225705916001, -0.675704657699071 ], [ 117.174321088836564, -0.675439996074223 ], [ 117.174420550795929, -0.675176860446395 ], [ 117.174524067713975, -0.67491531451988 ], [ 117.174631614528849, -0.674655421614093 ], [ 117.174743165203139, -0.674397244648279 ], [ 117.174858692730041, -0.674140846126188 ], [ 117.174978169140076, -0.673886288121046 ], [ 117.175101565507717, -0.673633632260507 ], [ 117.175228851958408, -0.673382939711616 ], [ 117.175359997675912, -0.673134271166207 ], [ 117.175494970909639, -0.672887686826031 ], [ 117.175633738982341, -0.672643246388234 ], [ 117.175776268298193, -0.672401009030968 ], [ 117.175922524350639, -0.672161033398993 ], [ 117.176072471731047, -0.67192337758951 ], [ 117.176226074137077, -0.671688099138052 ], [ 117.176383294381537, -0.67145525500462 ], [ 117.176544094401422, -0.671224901559893 ], [ 117.176708435267045, -0.670997094571461 ], [ 117.176876277191525, -0.670771889190534 ], [ 117.177047579540442, -0.670549339938368 ], [ 117.177222300841564, -0.670329500693229 ], [ 117.177400398795058, -0.670112424677261 ], [ 117.177581830283529, -0.669898164443647 ], [ 117.177766551382675, -0.669686771863851 ], [ 117.177954517371688, -0.669478298115113 ], [ 117.178145682744287, -0.669272793667984 ], [ 117.178340001219638, -0.669070308274166 ], [ 117.178537425753589, -0.668870890954458 ], [ 117.178737908549948, -0.668674589986866 ], [ 117.178941401072294, -0.668481452894944 ], [ 117.1791478540555, -0.668291526436271 ], [ 117.179357217517691, -0.668104856591122 ], [ 117.179569440772497, -0.667921488551366 ], [ 117.17978447244117, -0.667741466709508 ], [ 117.180002260465116, -0.667564834647942 ], [ 117.180222752118411, -0.667391635128385 ], [ 117.180445894020636, -0.667221910081575 ], [ 117.180671632149767, -0.667055700597049 ], [ 117.180899911855263, -0.666893046913278 ], [ 117.181130677871337, -0.666733988407831 ], [ 117.181363874330273, -0.666578563587935 ], [ 117.181599444775912, -0.66642681008109 ], [ 117.181792207594881, -0.666306847196349 ], [ 117.182751837846396, -0.665480455640457 ], [ 117.182967821758325, -0.665297397320271 ], [ 117.18318663530971, -0.665117776736487 ], [ 117.183408224511567, -0.664941638207413 ], [ 117.183632534690048, -0.664769025192157 ], [ 117.183859510499929, -0.664599980280026 ], [ 117.184089095938404, -0.664434545179877 ], [ 117.184321234358691, -0.664272760709934 ], [ 117.18455586848421, -0.664114666787701 ], [ 117.184792940422597, -0.663960302420047 ], [ 117.185032391680025, -0.663809705693654 ], [ 117.185139664385161, -0.66374457491119 ], [ 117.18523121895123, -0.663639106321484 ], [ 117.185420321894568, -0.663428049012876 ], [ 117.185612694668151, -0.663220007853838 ], [ 117.185808289806545, -0.663015034175066 ], [ 117.186007059049416, -0.662813178550396 ], [ 117.18620895335313, -0.662614490784336 ], [ 117.186413922903157, -0.662419019899711 ], [ 117.186621917126104, -0.662226814125681 ], [ 117.18683288470244, -0.662037920885764 ], [ 117.187046773578871, -0.661852386786136 ], [ 117.187263530981468, -0.661670257604188 ], [ 117.188325519032233, -0.66079208155539 ], [ 117.188540564132296, -0.660617028699142 ], [ 117.188758259184908, -0.660445327202338 ], [ 117.188978552655797, -0.660277017710983 ], [ 117.190901384849951, -0.658831260025357 ], [ 117.190922402339098, -0.658808405781387 ], [ 117.191117440145064, -0.658602894906209 ], [ 117.191315660503449, -0.658400493341787 ], [ 117.191432059601127, -0.658283491374326 ], [ 117.191633773636525, -0.658083898355736 ], [ 117.191838582499685, -0.657887525229567 ], [ 117.192046435477465, -0.657694420619665 ], [ 117.192257281102869, -0.65750463234058 ], [ 117.192471067168086, -0.657318207385642 ], [ 117.192687740737043, -0.657135191915425 ], [ 117.192907248158846, -0.656955631246249 ], [ 117.193129535080871, -0.65677956983896 ], [ 117.193354546462317, -0.656607051288008 ], [ 117.193582226587807, -0.656438118310494 ], [ 117.193812519081106, -0.656272812735787 ], [ 117.194045366919227, -0.656111175494981 ], [ 117.194280712446428, -0.655953246610892 ], [ 117.194518497388572, -0.655799065188092 ], [ 117.194758662867486, -0.655648669403247 ], [ 117.195001149415631, -0.655502096495645 ], [ 117.195245896990656, -0.655359382757965 ], [ 117.195492844990511, -0.655220563527361 ], [ 117.195741932268177, -0.655085673176598 ], [ 117.19599309714711, -0.654954745105657 ], [ 117.196246277436202, -0.654827811733396 ], [ 117.196501410445435, -0.654704904489532 ], [ 117.196758433001236, -0.65458605380688 ], [ 117.197017281462223, -0.654471289113811 ], [ 117.197277891734871, -0.654360638826951 ], [ 117.197540199289492, -0.654254130344138 ], [ 117.197804139176071, -0.654151790037684 ], [ 117.198069646040537, -0.654053643247796 ], [ 117.198336654140732, -0.653959714276348 ], [ 117.198605097362872, -0.653870026380808 ], [ 117.19887490923783, -0.653784601768514 ], [ 117.199146022957549, -0.653703461591208 ], [ 117.199418371391673, -0.653626625939697 ], [ 117.199691887104166, -0.653554113838985 ], [ 117.199966502369946, -0.653485943243549 ], [ 117.200242149191652, -0.653422131032792 ], [ 117.200518759316623, -0.653362693007013 ], [ 117.20079626425354, -0.653307643883351 ], [ 117.201074595289697, -0.653256997292288 ], [ 117.201353683507676, -0.653210765774101 ], [ 117.201633459802778, -0.653168960775939 ], [ 117.201913854899757, -0.653131592648865 ], [ 117.20219479937029, -0.653098670645337 ], [ 117.202476223649967, -0.653070202916886 ], [ 117.202758058055636, -0.653046196512146 ], [ 117.20304023280255, -0.653026657375113 ], [ 117.203322678021706, -0.653011590343579 ], [ 117.203605323777225, -0.653000999148075 ], [ 117.203888100083446, -0.652994886410801 ], [ 117.204170936922495, -0.652993253645125 ], [ 117.204453764261444, -0.65299610125506 ], [ 117.204671646260252, -0.65300002102193 ], [ 117.204953893352595, -0.653007331351632 ], [ 117.205235991556521, -0.653019103692557 ], [ 117.205517871269265, -0.653035335139865 ], [ 117.205683449067877, -0.65304749897164 ], [ 117.205849353364883, -0.653041298587895 ], [ 117.206131629191077, -0.653035216490219 ], [ 117.206413965088373, -0.653033598510712 ], [ 117.206696291395417, -0.653036445048379 ], [ 117.206717378505118, -0.653036824413474 ], [ 117.20690803368187, -0.652967033164868 ], [ 117.206918495235655, -0.652960961046324 ], [ 117.20716527634022, -0.65282287711565 ], [ 117.207414181534247, -0.652688712348335 ], [ 117.207665149404249, -0.652558499847142 ], [ 117.207918118027962, -0.652432271739591 ], [ 117.209535481677406, -0.651641095510373 ], [ 117.211055638753862, -0.650516182654451 ], [ 117.210836716040149, -0.650419016608107 ], [ 117.21058139985773, -0.650300864871765 ], [ 117.210327949684853, -0.650178709604971 ], [ 117.210076427465538, -0.650052580662641 ], [ 117.209826894672489, -0.649922508870897 ], [ 117.209579412292229, -0.649788526019466 ], [ 117.209334040810134, -0.649650664854 ], [ 117.209090840195628, -0.649508959067982 ], [ 117.208849869887672, -0.649363443294558 ], [ 117.208611188779955, -0.649214153098059 ], [ 117.208493188421386, -0.649139052950471 ], [ 117.208259441169957, -0.648987728070744 ], [ 117.208028045978608, -0.648832783198675 ], [ 117.207799058163729, -0.648674255374714 ], [ 117.207572532466287, -0.648512182495826 ], [ 117.207348523038533, -0.648346603306422 ], [ 117.207127083431274, -0.64817755738913 ], [ 117.206908266580882, -0.648005085155335 ], [ 117.206692124796859, -0.647829227835508 ], [ 117.206478709749078, -0.647650027469335 ], [ 117.2062680724556, -0.647467526895686 ], [ 117.206060263270416, -0.647281769742353 ], [ 117.205855331871476, -0.647092800415654 ], [ 117.205653327248697, -0.646900664089781 ], [ 117.205594739622725, -0.646843186864818 ], [ 117.205422645864203, -0.646691022457207 ], [ 117.205213046492801, -0.646499729542147 ], [ 117.205006463959862, -0.646305139336207 ], [ 117.204802949444797, -0.646107300047915 ], [ 117.204602553366939, -0.645906260690699 ], [ 117.204405325373031, -0.645702071070788 ], [ 117.204211314324908, -0.645494781774912 ], [ 117.20402056828739, -0.645284444157679 ], [ 117.203833134516444, -0.645071110328901 ], [ 117.203649059447429, -0.644854833140721 ], [ 117.203468388683518, -0.644635666174469 ], [ 117.203291166984513, -0.644413663727363 ], [ 117.203117438255731, -0.644188880799131 ], [ 117.202947245537104, -0.643961373078329 ], [ 117.202780630992493, -0.643731196928585 ], [ 117.202617635899273, -0.64349840937458 ], [ 117.202458300638156, -0.64326306808798 ], [ 117.20230266468306, -0.643025231373091 ], [ 117.202216938659589, -0.642889629491076 ], [ 117.202193081333945, -0.64285400310903 ], [ 117.202038957538051, -0.642615861692998 ], [ 117.201888568531189, -0.642375312615227 ], [ 117.201741951419507, -0.642132415228022 ], [ 117.201599142378441, -0.641887229463114 ], [ 117.20146017664382, -0.641639815816873 ], [ 117.201325088503168, -0.641390235335349 ], [ 117.201193911287277, -0.641138549599207 ], [ 117.201066677361894, -0.640884820708573 ], [ 117.200943418119834, -0.640629111267699 ], [ 117.200824163973223, -0.640371484369497 ], [ 117.200708944345934, -0.64011200357998 ], [ 117.200597787666339, -0.639850732922559 ], [ 117.200490721360325, -0.639587736862301 ], [ 117.200387771844589, -0.639323080289971 ], [ 117.200288964519956, -0.639056828506023 ], [ 117.200194323765274, -0.63878904720454 ], [ 117.200103872931265, -0.638519802456918 ], [ 117.200060713724042, -0.638384356335907 ], [ 117.199979319148341, -0.638329513267869 ], [ 117.199748798442229, -0.638168893307503 ], [ 117.199520794326716, -0.638004673488677 ], [ 117.199295362269652, -0.637836893762037 ], [ 117.19907255711324, -0.63766559494428 ], [ 117.198852433060537, -0.637490818708248 ], [ 117.198843871916466, -0.637483800467635 ], [ 117.198829995441287, -0.637473337981552 ], [ 117.198606543683383, -0.637302102207943 ], [ 117.198385776729538, -0.637127372967578 ], [ 117.198167748469572, -0.636949192912321 ], [ 117.197952512124772, -0.636767605536444 ], [ 117.197740120234926, -0.636582655165915 ], [ 117.197530624645466, -0.636394386947658 ], [ 117.197324076494723, -0.636202846838468 ], [ 117.197120526201658, -0.636008081593852 ], [ 117.196920023453302, -0.635810138756522 ], [ 117.196722617192904, -0.635609066644919 ], [ 117.196528355607697, -0.635404914341328 ], [ 117.196337286117341, -0.635197731679887 ], [ 117.19614945536226, -0.634987569234498 ], [ 117.19596490919227, -0.634774478306426 ], [ 117.195783692655453, -0.634558510911763 ], [ 117.195605849987018, -0.634339719768768 ], [ 117.195431424598624, -0.634118158284997 ], [ 117.195260459067697, -0.63389388054424 ], [ 117.195092995127212, -0.633666941293359 ], [ 117.194929073655246, -0.633437395928843 ], [ 117.194768734665161, -0.633205300483373 ], [ 117.194612017295867, -0.632970711612109 ], [ 117.194458959802148, -0.632733686578885 ], [ 117.19430959954542, -0.632494283242137 ], [ 117.194163972984555, -0.63225256004092 ], [ 117.194022115667011, -0.632008575980546 ], [ 117.19388406222015, -0.631762390618194 ], [ 117.193749846342783, -0.631514064048382 ], [ 117.193619500796913, -0.631263656888309 ], [ 117.193493057399834, -0.631011230263072 ], [ 117.193370547016229, -0.630756845790672 ], [ 117.193324947155062, -0.630660245576253 ], [ 117.193205772577002, -0.630402581320709 ], [ 117.193090633083145, -0.6301430644331 ], [ 117.192979557082097, -0.629881758945765 ], [ 117.192872571979933, -0.629618729332346 ], [ 117.192769704173173, -0.629354040491859 ], [ 117.192670979042575, -0.629087757732719 ], [ 117.192576420946665, -0.628819946756648 ], [ 117.192486053215845, -0.628550673642347 ], [ 117.192399898146519, -0.628280004829363 ], [ 117.192317976995696, -0.628008007101562 ], [ 117.192240309975759, -0.627734747570677 ], [ 117.192166916249334, -0.627460293659799 ], [ 117.192097813924747, -0.627184713086689 ], [ 117.192033020051397, -0.62690807384711 ], [ 117.191972550615716, -0.626630444197996 ], [ 117.191916420536998, -0.626351892640665 ], [ 117.191864643663976, -0.626072487903899 ], [ 117.191817232771186, -0.625792298926977 ], [ 117.191774199555965, -0.625511394842631 ], [ 117.191735554635514, -0.625229844960084 ], [ 117.191701307544236, -0.624947718747873 ], [ 117.191671466731449, -0.624665085816693 ], [ 117.191646039559259, -0.624382015902313 ], [ 117.19162503230082, -0.624098578848263 ], [ 117.191608450138645, -0.623814844588686 ], [ 117.191596297163457, -0.62353088313099 ], [ 117.191588576373135, -0.623246764538714 ], [ 117.191585289671963, -0.622962558914067 ], [ 117.191586437870171, -0.622678336380791 ], [ 117.191592020683757, -0.622394167066752 ], [ 117.191602036734523, -0.622110121086701 ], [ 117.191616483550433, -0.621826268524916 ], [ 117.191635357566213, -0.621542679417943 ], [ 117.191658654124254, -0.621259423737344 ], [ 117.191686367475725, -0.620976571372387 ], [ 117.191718490782065, -0.620694192112776 ], [ 117.191755016116588, -0.620412355631538 ], [ 117.191795934466441, -0.620131131467728 ], [ 117.191841235734941, -0.619850589009313 ], [ 117.191890908743886, -0.619570797476041 ], [ 117.1919449412365, -0.619291825902365 ], [ 117.192003319880342, -0.619013743120445 ], [ 117.192066030270595, -0.618736617743103 ], [ 117.192133056933685, -0.61846051814691 ], [ 117.192204383331088, -0.618185512455365 ], [ 117.192279991863344, -0.617911668522044 ], [ 117.192359863874458, -0.617639053913832 ], [ 117.192443979656488, -0.61736773589432 ], [ 117.19253231845444, -0.617097781407146 ], [ 117.192624858471333, -0.616829257059508 ], [ 117.192721576873652, -0.616562229105751 ], [ 117.19282244979685, -0.616296763430956 ], [ 117.192927452351398, -0.616032925534759 ], [ 117.193036558628847, -0.61577078051514 ], [ 117.193149741708169, -0.615510393052364 ], [ 117.193266973662546, -0.615251827393039 ], [ 117.193388225566082, -0.614995147334257 ], [ 117.193513467501091, -0.614740416207874 ], [ 117.193642668565403, -0.614487696864834 ], [ 117.193775796880018, -0.614237051659702 ], [ 117.193912819596918, -0.613988542435292 ], [ 117.194053702907269, -0.613742230507353 ], [ 117.194198412049687, -0.613498176649481 ], [ 117.194346911318803, -0.613256441078126 ], [ 117.194499164074173, -0.613017083437709 ], [ 117.194655132749205, -0.612780162785944 ], [ 117.194814778860447, -0.612545737579244 ], [ 117.194978063017217, -0.612313865658264 ], [ 117.195144944931144, -0.612084604233676 ], [ 117.195315383426177, -0.611858009872083 ], [ 117.195489336448759, -0.611634138481961 ], [ 117.195666761078243, -0.611413045299961 ], [ 117.195847613537353, -0.611194784877244 ], [ 117.196031849203109, -0.61097941106601 ], [ 117.19621942261783, -0.610766977006192 ], [ 117.196410287500257, -0.610557535112442 ], [ 117.196604396757067, -0.61035113706109 ], [ 117.196801702494469, -0.610147833777435 ], [ 117.197002156029939, -0.609947675423194 ], [ 117.197024497688361, -0.609926056840112 ], [ 117.196899438894448, -0.609834838241314 ], [ 117.196675672729114, -0.609666218545197 ], [ 117.196514672333961, -0.609542918288581 ], [ 117.196289924103269, -0.609367957372425 ], [ 117.196067951009923, -0.60918944222872 ], [ 117.195848808512125, -0.609007417457955 ], [ 117.195632551360745, -0.608821928537561 ], [ 117.195419233585852, -0.608633021810399 ], [ 117.195208908483082, -0.60844074447325 ], [ 117.195001628600309, -0.608245144565036 ], [ 117.194924128464635, -0.608170844397202 ], [ 117.194721208682637, -0.607973220510517 ], [ 117.194521397485829, -0.607772412368494 ], [ 117.194324744174878, -0.607568469517917 ], [ 117.194131297271213, -0.607361442278986 ], [ 117.193941104505186, -0.607151381732918 ], [ 117.193754212804123, -0.606938339709374 ], [ 117.193570668280913, -0.606722368773701 ], [ 117.193390516222479, -0.606503522213841 ], [ 117.193213801078798, -0.6062818540273 ], [ 117.1930405664517, -0.606057418907773 ], [ 117.192870855084308, -0.605830272231657 ], [ 117.192704708850343, -0.605600470044422 ], [ 117.192542168743941, -0.605368069046675 ], [ 117.192383274869329, -0.605133126580317 ], [ 117.192228066431227, -0.60489570061428 ], [ 117.192076581724876, -0.604655849730278 ], [ 117.191928858126758, -0.604413633108354 ], [ 117.191784932085355, -0.604169110512199 ], [ 117.191644839112101, -0.603922342274558 ], [ 117.191508613772669, -0.603673389282201 ], [ 117.191376289678473, -0.603422312960952 ], [ 117.191247899478228, -0.603169175260565 ], [ 117.191123474850116, -0.60291403863938 ], [ 117.191003046493762, -0.602656966048958 ], [ 117.190886644122841, -0.602398020918494 ], [ 117.190774296457533, -0.602137267139259 ], [ 117.19066603121766, -0.601874769048745 ], [ 117.190561875115719, -0.601610591414807 ], [ 117.190461853850294, -0.601344799419752 ], [ 117.190365992099743, -0.601077458644131 ], [ 117.190274313516184, -0.600808635050709 ], [ 117.190186840719463, -0.600538394968038 ], [ 117.190103595291788, -0.600266805074209 ], [ 117.190024597772251, -0.599993932380336 ], [ 117.189949867651848, -0.599719844214046 ], [ 117.189879423368637, -0.599444608202855 ], [ 117.189813282303191, -0.599168292257491 ], [ 117.189751460774332, -0.598890964555125 ], [ 117.189693974035023, -0.59861269352255 ], [ 117.189640836268723, -0.598333547819348 ], [ 117.189592060585881, -0.598053596320851 ], [ 117.189547659020505, -0.59777290810124 ], [ 117.189507642527488, -0.597491552416421 ], [ 117.189472020979693, -0.597209598687043 ], [ 117.189440803165596, -0.596927116481234 ], [ 117.189413996787067, -0.596644175497552 ], [ 117.189391608457612, -0.596360845547746 ], [ 117.189373643700534, -0.596077196539478 ], [ 117.189360106947731, -0.595793298459188 ], [ 117.189351001538512, -0.595509221354719 ], [ 117.189346329718859, -0.595225035318094 ], [ 117.189346092640804, -0.594940810468173 ], [ 117.189350290362142, -0.594656616933434 ], [ 117.189358921846463, -0.594372524834564 ], [ 117.189371984963401, -0.594088604267248 ], [ 117.18938947648914, -0.593804925284836 ], [ 117.189411392107175, -0.593521557881032 ], [ 117.18943772640948, -0.593238571972668 ], [ 117.189468472897715, -0.592956037382456 ], [ 117.18950362398499, -0.592674023821688 ], [ 117.189543170997553, -0.592392600873155 ], [ 117.189587104177093, -0.592111837973856 ], [ 117.189635412682989, -0.591831804397956 ], [ 117.189688084595204, -0.591552569239635 ], [ 117.189745106916988, -0.591274201396084 ], [ 117.189806465578229, -0.590996769550451 ], [ 117.189872145438926, -0.590720342154967 ], [ 117.189942130292806, -0.590444987414017 ], [ 117.190016402871493, -0.590170773267267 ], [ 117.190094944848653, -0.589897767372998 ], [ 117.190177736844547, -0.589626037091323 ], [ 117.190264758430814, -0.589355649467652 ], [ 117.190353421076338, -0.589094239837456 ], [ 117.190346565603775, -0.589087937551704 ], [ 117.190141096255914, -0.588893002235522 ], [ 117.189938693846528, -0.588694842006613 ], [ 117.189739408315646, -0.588493505758388 ], [ 117.189543288834201, -0.588289043167905 ], [ 117.189350383791918, -0.588081504683566 ], [ 117.189160740785411, -0.587870941512781 ], [ 117.188974406606391, -0.587657405609177 ], [ 117.188791427230129, -0.587440949659928 ], [ 117.188611847804225, -0.587221627072677 ], [ 117.188435712637201, -0.586999491962338 ], [ 117.188263065187897, -0.586774599137837 ], [ 117.188093948054473, -0.586547004088476 ], [ 117.187928402964104, -0.586316762970321 ], [ 117.187766470762554, -0.586083932592293 ], [ 117.187608191404095, -0.585848570402219 ], [ 117.187453603941776, -0.585610734472574 ], [ 117.187302746517645, -0.585370483486225 ], [ 117.187155656353426, -0.585127876721885 ], [ 117.187012369741268, -0.584882974039555 ], [ 117.18687292203488, -0.584635835865695 ], [ 117.186737347640715, -0.584386523178376 ], [ 117.186605680009592, -0.584135097492145 ], [ 117.186477951628248, -0.58388162084293 ], [ 117.186354194011571, -0.583626155772701 ], [ 117.186234437694608, -0.583368765314053 ], [ 117.186118712225223, -0.583109512974596 ], [ 117.186007046156647, -0.58284846272139 ], [ 117.185899467040443, -0.582585678965035 ], [ 117.185796001419888, -0.58232122654391 ], [ 117.185696674823191, -0.582055170708068 ], [ 117.185601511757355, -0.581787577103188 ], [ 117.185510535702065, -0.581518511754334 ], [ 117.185423769103849, -0.581248041049774 ], [ 117.185341233370693, -0.580976231724449 ], [ 117.185262948866608, -0.580703150843609 ], [ 117.185188934906691, -0.58042886578625 ], [ 117.185119209752258, -0.580153444228426 ], [ 117.185053790606503, -0.579876954126671 ], [ 117.184992693610099, -0.579599463701075 ], [ 117.184935933837309, -0.579321041418621 ], [ 117.184883525292221, -0.579041755976165 ], [ 117.184835480905335, -0.578761676283494 ], [ 117.184791812530321, -0.57848087144643 ], [ 117.184752530941111, -0.578199410749671 ], [ 117.184717645829295, -0.577917363639702 ], [ 117.184687165801648, -0.577634799707727 ], [ 117.184683447618852, -0.577594431827399 ], [ 117.182551067371762, -0.576787951173049 ], [ 117.182278826869748, -0.576682442166774 ], [ 117.18210729384549, -0.576612724664573 ], [ 117.18214607050534, -0.576812472310555 ], [ 117.182194841334706, -0.577085945695199 ], [ 117.182239435193267, -0.577360140711544 ], [ 117.182279841566029, -0.577634992709237 ], [ 117.182316050925266, -0.577910436883019 ], [ 117.182348054732955, -0.578186408288009 ], [ 117.182375845442493, -0.578462841854953 ], [ 117.18242414696924, -0.578983141213509 ], [ 117.182449013586947, -0.579276796528266 ], [ 117.182469125836917, -0.579570820607731 ], [ 117.182484478382847, -0.579865135449581 ], [ 117.182495067151052, -0.580159662974309 ], [ 117.182500889331735, -0.580454325046003 ], [ 117.182501943379577, -0.580749043493041 ], [ 117.182498229014158, -0.581043740128801 ], [ 117.182482131502198, -0.581821539435997 ], [ 117.182473940174077, -0.582108215748925 ], [ 117.182461236432815, -0.582394725357776 ], [ 117.182444023469117, -0.582680996286674 ], [ 117.182422305606423, -0.582966956619721 ], [ 117.182396088299953, -0.583252534518992 ], [ 117.182365378135202, -0.583537658242657 ], [ 117.182330182826391, -0.583822256162954 ], [ 117.182290511214433, -0.584106256784192 ], [ 117.182246373264775, -0.584389588760731 ], [ 117.182197780064897, -0.584672180914909 ], [ 117.182144743821539, -0.584953962254891 ], [ 117.182087277857548, -0.5852348619925 ], [ 117.182025396608637, -0.585514809561058 ], [ 117.181980524177632, -0.585703642683785 ], [ 117.181989920936999, -0.585742847364234 ], [ 117.182052585730275, -0.586013385531763 ], [ 117.182111117423631, -0.586284860277839 ], [ 117.182165502220784, -0.586557207616545 ], [ 117.182215727302747, -0.586830363356285 ], [ 117.182261780831084, -0.587104263114881 ], [ 117.182303651950491, -0.587378842334822 ], [ 117.182341330791488, -0.587654036298418 ], [ 117.182374808472616, -0.587929780143115 ], [ 117.182404077102703, -0.588206008876709 ], [ 117.182429129782633, -0.588482657392703 ], [ 117.182456030761088, -0.588807257000211 ], [ 117.182477065546209, -0.589087283755056 ], [ 117.182493780791447, -0.589367605415875 ], [ 117.182506172469928, -0.589648154462018 ], [ 117.182514237596266, -0.589928863318091 ], [ 117.182517974227224, -0.590209664370151 ], [ 117.182517381462077, -0.590490489982063 ], [ 117.182512459442975, -0.590771272511756 ], [ 117.182503209354778, -0.591051944327524 ], [ 117.18248963342495, -0.591332437824329 ], [ 117.1824717349228, -0.591612685440076 ], [ 117.182449518158847, -0.591892619671859 ], [ 117.182422988483793, -0.592172173092273 ], [ 117.182392152287107, -0.592451278365611 ], [ 117.182357016995581, -0.592729868264138 ], [ 117.18231759107158, -0.59300787568417 ], [ 117.182291437477403, -0.593182593353149 ], [ 117.182288886509014, -0.593206783513672 ], [ 117.182252772459705, -0.593502708405275 ], [ 117.1822118197978, -0.593797994103818 ], [ 117.18216603964126, -0.594092560438413 ], [ 117.182139240197955, -0.594256160373074 ], [ 117.182091209085911, -0.594535702973745 ], [ 117.182038830325098, -0.594814453154951 ], [ 117.181982116790238, -0.595092342396354 ], [ 117.181921082421511, -0.595369302389208 ], [ 117.181855742221259, -0.595645265053217 ], [ 117.181786112250251, -0.595920162553194 ], [ 117.181712209623754, -0.596193927315801 ], [ 117.181634052507277, -0.596466492046109 ], [ 117.181551660112177, -0.596737789744171 ], [ 117.181465052690882, -0.597007753721459 ], [ 117.181374251531949, -0.597276317617322 ], [ 117.181279278954804, -0.597543415415191 ], [ 117.181180158304301, -0.597808981458927 ], [ 117.181076913944906, -0.598072950468868 ], [ 117.180969571254749, -0.598335257557949 ], [ 117.180858156619493, -0.598595838247568 ], [ 117.180742697425615, -0.59885462848352 ], [ 117.180623222053896, -0.599111564651661 ], [ 117.180499759872319, -0.59936658359366 ], [ 117.180372341228946, -0.599619622622366 ], [ 117.180318641540168, -0.599724222711084 ], [ 117.180195205457167, -0.599960374567813 ], [ 117.180068323350682, -0.600194668251653 ], [ 117.179938022815847, -0.600427052806084 ], [ 117.179804332191125, -0.600657477689782 ], [ 117.178943436226461, -0.602116479307206 ], [ 117.178788180629411, -0.602374669682488 ], [ 117.178628668820707, -0.602630217310526 ], [ 117.178464945177893, -0.602883051094653 ], [ 117.178297055250297, -0.603133100693213 ], [ 117.178125045746356, -0.603380296539092 ], [ 117.177948964520624, -0.603624569859149 ], [ 117.177768860560533, -0.603865852693297 ], [ 117.177584783972691, -0.604104077913441 ], [ 117.17728418478039, -0.604486478570305 ], [ 117.177101932753743, -0.604714512015957 ], [ 117.176916040727235, -0.604939548107505 ], [ 117.176726557335286, -0.605161527968552 ], [ 117.176533532151936, -0.605380393522354 ], [ 117.176034233095407, -0.605937394650905 ], [ 117.175879747776506, -0.606106689989752 ], [ 117.175972187584875, -0.60627161457102 ], [ 117.176107215900132, -0.606521629959096 ], [ 117.176238321680174, -0.606773752178013 ], [ 117.176365472495945, -0.607027918866093 ], [ 117.17648863689665, -0.607284067155923 ], [ 117.176607784417428, -0.607542133690024 ], [ 117.176722885587083, -0.607802054636334 ], [ 117.176833911935134, -0.608063765704189 ], [ 117.176940835999076, -0.608327202160106 ], [ 117.177043631331017, -0.608592298843814 ], [ 117.177142272504312, -0.60885899018441 ], [ 117.177236735119848, -0.609127210216522 ], [ 117.177326995811953, -0.609396892596703 ], [ 117.177413032254407, -0.609667970619726 ], [ 117.177494823165716, -0.609940377235204 ], [ 117.177572348314612, -0.610214045064097 ], [ 117.177645588524783, -0.6104889064154 ], [ 117.177714525679946, -0.61076489330289 ], [ 117.177779142728056, -0.611041937461945 ], [ 117.177839423685626, -0.611319970366397 ], [ 117.177895353641716, -0.611598923245531 ], [ 117.177946918761549, -0.611878727101073 ], [ 117.177994106289987, -0.612159312724227 ], [ 117.178036904554673, -0.612440610712865 ], [ 117.178075302968907, -0.612722551488575 ], [ 117.178109292034279, -0.613005065314043 ], [ 117.178138863342994, -0.613288082310097 ], [ 117.178164009580016, -0.61357153247319 ], [ 117.178184724524769, -0.613855345692569 ], [ 117.178201003052791, -0.614139451767663 ], [ 117.178212841136968, -0.61442378042551 ], [ 117.178220235848414, -0.614708261338015 ], [ 117.178222260215406, -0.614819623337453 ], [ 117.17824092466951, -0.615353453842803 ], [ 117.178249266330425, -0.615671612455618 ], [ 117.178252047881244, -0.615989869549786 ], [ 117.178252048363746, -0.616133869415445 ], [ 117.178249806415323, -0.616419711827112 ], [ 117.178243079211313, -0.61670548291723 ], [ 117.178231868429918, -0.616991111367072 ], [ 117.17821617686819, -0.617276525893537 ], [ 117.178196008441475, -0.617561655266846 ], [ 117.178171368182447, -0.617846428328452 ], [ 117.178142262239675, -0.618130774008635 ], [ 117.178108697876354, -0.618414621344365 ], [ 117.178070683468221, -0.618697899496977 ], [ 117.178028228501688, -0.61898053776982 ], [ 117.177981343571304, -0.619262465625944 ], [ 117.177930040377234, -0.619543612705649 ], [ 117.177874331722293, -0.619823908844127 ], [ 117.177814231508748, -0.620103284088885 ], [ 117.177493215929616, -0.621540544655775 ], [ 117.177225651250183, -0.623112451586546 ], [ 117.177175782267668, -0.623392208031215 ], [ 117.177121554367432, -0.623671141424044 ], [ 117.177062980928653, -0.623949182942454 ], [ 117.177000076402763, -0.624226263983904 ], [ 117.176932856309691, -0.624502316182821 ], [ 117.176861337234328, -0.624777271427476 ], [ 117.17678553682218, -0.625051061876779 ], [ 117.176705473775158, -0.625323619977017 ], [ 117.176621167846861, -0.625594878478554 ], [ 117.176532639837845, -0.625864770452359 ], [ 117.176439911590379, -0.626133229306595 ], [ 117.176343005983057, -0.626400188802976 ], [ 117.176241946925188, -0.6266655830732 ], [ 117.176136759350939, -0.626929346635081 ], [ 117.176027469213082, -0.627191414408835 ], [ 117.175914103476686, -0.627451721733017 ], [ 117.175796690112378, -0.627710204380588 ], [ 117.175675258089584, -0.627966798574679 ], [ 117.175549837369161, -0.628221441004361 ], [ 117.175420458896198, -0.628474068840249 ], [ 117.175287154592311, -0.628724619750062 ], [ 117.175149957347813, -0.628973031913903 ], [ 117.175008901013456, -0.62921924403958 ], [ 117.174864020392278, -0.62946319537774 ], [ 117.174715351230844, -0.629704825736814 ], [ 117.174562930210556, -0.629944075497904 ], [ 117.174406794938562, -0.630180885629453 ], [ 117.17424698393836, -0.630415197701864 ], [ 117.174083536640538, -0.630646953901855 ], [ 117.173916493372786, -0.630876097046797 ], [ 117.173745895350152, -0.631102570598762 ], [ 117.17357178466473, -0.631326318678466 ], [ 117.173394204275368, -0.631547286079145 ], [ 117.173213197997029, -0.631765418280089 ], [ 117.173028810489939, -0.631980661460085 ], [ 117.172841087248642, -0.632192962510802 ], [ 117.172650074590806, -0.632402269049786 ], [ 117.172455819645634, -0.632608529433447 ], [ 117.172258370342405, -0.632811692769742 ], [ 117.172057775398557, -0.633011708930804 ], [ 117.171854084307668, -0.633208528565289 ], [ 117.171647347327323, -0.633402103110501 ], [ 117.171437615466644, -0.633592384804466 ], [ 117.171224940473678, -0.633779326697607 ], [ 117.171009374822674, -0.633962882664457 ], [ 117.170790971701223, -0.63414300741492 ], [ 117.1705697849969, -0.634319656505491 ], [ 117.170345869284219, -0.634492786350266 ], [ 117.170119279811033, -0.634662354231657 ], [ 117.169890072484932, -0.634828318310893 ], [ 117.169658303859393, -0.634990637638418 ], [ 117.169424031119945, -0.635149272163954 ], [ 117.169187312069994, -0.635304182746393 ], [ 117.16894820511655, -0.635455331163453 ], [ 117.168706769255735, -0.635602680121119 ], [ 117.168463064058471, -0.635746193262808 ], [ 117.168217149655561, -0.635885835178372 ], [ 117.167969086722863, -0.636021571412876 ], [ 117.167718936466457, -0.636153368474994 ], [ 117.167466760607454, -0.636281193845365 ], [ 117.167212621366701, -0.636405015984588 ], [ 117.166956581449611, -0.636524804340982 ], [ 117.166698704030495, -0.636640529358165 ], [ 117.16643905273709, -0.636752162482326 ], [ 117.166177691634829, -0.636859676169239 ], [ 117.165914685211078, -0.636963043891127 ], [ 117.165650098359123, -0.63706224014316 ], [ 117.165383996362237, -0.637157240449749 ], [ 117.165116444877555, -0.637248021370626 ], [ 117.164847509919881, -0.637334560506576 ], [ 117.16457725784538, -0.637416836504985 ], [ 117.164305755335192, -0.63749482906511 ], [ 117.164033069379045, -0.637568518943122 ], [ 117.163759267258669, -0.637637887956778 ], [ 117.163484416531162, -0.637702918989981 ], [ 117.163208585012455, -0.637763595996952 ], [ 117.162931840760393, -0.637819904006217 ], [ 117.16265425205809, -0.637871829124306 ], [ 117.162375887397033, -0.637919358539168 ], [ 117.162096815460188, -0.637962480523329 ], [ 117.161817105105015, -0.638001184436786 ], [ 117.161536825346488, -0.638035460729661 ], [ 117.161256045340153, -0.638065300944517 ], [ 117.160974834364936, -0.638090697718442 ], [ 117.160693261806117, -0.638111644784949 ], [ 117.160411397138262, -0.638128136975408 ], [ 117.160129309907916, -0.638140170220399 ], [ 117.159847069716633, -0.638147741550654 ], [ 117.159564746203699, -0.638150849097901 ], [ 117.159282409028904, -0.638149492095149 ], [ 117.159000127855478, -0.6381436708771 ], [ 117.158717972332823, -0.63813338687982 ], [ 117.158436012079335, -0.63811864264063 ], [ 117.158154316665247, -0.638099441797276 ], [ 117.157872955595465, -0.638075789087141 ], [ 117.157591998292332, -0.638047690346081 ], [ 117.157311514078643, -0.638015152506923 ], [ 117.157031572160449, -0.637978183597789 ], [ 117.156752241609965, -0.637936792740149 ], [ 117.156473591348586, -0.637890990146486 ], [ 117.156195690129863, -0.637840787117848 ], [ 117.155918606522491, -0.637786196041057 ], [ 117.155642408893499, -0.637727230385603 ], [ 117.155367165391226, -0.63766390470038 ], [ 117.155092943928651, -0.637596234610042 ], [ 117.154819812166537, -0.637524236811182 ], [ 117.154547837496764, -0.637447929068185 ], [ 117.15427708702579, -0.637367330208931 ], [ 117.154007627557903, -0.637282460119995 ], [ 117.153739525578914, -0.637193339741859 ], [ 117.153472847239698, -0.637099991063756 ], [ 117.153207658339809, -0.637002437118126 ], [ 117.152944024311296, -0.636900701975091 ], [ 117.152682010202625, -0.636794810736337 ], [ 117.152421680662442, -0.636684789529112 ], [ 117.15216309992384, -0.636570665499627 ], [ 117.151906331788382, -0.636452466806444 ], [ 117.151651439610347, -0.636330222613452 ], [ 117.151398486281181, -0.636203963082788 ], [ 117.151147534213919, -0.636073719367257 ], [ 117.150898645327757, -0.635939523602762 ], [ 117.1506518810329, -0.635801408900318 ], [ 117.150407302215257, -0.635659409337881 ], [ 117.150164969221493, -0.635513559951915 ], [ 117.149924941844162, -0.63536389672886 ], [ 117.149687279306903, -0.635210456596106 ], [ 117.149452040249827, -0.635053277412964 ], [ 117.149219282715109, -0.634892397961333 ], [ 117.148989064132621, -0.634727857936072 ], [ 117.148761441305751, -0.634559697935282 ], [ 117.148536470397374, -0.634387959450208 ], [ 117.148314206916083, -0.634212684855063 ], [ 117.148094705702405, -0.634033917396544 ], [ 117.147878020915272, -0.633851701183182 ], [ 117.147664206018717, -0.633666081174409 ], [ 117.147453313768636, -0.633477103169529 ], [ 117.147245396199807, -0.633284813796383 ], [ 117.147117801326289, -0.633163034284154 ], [ 117.146990073755845, -0.633168201561019 ], [ 117.146707817906176, -0.633175152314211 ], [ 117.146425488420221, -0.633177639109062 ], [ 117.146143154959304, -0.633175661331841 ], [ 117.145860887185663, -0.633169219470357 ], [ 117.145578754745415, -0.633158315113888 ], [ 117.145296827251272, -0.633142950952797 ], [ 117.145015174265339, -0.633123130777806 ], [ 117.144733865282063, -0.633098859479154 ], [ 117.144452969710926, -0.633070143045321 ], [ 117.144172556859502, -0.633036988561538 ], [ 117.143892695916222, -0.632999404208127 ], [ 117.143613455933277, -0.63295739925839 ], [ 117.143334905809724, -0.63291098407637 ], [ 117.143057114274427, -0.632860170114275 ], [ 117.142780149868969, -0.632804969909676 ], [ 117.142504080930962, -0.632745397082379 ], [ 117.142228975576984, -0.632681466331068 ], [ 117.141954901685907, -0.632613193429734 ], [ 117.1416819268821, -0.632540595223717 ], [ 117.141410118518678, -0.632463689625574 ], [ 117.141139543661055, -0.63238249561065 ], [ 117.140870269070192, -0.632297033212444 ], [ 117.140602361186268, -0.63220732351757 ], [ 117.140335886112197, -0.632113388660668 ], [ 117.140070909597426, -0.632015251818825 ], [ 117.139807497021579, -0.631912937206003 ], [ 117.139545713378411, -0.63180647006688 ], [ 117.139285623259781, -0.63169587667079 ], [ 117.13902729083965, -0.631581184305148 ], [ 117.138770779858248, -0.631462421268729 ], [ 117.138516153606446, -0.631339616864721 ], [ 117.138263474910033, -0.631212801393448 ], [ 117.138012806114276, -0.631082006144939 ], [ 117.138006040347975, -0.631078339014026 ], [ 117.138267, -0.630738 ], [ 117.138482, -0.630587 ], [ 117.139033, -0.629901 ], [ 117.139224, -0.629574 ], [ 117.139272, -0.629359 ], [ 117.140754, -0.627097 ], [ 117.140849, -0.627002 ], [ 117.141113, -0.62681 ], [ 117.141472, -0.626619 ], [ 117.142273, -0.62626 ], [ 117.143129, -0.626122 ], [ 117.143589, -0.625841 ], [ 117.143906, -0.625518 ], [ 117.144038, -0.625285 ], [ 117.144152, -0.624782 ], [ 117.144307, -0.624363 ], [ 117.144439, -0.623831 ], [ 117.144469, -0.623646 ], [ 117.144457, -0.623167 ], [ 117.144546, -0.622186 ], [ 117.144726, -0.621797 ], [ 117.144983, -0.621438 ], [ 117.145043, -0.621089 ], [ 117.1453525, -0.6207218 ], [ 117.1450374, -0.6205494 ], [ 117.1445794, -0.6202103 ], [ 117.1430413, -0.6192494 ], [ 117.142670100000018, -0.6188164 ], [ 117.1420371, -0.6178122 ], [ 117.1417564, -0.6175838 ], [ 117.140699900000016, -0.6169984 ], [ 117.14016479999998, -0.6165428 ], [ 117.139553800000016, -0.6160974 ], [ 117.1389398, -0.6161034 ], [ 117.132487900000015, -0.6141133 ], [ 117.128601806881335, -0.612522455127847 ], [ 117.128601920046762, -0.612350581034761 ], [ 117.128606777059943, -0.612059109344428 ], [ 117.128616297887589, -0.611767754248751 ], [ 117.128630480057879, -0.611476591368684 ], [ 117.128649319889092, -0.611185696275298 ], [ 117.128672812490564, -0.610895144470151 ], [ 117.128700951764088, -0.610605011365706 ], [ 117.128733730405372, -0.610315372265694 ], [ 117.128765931317034, -0.610049872174217 ], [ 117.128803183818974, -0.609761943830168 ], [ 117.128845021045066, -0.609474654316547 ], [ 117.128891432221437, -0.609188077610653 ], [ 117.12894240539643, -0.608902287506184 ], [ 117.128997927443663, -0.608617357594309 ], [ 117.129057984065426, -0.608333361244663 ], [ 117.129122559796414, -0.608050371586486 ], [ 117.129191638007512, -0.607768461489769 ], [ 117.129199132129642, -0.607738899865555 ], [ 117.129146875412033, -0.607488621961388 ], [ 117.129091809772561, -0.607201992762369 ], [ 117.129041344981275, -0.606914506522786 ], [ 117.128995494174063, -0.60662623807869 ], [ 117.128954269285686, -0.606337262469753 ], [ 117.128917681046758, -0.606047654919721 ], [ 117.128885738980955, -0.60575749081682 ], [ 117.128858451402365, -0.605466845694152 ], [ 117.128835825413574, -0.605175795210011 ], [ 117.12883415287034, -0.6051486578962 ], [ 117.128805443942156, -0.604879791416016 ], [ 117.12878023672279, -0.604604078980824 ], [ 117.128772005365875, -0.60449593823949 ], [ 117.128769147141554, -0.604476914318579 ], [ 117.128584825038473, -0.60357286982497 ], [ 117.128534835611219, -0.603318441820897 ], [ 117.12848847384771, -0.6030633186614 ], [ 117.128445749272373, -0.602807552760967 ], [ 117.128406670662372, -0.602551196666135 ], [ 117.128371246045845, -0.602294303044699 ], [ 117.128309019982325, -0.6018180104802 ], [ 117.128254937879987, -0.601621470820193 ], [ 117.128186373496803, -0.601356815126357 ], [ 117.128121790685, -0.601091146382946 ], [ 117.128061204199895, -0.600824525289728 ], [ 117.128004627883641, -0.600557012764047 ], [ 117.127952074662232, -0.600288669926915 ], [ 117.127946829947007, -0.600259579458146 ], [ 117.127786929041918, -0.60019885156243 ], [ 117.127524362055894, -0.600094361094845 ], [ 117.12726345783841, -0.599985731715852 ], [ 117.127004280764254, -0.599872990228269 ], [ 117.126746894782116, -0.599756164449491 ], [ 117.126491363398642, -0.599635283204747 ], [ 117.126237749662977, -0.599510376319803 ], [ 117.125986116151026, -0.599381474613785 ], [ 117.125736524950113, -0.599248609891425 ], [ 117.125489037643661, -0.599111814935327 ], [ 117.125243715295952, -0.598971123497812 ], [ 117.125000618437042, -0.598826570292609 ], [ 117.124759807047951, -0.598678190986293 ], [ 117.124521340545655, -0.598526022189474 ], [ 117.124285277768692, -0.598370101447779 ], [ 117.124051676962367, -0.598210467232603 ], [ 117.123820595764613, -0.598047158931533 ], [ 117.123592091191583, -0.597880216838748 ], [ 117.123366219623705, -0.597709682144987 ], [ 117.123143036791788, -0.597535596927422 ], [ 117.122922597763107, -0.597358004139298 ], [ 117.12270495692799, -0.597176947599243 ], [ 117.122490167986356, -0.596992471980605 ], [ 117.122278283934335, -0.59680462280026 ], [ 117.122069357051473, -0.59661344640754 ], [ 117.121863438887445, -0.596418989972659 ], [ 117.121660580249696, -0.596221301475199 ], [ 117.12146083119076, -0.596020429692146 ], [ 117.121264240995799, -0.595816424185977 ], [ 117.121070858170654, -0.595609335292323 ], [ 117.120880730429732, -0.595399214107651 ], [ 117.120693904684259, -0.595186112476539 ], [ 117.12051042703078, -0.594970082979006 ], [ 117.120330342739649, -0.594751178917448 ], [ 117.12015369624396, -0.594529454303547 ], [ 117.119980531128633, -0.594304963844871 ], [ 117.119810890119481, -0.594077762931464 ], [ 117.119644815072817, -0.593847907622121 ], [ 117.119482346965114, -0.593615454630543 ], [ 117.119323525882848, -0.593380461311431 ], [ 117.119168391012565, -0.593142985646209 ], [ 117.119016980631386, -0.592903086228839 ], [ 117.118869332097361, -0.592660822251245 ], [ 117.118725481840357, -0.592416253488831 ], [ 117.118585465353078, -0.592169440285637 ], [ 117.118449317182225, -0.591920443539497 ], [ 117.118317070920114, -0.591669324686964 ], [ 117.118188759196215, -0.591416145688236 ], [ 117.118064413669273, -0.591160969011814 ], [ 117.117944065019344, -0.590903857619037 ], [ 117.117827742940349, -0.590644874948676 ], [ 117.117715476132645, -0.590384084901158 ], [ 117.117607292296029, -0.590121551822867 ], [ 117.117503218122835, -0.589857340490246 ], [ 117.117403279291452, -0.589591516093805 ], [ 117.11730750045983, -0.589324144222101 ], [ 117.117215905259528, -0.589055290845414 ], [ 117.117128516289839, -0.588785022299631 ], [ 117.117045355112197, -0.588513405269772 ], [ 117.116966442244944, -0.588240506773583 ], [ 117.116891797158075, -0.587966394144982 ], [ 117.116821438268715, -0.587691135017431 ], [ 117.116755382936276, -0.587414797307281 ], [ 117.116693647458391, -0.587137449197008 ], [ 117.116636247066836, -0.586859159118376 ], [ 117.11658319592371, -0.586579995735567 ], [ 117.116534507118018, -0.586300027928181 ], [ 117.116490192662411, -0.586019324774346 ], [ 117.116450263490208, -0.585737955533598 ], [ 117.116414729452714, -0.58545598962981 ], [ 117.116383599316848, -0.585173496634071 ], [ 117.116356880762822, -0.584890546247478 ], [ 117.116334580382457, -0.584607208284034 ], [ 117.116316703677342, -0.584323552653286 ], [ 117.116303255057716, -0.584039649343242 ], [ 117.116294237841089, -0.583755568402926 ], [ 117.11628965425173, -0.583471379925224 ], [ 117.116289505419857, -0.583187154029542 ], [ 117.116293791381565, -0.582902960844483 ], [ 117.116302511078658, -0.582618870490608 ], [ 117.116315662359014, -0.582334953063077 ], [ 117.116333241977074, -0.582051278614359 ], [ 117.116355245594676, -0.581767917136977 ], [ 117.116381667782065, -0.581484938546216 ], [ 117.116412502019287, -0.581202412662885 ], [ 117.116447740697794, -0.580920409196078 ], [ 117.116487375122247, -0.58063899772598 ], [ 117.116531395512808, -0.580358247686686 ], [ 117.116579791007439, -0.580078228349123 ], [ 117.116632549664587, -0.579799008803881 ], [ 117.116689658466214, -0.579520657944194 ], [ 117.11675110332088, -0.579243244448981 ], [ 117.11681686906735, -0.578966836765851 ], [ 117.116886939478263, -0.578691503094244 ], [ 117.116961297264169, -0.578417311368566 ], [ 117.11703992407773, -0.578144329241519 ], [ 117.117122800518374, -0.577872624067254 ], [ 117.117209906136921, -0.577602262884919 ], [ 117.117301219440776, -0.577333312401979 ], [ 117.117396717899126, -0.577065838977902 ], [ 117.117496377948612, -0.576799908607591 ], [ 117.117600174998969, -0.57653558690533 ], [ 117.117708083439297, -0.576272939088382 ], [ 117.117820076644236, -0.576012029961065 ], [ 117.117936126980609, -0.575752923898662 ], [ 117.118056205814199, -0.575495684831541 ], [ 117.118180283516807, -0.575240376229438 ], [ 117.118308329473621, -0.574987061085796 ], [ 117.118440312090769, -0.574735801902114 ], [ 117.11857619880297, -0.574486660672694 ], [ 117.118715956081815, -0.574239698869172 ], [ 117.118859549443783, -0.573994977425486 ], [ 117.119006943458956, -0.573752556722775 ], [ 117.119158101759652, -0.573512496574519 ], [ 117.11931298704944, -0.573274856211725 ], [ 117.119471561112292, -0.573039694268347 ], [ 117.119633784822085, -0.57280706876685 ], [ 117.119799618152186, -0.572577037103829 ], [ 117.11996902018538, -0.572349656035928 ], [ 117.120141949123948, -0.572124981665728 ], [ 117.12031836229994, -0.571903069428 ], [ 117.120498216185808, -0.571683974075988 ], [ 117.120681466405031, -0.571467749667926 ], [ 117.120868067743103, -0.571254449553656 ], [ 117.123289850552908, -0.568529607350631 ], [ 117.123701062646589, -0.568062779475161 ], [ 117.12388610261084, -0.567855940124682 ], [ 117.124074281320517, -0.567651990743396 ], [ 117.124265554243237, -0.567450979595357 ], [ 117.124459876114358, -0.567252954249289 ], [ 117.124657200947738, -0.567057961567328 ], [ 117.124857482046579, -0.566866047693919 ], [ 117.125060672014584, -0.566677258044945 ], [ 117.125266722767009, -0.566491637296891 ], [ 117.125475585542162, -0.566309229376364 ], [ 117.125687210912929, -0.566130077449609 ], [ 117.125878710944377, -0.565970477861378 ], [ 117.12610249608025, -0.565786999560632 ], [ 117.126329178796283, -0.565607162152801 ], [ 117.126558700647365, -0.565431012004671 ], [ 117.126791002456301, -0.565258594532331 ], [ 117.127026024329226, -0.565089954189524 ], [ 117.127263705670941, -0.564925134456071 ], [ 117.12750398520069, -0.564764177826785 ], [ 117.127746800967728, -0.564607125800444 ], [ 117.127992090367442, -0.564454018869099 ], [ 117.128001023892026, -0.564448640631971 ], [ 117.128027531385982, -0.564412721743049 ], [ 117.128194280713316, -0.564190365256504 ], [ 117.12836441107558, -0.563970619696653 ], [ 117.128537882139113, -0.563753537159087 ], [ 117.128714652778214, -0.563539169108087 ], [ 117.128894681085015, -0.56332756636439 ], [ 117.129077924379345, -0.563118779093137 ], [ 117.129606325234988, -0.562525980236907 ], [ 117.129818239320613, -0.562292380161979 ], [ 117.130034177814125, -0.562062545395905 ], [ 117.130254074709981, -0.561836546191203 ], [ 117.130477862792674, -0.561614451627996 ], [ 117.131236863486592, -0.560874253272725 ], [ 117.131445837487433, -0.560673706032489 ], [ 117.131657984326253, -0.560476563688645 ], [ 117.13187324926713, -0.560282877105411 ], [ 117.132091576769639, -0.560092696255367 ], [ 117.13231291050316, -0.559906070206622 ], [ 117.132537193361486, -0.559723047110049 ], [ 117.132764367477606, -0.559543674186959 ], [ 117.132994374238407, -0.559367997716889 ], [ 117.133227154300116, -0.559196063025631 ], [ 117.133250495318592, -0.559179111625229 ], [ 117.133245599790939, -0.559159543984939 ], [ 117.133180953167752, -0.558882869098077 ], [ 117.133120631464521, -0.558605206122448 ], [ 117.133064649564091, -0.558326623567492 ], [ 117.1330130212787, -0.558047190169555 ], [ 117.132965759346291, -0.55776697487491 ], [ 117.132922875427468, -0.55748604682275 ], [ 117.132884380102638, -0.557204475328102 ], [ 117.132850282869356, -0.556922329864735 ], [ 117.132820592140064, -0.556639680048076 ], [ 117.132795315239861, -0.556356595617935 ], [ 117.132774458404896, -0.556073146421365 ], [ 117.132758026780635, -0.555789402395427 ], [ 117.132746024420712, -0.555505433549893 ], [ 117.132738454285928, -0.555221309950013 ], [ 117.132735318243462, -0.554937101699187 ], [ 117.132736617066485, -0.554652878921743 ], [ 117.132742350433858, -0.554368711745512 ], [ 117.132752516930339, -0.554084670284658 ], [ 117.132767114046871, -0.553800824622283 ], [ 117.132786138181118, -0.553517244793189 ], [ 117.132809584638593, -0.553234000766556 ], [ 117.132837447633563, -0.552951162428699 ], [ 117.132869720290586, -0.552668799565864 ], [ 117.132906394646213, -0.552386981846923 ], [ 117.132947461650957, -0.552105778806249 ], [ 117.132992911171527, -0.551825259826542 ], [ 117.133042731993243, -0.551545494121732 ], [ 117.13309691182296, -0.551266550719833 ], [ 117.133155437291961, -0.550988498445993 ], [ 117.133218293959345, -0.550711405905457 ], [ 117.133285466315527, -0.550435341466681 ], [ 117.13335693778609, -0.550160373244429 ], [ 117.133432690735944, -0.549886569082972 ], [ 117.133512706473525, -0.549613996539369 ], [ 117.133596965255535, -0.549342722866771 ], [ 117.133685446291821, -0.549072814997853 ], [ 117.133778127750404, -0.548804339528279 ], [ 117.133874986762933, -0.548537362700312 ], [ 117.133975999430334, -0.548271950386379 ], [ 117.13408114082867, -0.548008168072943 ], [ 117.13419038501533, -0.547746080844194 ], [ 117.134303705035393, -0.547485753366171 ], [ 117.134416875208387, -0.547236495374488 ], [ 117.135272114607289, -0.545009117807541 ], [ 117.13537455430361, -0.544748351421658 ], [ 117.135480995885999, -0.544489214470036 ], [ 117.135591413790181, -0.544231769188805 ], [ 117.135705781496839, -0.543976077407823 ], [ 117.135824071538124, -0.5437222005358 ], [ 117.135946255504081, -0.543470199545552 ], [ 117.136072304049634, -0.543220134959335 ], [ 117.136202186901613, -0.542972066834409 ], [ 117.136335872865885, -0.54272605474846 ], [ 117.136473329835042, -0.542482157785406 ], [ 117.136614524795917, -0.542240434521181 ], [ 117.136759423837745, -0.542000943009642 ], [ 117.136907992160033, -0.541763740768651 ], [ 117.137060194081187, -0.541528884766273 ], [ 117.13721599304688, -0.541296431407041 ], [ 117.13737535163888, -0.54106643651846 ], [ 117.137538231584173, -0.540838955337592 ], [ 117.137676507506157, -0.540652013629242 ], [ 117.137811007195239, -0.540416748698423 ], [ 117.137955452352912, -0.54017301172392 ], [ 117.138103677266415, -0.539931585485276 ], [ 117.138255645468007, -0.539692529379657 ], [ 117.138411319569101, -0.539455902221044 ], [ 117.138570661269242, -0.539221762225868 ], [ 117.138733631365767, -0.53899016699863 ], [ 117.138900189763334, -0.53876117351771 ], [ 117.139030593685433, -0.538587663637809 ], [ 117.13885934169835, -0.538447067306919 ], [ 117.13864337181289, -0.53826399714538 ], [ 117.138430285002443, -0.538077534540513 ], [ 117.138220133843262, -0.537887725499469 ], [ 117.138012970187205, -0.537694616855097 ], [ 117.137808845148996, -0.537498256254355 ], [ 117.137607809093637, -0.53729869214659 ], [ 117.137409911623919, -0.537095973771564 ], [ 117.137305192609986, -0.536985278195991 ], [ 117.137202201984252, -0.537084643060235 ], [ 117.136999114887033, -0.537274618460299 ], [ 117.136793141370248, -0.537461418016048 ], [ 117.136584330433323, -0.537644997288981 ], [ 117.136372731750726, -0.537825312606662 ], [ 117.136158395660175, -0.53800232107311 ], [ 117.135941373150558, -0.538175980579035 ], [ 117.135721715849883, -0.538346249811823 ], [ 117.135499476012967, -0.53851308826539 ], [ 117.135274706509009, -0.538676456249794 ], [ 117.135094169219641, -0.538803457323029 ], [ 117.135008033659801, -0.538873326058234 ], [ 117.134784565769735, -0.53904881432531 ], [ 117.134558377030331, -0.539220733646848 ], [ 117.134329523679, -0.539389041278122 ], [ 117.134098062615664, -0.539553695372396 ], [ 117.133864051388713, -0.539714654991267 ], [ 117.133627548180471, -0.53987188011495 ], [ 117.133388611792952, -0.540025331652117 ], [ 117.133263911699856, -0.540104031888297 ], [ 117.133023527552538, -0.540253107496295 ], [ 117.132780847040451, -0.54039836364049 ], [ 117.132535930041584, -0.540539764480789 ], [ 117.132288836985737, -0.540677275128259 ], [ 117.132039628839593, -0.540810861653891 ], [ 117.131788367091744, -0.540940491096857 ], [ 117.131535113737556, -0.541066131472672 ], [ 117.131335706439444, -0.541161169258957 ], [ 117.131293859677413, -0.5412257440457 ], [ 117.131135353710931, -0.541462112367569 ], [ 117.13097316692452, -0.541695936485576 ], [ 117.130807339606022, -0.541927158315999 ], [ 117.130637912947705, -0.542155720421547 ], [ 117.130464929035966, -0.542381566025644 ], [ 117.130288430840821, -0.542604639026471 ], [ 117.130108462205314, -0.542824884010939 ], [ 117.129925067834535, -0.543042246268468 ], [ 117.129738293284618, -0.543256671804543 ], [ 117.129548184951375, -0.54346810735414 ], [ 117.129354790058741, -0.543676500394995 ], [ 117.129158156647094, -0.543881799160575 ], [ 117.1289583335613, -0.54408395265299 ], [ 117.12875537043854, -0.544282910655666 ], [ 117.128549317696127, -0.5444786237458 ], [ 117.128340226518745, -0.544671043306627 ], [ 117.128128148845931, -0.544860121539554 ], [ 117.125333249797649, -0.547312627227147 ], [ 117.125119957274293, -0.54749685573626 ], [ 117.124903829499033, -0.547677704515515 ], [ 117.124684919309956, -0.547855129351282 ], [ 117.124463280225442, -0.548029086867053 ], [ 117.124238966431037, -0.548199534533968 ], [ 117.124012032766231, -0.548366430681251 ], [ 117.123782534710998, -0.548529734506358 ], [ 117.123550528372277, -0.54868940608505 ], [ 117.123316070470253, -0.548845406381017 ], [ 117.123079218324449, -0.548997697255522 ], [ 117.122840029839793, -0.5491462414767 ], [ 117.122598563492346, -0.549291002728626 ], [ 117.122354878315178, -0.549431945620249 ], [ 117.122109033883703, -0.549569035694018 ], [ 117.121861090301365, -0.549702239434295 ], [ 117.121611108184709, -0.549831524275542 ], [ 117.121359148648736, -0.549956858610364 ], [ 117.121105273291889, -0.550078211797107 ], [ 117.120849544181041, -0.550195554167445 ], [ 117.120592023836167, -0.550308857033606 ], [ 117.120332775215275, -0.550418092695405 ], [ 117.120071861698918, -0.550523234446929 ], [ 117.119809347074622, -0.550624256583217 ], [ 117.119545295521448, -0.550721134406409 ], [ 117.119279771594108, -0.550813844231864 ], [ 117.119012840207418, -0.550902363393888 ], [ 117.11874456662018, -0.550986670251353 ], [ 117.118475016419438, -0.551066744192913 ], [ 117.118204255504324, -0.551142565642102 ], [ 117.117932350069978, -0.551214116062081 ], [ 117.11765936659134, -0.551281377960177 ], [ 117.111828252325836, -0.552669585245926 ], [ 117.111552684511594, -0.552732890257469 ], [ 117.111276161916848, -0.55279182516864 ], [ 117.110998752922342, -0.552846375405415 ], [ 117.110720526128077, -0.552896527478026 ], [ 117.11044155033629, -0.5529422689843 ], [ 117.110161894534386, -0.552983588612794 ], [ 117.109881627877968, -0.553020476145507 ], [ 117.109600819673744, -0.553052922460445 ], [ 117.109319539362275, -0.553080919533896 ], [ 117.105118063532288, -0.553465553474805 ], [ 117.102704042637598, -0.55387281177357 ], [ 117.102661731038665, -0.5539772424194 ], [ 117.101965562851419, -0.557082282118516 ], [ 117.10162257532204, -0.561923016408575 ], [ 117.101602354124864, -0.562182163474827 ], [ 117.101597200373874, -0.562237936590044 ], [ 117.10181920714183, -0.562396629806009 ], [ 117.102046748949704, -0.562564751601199 ], [ 117.102271640321575, -0.56273644954534 ], [ 117.102493825802938, -0.562911681300597 ], [ 117.10271325060647, -0.563090403657733 ], [ 117.102929860625579, -0.563272572546785 ], [ 117.103143602447716, -0.563458143047925 ], [ 117.103354423367634, -0.563647069402586 ], [ 117.10352871929031, -0.563808273167736 ], [ 117.103620179883777, -0.563873058954962 ], [ 117.103847224332071, -0.564039282238024 ], [ 117.104071662226147, -0.564209055007899 ], [ 117.104293438815475, -0.564382335849393 ], [ 117.104512499998762, -0.564559082491574 ], [ 117.104728792337099, -0.564739251817993 ], [ 117.104942263067002, -0.56492279987729 ], [ 117.105152860113236, -0.565109681893872 ], [ 117.105360532101699, -0.565299852278821 ], [ 117.105565228371702, -0.565493264641096 ], [ 117.105614508986079, -0.565541307941083 ], [ 117.105622654261609, -0.565548296276058 ], [ 117.105834635172911, -0.565736033618785 ], [ 117.106043660692109, -0.565927099716563 ], [ 117.106249679245465, -0.566121447426957 ], [ 117.106452640001123, -0.566319028797907 ], [ 117.106652492881736, -0.566519795079479 ], [ 117.106849188576746, -0.566723696735875 ], [ 117.10685366129151, -0.566728481441692 ], [ 117.10689661359379, -0.566770944539437 ], [ 117.107098545492036, -0.566977068144344 ], [ 117.107297175741053, -0.56718641763964 ], [ 117.107492453495951, -0.567398939436709 ], [ 117.107684328769906, -0.567614579134934 ], [ 117.107872752447108, -0.567833281535584 ], [ 117.108057676295175, -0.568054990655948 ], [ 117.10823905297768, -0.568279649743629 ], [ 117.108416836066112, -0.568507201291132 ], [ 117.108554936122232, -0.568686900920574 ], [ 117.108723950994943, -0.568910390621099 ], [ 117.108889499391466, -0.569136494514623 ], [ 117.10905154141939, -0.56936515811706 ], [ 117.109210038031236, -0.569596326327498 ], [ 117.109258125847433, -0.569668845335558 ], [ 117.109385511829089, -0.569845586388011 ], [ 117.10954897663683, -0.570080108732822 ], [ 117.109708732501872, -0.570317207087151 ], [ 117.109864739374459, -0.57055682201256 ], [ 117.110016958144726, -0.57079889343976 ], [ 117.110165350652395, -0.571043360683611 ], [ 117.110309879696459, -0.571290162458371 ], [ 117.110450509044284, -0.571539236893047 ], [ 117.110587203441028, -0.571790521546901 ], [ 117.11071992861811, -0.572043953425116 ], [ 117.110848651302092, -0.572299468994559 ], [ 117.110973339222923, -0.572557004199768 ], [ 117.111093961121938, -0.572816494478943 ], [ 117.111210486759816, -0.573077874780146 ], [ 117.111322886924142, -0.573341079577657 ], [ 117.111431133436668, -0.573606042888358 ], [ 117.111535199160443, -0.573872698288244 ], [ 117.111635058006541, -0.57414097892916 ], [ 117.111730684940738, -0.574410817555479 ], [ 117.11182205598962, -0.574682146520991 ], [ 117.11190914824671, -0.574954897805924 ], [ 117.11199193987818, -0.575229003033842 ], [ 117.112070410128311, -0.575504393488934 ], [ 117.112144539324689, -0.57578100013319 ], [ 117.112152239016012, -0.575811652703188 ], [ 117.112177194677727, -0.575870652615101 ], [ 117.112284694414129, -0.576136417645779 ], [ 117.1123879941306, -0.576403865389848 ], [ 117.112487067847553, -0.57667292858629 ], [ 117.112581890648173, -0.576943539567845 ], [ 117.112672438684768, -0.577215630277969 ], [ 117.112758689184631, -0.577489132287985 ], [ 117.112840620455842, -0.577763976814236 ], [ 117.112918211892776, -0.57804009473548 ], [ 117.112991443981201, -0.578317416610179 ], [ 117.113060298303182, -0.578595872694018 ], [ 117.113124757541826, -0.578875392957442 ], [ 117.113184805485488, -0.579155907103219 ], [ 117.113240427031968, -0.579437344584179 ], [ 117.113290423544029, -0.579713100686422 ], [ 117.113336626078294, -0.579906165262808 ], [ 117.113398348090612, -0.580183085624569 ], [ 117.113455748127265, -0.580460946449342 ], [ 117.113508812066996, -0.580739679382018 ], [ 117.113557526855175, -0.581019215852955 ], [ 117.113601880507133, -0.58129948709479 ], [ 117.113641862111038, -0.581580424159446 ], [ 117.113677461830562, -0.581861957934981 ], [ 117.1137086709074, -0.582144019162694 ], [ 117.113735481663312, -0.582426538454129 ], [ 117.113757887502047, -0.582709446308075 ], [ 117.113775882911028, -0.582992673127791 ], [ 117.113789463462652, -0.583276149238009 ], [ 117.113798625815349, -0.583559804902172 ], [ 117.11380336771451, -0.583843570339474 ], [ 117.113803687992927, -0.584127375742161 ], [ 117.113799586571133, -0.584411151292607 ], [ 117.113791064457416, -0.584694827180503 ], [ 117.113778123747636, -0.584978333620106 ], [ 117.113760767624612, -0.585261600867271 ], [ 117.113739000357313, -0.585544559236744 ], [ 117.113712827299963, -0.585827139119212 ], [ 117.113682254890591, -0.586109270998466 ], [ 117.113647290649524, -0.586390885468527 ], [ 117.113607943177499, -0.586671913250666 ], [ 117.113564222153457, -0.586952285210454 ], [ 117.113516138332457, -0.587231932374821 ], [ 117.113463703542607, -0.587510785948958 ], [ 117.113406930682558, -0.587788777333317 ], [ 117.113402109810465, -0.587811478950393 ], [ 117.113340919146907, -0.588088949425168 ], [ 117.113275406656882, -0.588365418102155 ], [ 117.113258081013157, -0.588433759343677 ], [ 117.113236418034646, -0.588534471984171 ], [ 117.113172339694046, -0.588811281081568 ], [ 117.113103950201804, -0.589087042801977 ], [ 117.113031266431364, -0.589361689105296 ], [ 117.112954306315672, -0.589635152226576 ], [ 117.112873088842875, -0.58990736469285 ], [ 117.112787634051486, -0.590178259339689 ], [ 117.112697963025596, -0.590447769327773 ], [ 117.112604097889545, -0.590715828159473 ], [ 117.112506061802563, -0.590982369695178 ], [ 117.112403878952961, -0.591247328169611 ], [ 117.11229757455223, -0.591510638208124 ], [ 117.112187174828819, -0.591772234842739 ], [ 117.112072707021682, -0.592032053528261 ], [ 117.111954199373415, -0.592290030158155 ], [ 117.111831681123476, -0.592546101080382 ], [ 117.111705182500913, -0.592800203113073 ], [ 117.111621314206346, -0.592962265803218 ], [ 117.111602142924355, -0.593097026849952 ], [ 117.11155710448628, -0.593381310672949 ], [ 117.111507579091807, -0.593664837209334 ], [ 117.111470079761162, -0.593869937217026 ], [ 117.11141693372204, -0.59414834647556 ], [ 117.111359461223685, -0.594425883336797 ], [ 117.111297676373809, -0.594702479670456 ], [ 117.111231594338861, -0.594978067577126 ], [ 117.111161231340063, -0.595252579404936 ], [ 117.111123459129104, -0.595390944479432 ], [ 117.111082129696044, -0.595607677109006 ], [ 117.111024287051649, -0.595887120928158 ], [ 117.110962072716291, -0.596165611424533 ], [ 117.1108955021718, -0.596443079293553 ], [ 117.110824591984112, -0.596719455485018 ], [ 117.110749359799158, -0.596994671220482 ], [ 117.110669824338373, -0.597268658010238 ], [ 117.110586005394168, -0.597541347670375 ], [ 117.110497923824852, -0.597812672339814 ], [ 117.110484523948571, -0.597852872361626 ], [ 117.110391645502318, -0.598124349448992 ], [ 117.110294499645789, -0.598394308746379 ], [ 117.110193110839447, -0.598662682278596 ], [ 117.11008750461211, -0.598929402469723 ], [ 117.109977707554549, -0.599194402160135 ], [ 117.109863747312787, -0.599457614623434 ], [ 117.109745652581154, -0.599718973583222 ], [ 117.109702439336701, -0.599810718888601 ], [ 117.106777300000019, -0.6010389 ] ] ] ] } }
]
}
