{
"type": "FeatureCollection",
"name": "Waterwayss",
"crs": { "type": "name", "properties": { "name": "urn:ogc:def:crs:OGC:1.3:CRS84" } },
"features": [
{ "type": "Feature", "properties": { "osm_id": 578989032, "osm_type": "ways_line", "name": null, "waterway": "canal" }, "geometry": { "type": "MultiLineString", "coordinates": [ [ [ 117.253380654434537, -0.575310486088694 ], [ 117.253158, -0.5761419 ] ] ] } },
{ "type": "Feature", "properties": { "osm_id": 578989050, "osm_type": "ways_line", "name": null, "waterway": "canal" }, "geometry": { "type": "MultiLineString", "coordinates": [ [ [ 117.24678040000002, -0.549426 ], [ 117.2467643, -0.5498337 ], [ 117.2466624, -0.5520732 ], [ 117.246657500000012, -0.5521836 ], [ 117.2465551, -0.5545059 ], [ 117.24643823050495, -0.557645593658982 ] ] ] } },
{ "type": "Feature", "properties": { "osm_id": 581495022, "osm_type": "ways_line", "name": null, "waterway": "river" }, "geometry": { "type": "MultiLineString", "coordinates": [ [ [ 117.213622900000018, -0.5933048 ], [ 117.213812, -0.5932605 ], [ 117.2152886, -0.5923969 ], [ 117.21576330000002, -0.5926423 ], [ 117.2159564, -0.5927925 ], [ 117.2166887, -0.5940021 ], [ 117.216855, -0.5939377 ], [ 117.217024, -0.5939592 ], [ 117.217488, -0.5939029 ], [ 117.2179252, -0.5937151 ], [ 117.2181854, -0.5937151 ], [ 117.2186038, -0.5935059 ], [ 117.2189981, -0.593514 ], [ 117.2192985, -0.5936588 ], [ 117.2194031, -0.5936454 ], [ 117.219545199999985, -0.5937124 ], [ 117.2199878, -0.5936963 ], [ 117.220121899999981, -0.5937419 ], [ 117.2201595, -0.593817 ], [ 117.2202694, -0.5938412 ], [ 117.22072540000002, -0.5941523 ], [ 117.2207656, -0.5942623 ], [ 117.2209963, -0.5943883 ], [ 117.2210661, -0.5947584 ], [ 117.2222999, -0.5952573 ], [ 117.222919500000017, -0.5960056 ], [ 117.223053600000014, -0.5960324 ], [ 117.223236, -0.5961826 ], [ 117.2234666, -0.5962416 ], [ 117.2236839, -0.5965581 ], [ 117.2239575, -0.5967351 ], [ 117.2240192, -0.5972849 ], [ 117.2240862, -0.597529 ], [ 117.223842100000013, -0.5984946 ], [ 117.2237456, -0.598634 ], [ 117.2235042, -0.5987949 ], [ 117.2238556, -0.5996022 ], [ 117.22392259999998, -0.5999455 ], [ 117.2238153, -0.6001306 ], [ 117.2233915, -0.600549 ], [ 117.2232413, -0.6008789 ], [ 117.223305700000012, -0.6015628 ], [ 117.2233996, -0.601705 ], [ 117.223842100000013, -0.6019866 ], [ 117.2240594, -0.6020778 ], [ 117.224375899999984, -0.6020912 ], [ 117.2253522, -0.6020295 ], [ 117.225961100000021, -0.601764 ], [ 117.226197099999979, -0.6015548 ], [ 117.226438500000015, -0.601249 ], [ 117.226717500000021, -0.6010935 ], [ 117.2268623, -0.600954 ], [ 117.227286100000015, -0.6007716 ], [ 117.2276777, -0.6005141 ], [ 117.2279298, -0.6004712 ], [ 117.228782800000019, -0.5999724 ], [ 117.229115399999984, -0.5999295 ], [ 117.2295552, -0.6001118 ], [ 117.2298878, -0.6005034 ], [ 117.230016600000013, -0.6007341 ], [ 117.2302419, -0.601426 ], [ 117.230279400000015, -0.6020805 ], [ 117.23014, -0.6031372 ], [ 117.2300273, -0.6033893 ], [ 117.2297966, -0.6043978 ], [ 117.2296894, -0.6046821 ], [ 117.2296679, -0.6050844 ], [ 117.2297752, -0.6052399 ], [ 117.229732299999981, -0.6054062 ], [ 117.2298288, -0.6059265 ], [ 117.22992, -0.6062806 ], [ 117.2301239, -0.6066561 ], [ 117.230773, -0.6074607 ], [ 117.2311002, -0.6077933 ], [ 117.2314542, -0.6078254 ], [ 117.2324949, -0.6077611 ], [ 117.2329831, -0.6077718 ], [ 117.2334552, -0.6078523 ], [ 117.234571, -0.6077342 ], [ 117.237618, -0.6075465 ], [ 117.237736, -0.6075787 ], [ 117.2394901, -0.6075787 ], [ 117.239972900000012, -0.6074929 ], [ 117.2408634, -0.6075626 ], [ 117.241807599999987, -0.6078308 ], [ 117.2422689, -0.6080346 ], [ 117.2431701, -0.6086837 ], [ 117.243256, -0.6090645 ], [ 117.2432667, -0.6093864 ], [ 117.243138, -0.6101856 ], [ 117.2428536, -0.6111136 ], [ 117.242778499999986, -0.6118378 ], [ 117.2424406, -0.6132271 ], [ 117.24227430000002, -0.6141014 ], [ 117.24227430000002, -0.6144448 ], [ 117.242167, -0.6149812 ], [ 117.2419846, -0.6153566 ], [ 117.241898799999987, -0.6163973 ], [ 117.241931, -0.6173199 ], [ 117.242124100000012, -0.6186019 ], [ 117.2425049, -0.6196962 ], [ 117.242869699999986, -0.6203989 ], [ 117.243508100000014, -0.6211392 ], [ 117.2441143, -0.6219813 ], [ 117.244538100000014, -0.6223622 ], [ 117.2458792, -0.6237193 ], [ 117.246195700000015, -0.6239714 ], [ 117.2471953, -0.6247866 ] ] ] } },
{ "type": "Feature", "properties": { "osm_id": 578989022, "osm_type": "ways_line", "name": null, "waterway": "canal" }, "geometry": { "type": "MultiLineString", "coordinates": [ [ [ 117.2586237, -0.5492771 ], [ 117.259858800000018, -0.5493308 ], [ 117.2610886, -0.5493911 ], [ 117.2623935, -0.5494796 ], [ 117.2643623, -0.5495923 ], [ 117.264501400000015, -0.5495924 ] ] ] } },
{ "type": "Feature", "properties": { "osm_id": 578989052, "osm_type": "ways_line", "name": null, "waterway": "canal" }, "geometry": { "type": "MultiLineString", "coordinates": [ [ [ 117.264501400000015, -0.5495924 ], [ 117.2644964, -0.5497264 ], [ 117.264397099999982, -0.5514 ], [ 117.263957210520317, -0.558446630283607 ] ] ] } },
{ "type": "Feature", "properties": { "osm_id": 833671184, "osm_type": "ways_line", "name": null, "waterway": "canal" }, "geometry": { "type": "MultiLineString", "coordinates": [ [ [ 117.155723399999985, -0.6042745 ], [ 117.1556974, -0.6041652 ] ] ] } },
{ "type": "Feature", "properties": { "osm_id": 576222629, "osm_type": "ways_line", "name": null, "waterway": "canal" }, "geometry": { "type": "MultiLineString", "coordinates": [ [ [ 117.1237166, -0.5247731 ], [ 117.1238413, -0.5246944 ], [ 117.123951300000016, -0.5244611 ], [ 117.1241283, -0.5241661 ], [ 117.12424630000001, -0.5239864 ], [ 117.1243321, -0.5239273 ], [ 117.1244421, -0.5239247 ], [ 117.124637899999982, -0.5239595 ], [ 117.1247828, -0.5239649 ], [ 117.1248659, -0.5239247 ], [ 117.1249946, -0.5237986 ], [ 117.1250832, -0.5236913 ], [ 117.125104600000014, -0.5236135 ], [ 117.125099299999988, -0.523458 ], [ 117.1250268, -0.5230288 ], [ 117.1249973, -0.5228357 ], [ 117.1249839, -0.5227177 ], [ 117.125018800000021, -0.5226051 ], [ 117.125112700000017, -0.5224576 ], [ 117.1251395, -0.522369 ], [ 117.1251636, -0.5221277 ], [ 117.1251207, -0.5219319 ], [ 117.1250376, -0.5217495 ], [ 117.1249625, -0.5216127 ], [ 117.1248632, -0.5214598 ], [ 117.1248096, -0.521315 ], [ 117.124739800000015, -0.5211219 ], [ 117.124705, -0.5208858 ], [ 117.124659400000013, -0.5206713 ], [ 117.1245816, -0.5205559 ], [ 117.1244394, -0.5204648 ], [ 117.12419, -0.5203736 ], [ 117.1238413, -0.5202529 ], [ 117.123524799999984, -0.5201295 ], [ 117.1230661, -0.5199793 ], [ 117.1229159, -0.5199391 ], [ 117.122873, -0.5199257 ], [ 117.122564600000018, -0.5198559 ], [ 117.1224091, -0.5198224 ], [ 117.1222548, -0.519746 ], [ 117.121678100000011, -0.5195971 ], [ 117.12141130000002, -0.5194885 ], [ 117.119736099999983, -0.5189984 ] ] ] } },
{ "type": "Feature", "properties": { "osm_id": 574617009, "osm_type": "ways_line", "name": null, "waterway": "river" }, "geometry": { "type": "MultiLineString", "coordinates": [ [ [ 117.2406623, -0.5155378 ], [ 117.2406703, -0.5154171 ] ] ] } },
{ "type": "Feature", "properties": { "osm_id": 574617007, "osm_type": "ways_line", "name": null, "waterway": "river" }, "geometry": { "type": "MultiLineString", "coordinates": [ [ [ 117.2406703, -0.5154171 ], [ 117.2407427, -0.5147707 ], [ 117.2408527, -0.5136066 ], [ 117.2406998, -0.5135865 ], [ 117.2404531, -0.5131775 ] ] ] } },
{ "type": "Feature", "properties": { "osm_id": 577967678, "osm_type": "ways_line", "name": "Sungai Kerbau", "waterway": "river" }, "geometry": { "type": "MultiLineString", "coordinates": [ [ [ 117.1608377, -0.5256265 ], [ 117.160796799999986, -0.525656 ], [ 117.160756599999985, -0.525774 ], [ 117.1607009, -0.5260308 ], [ 117.1604495, -0.5260556 ], [ 117.160170500000021, -0.5259912 ], [ 117.1598849, -0.5259711 ], [ 117.1598192, -0.5260073 ], [ 117.159672300000011, -0.5262507 ], [ 117.159681, -0.5263875 ], [ 117.1597441, -0.5264083 ], [ 117.160190600000021, -0.5263909 ], [ 117.160222800000014, -0.5264204 ], [ 117.160212099999981, -0.5267342 ], [ 117.1599707, -0.5268401 ], [ 117.159815099999989, -0.5268482 ], [ 117.159774899999988, -0.5269072 ], [ 117.159777600000012, -0.5272398 ], [ 117.1596488, -0.5275777 ], [ 117.1596408, -0.5276675 ], [ 117.1596716, -0.5277346 ], [ 117.159837900000014, -0.5278177 ], [ 117.1601169, -0.5278151 ], [ 117.1602094, -0.5278633 ], [ 117.160255, -0.527917 ], [ 117.1602698, -0.52809 ], [ 117.1601263, -0.5282952 ], [ 117.1600525, -0.5283448 ], [ 117.1598218, -0.5283971 ], [ 117.159788300000017, -0.52844 ], [ 117.159796400000019, -0.5285325 ], [ 117.160008300000015, -0.5287229 ], [ 117.160023, -0.5287913 ], [ 117.1599667, -0.5288423 ], [ 117.159686400000012, -0.5288731 ], [ 117.1595791, -0.5290153 ], [ 117.159564299999985, -0.5291534 ], [ 117.159481199999988, -0.5293412 ], [ 117.1579205, -0.5310811 ] ] ] } },
{ "type": "Feature", "properties": { "osm_id": 578989049, "osm_type": "ways_line", "name": null, "waterway": "canal" }, "geometry": { "type": "MultiLineString", "coordinates": [ [ [ 117.24583513844523, -0.57406063346921 ], [ 117.2458776, -0.5749837 ] ] ] } },
{ "type": "Feature", "properties": { "osm_id": 578996736, "osm_type": "ways_line", "name": null, "waterway": "canal" }, "geometry": { "type": "MultiLineString", "coordinates": [ [ [ 117.249445600000016, -0.5530736 ], [ 117.249367600000014, -0.5529706 ], [ 117.2492652, -0.5529471 ], [ 117.2490414, -0.5528639 ], [ 117.2488241, -0.5527643 ], [ 117.248536800000011, -0.5526177 ], [ 117.2482117, -0.5524584 ], [ 117.248050799999987, -0.5523736 ], [ 117.2479463, -0.5523462 ], [ 117.2477, -0.5522816 ], [ 117.24744, -0.5522132 ], [ 117.247191, -0.5521508 ], [ 117.2468922, -0.5520764 ], [ 117.246786599999979, -0.5520677 ] ] ] } },
{ "type": "Feature", "properties": { "osm_id": 575406080, "osm_type": "ways_line", "name": null, "waterway": "river" }, "geometry": { "type": "MultiLineString", "coordinates": [ [ [ 117.2228122, -0.3952123 ], [ 117.222645900000018, -0.3953867 ], [ 117.222517100000019, -0.3957085 ], [ 117.222316, -0.3962235 ], [ 117.222203300000018, -0.3964944 ], [ 117.2219968, -0.396768 ], [ 117.221889500000017, -0.3968377 ], [ 117.2217178, -0.3968672 ], [ 117.2215998, -0.3968109 ], [ 117.221436200000014, -0.3967948 ], [ 117.22134770000001, -0.3968431 ], [ 117.2213289, -0.3969825 ], [ 117.2214523, -0.3970898 ], [ 117.2216025, -0.3972749 ], [ 117.2217044, -0.3973956 ], [ 117.221701700000011, -0.3975297 ], [ 117.2216427, -0.3976665 ], [ 117.2215006, -0.3977738 ], [ 117.2213611, -0.3978167 ], [ 117.221168, -0.3978971 ], [ 117.221068699999989, -0.3979857 ], [ 117.2208863, -0.3982163 ], [ 117.22072540000002, -0.3983799 ], [ 117.220615399999986, -0.3984148 ], [ 117.2204304, -0.3984121 ], [ 117.2202882, -0.398388 ], [ 117.22015140000002, -0.3983102 ], [ 117.2200119, -0.398227 ], [ 117.219859099999979, -0.3981922 ], [ 117.219733, -0.3983343 ], [ 117.2196686, -0.398565 ], [ 117.219687400000012, -0.3987152 ], [ 117.2197545, -0.3988332 ], [ 117.219859099999979, -0.398919 ], [ 117.219920800000011, -0.3990397 ], [ 117.21987780000002, -0.3991497 ], [ 117.2197652, -0.399147 ], [ 117.219657900000016, -0.3990961 ], [ 117.2195855, -0.3990022 ], [ 117.2195318, -0.3988681 ], [ 117.21947280000002, -0.398734 ], [ 117.2194058, -0.3985999 ], [ 117.219328, -0.398514 ], [ 117.2192663, -0.3985274 ], [ 117.2192341, -0.3986455 ], [ 117.2193146, -0.3988708 ], [ 117.2193146, -0.3990317 ], [ 117.2192582, -0.399139 ], [ 117.219159, -0.3991819 ], [ 117.2189954, -0.3991551 ], [ 117.218872, -0.3991202 ], [ 117.2186387, -0.3990853 ], [ 117.218493800000019, -0.3991417 ], [ 117.218408, -0.399265 ], [ 117.2182819, -0.3994581 ], [ 117.218182700000014, -0.3995842 ], [ 117.2180539, -0.3996057 ], [ 117.2179225, -0.3995869 ], [ 117.217796399999983, -0.3994984 ], [ 117.217552399999988, -0.3993589 ], [ 117.2174478, -0.3993911 ], [ 117.2174424, -0.3994689 ], [ 117.2175202, -0.3995949 ], [ 117.217555, -0.3997451 ], [ 117.217437, -0.3998176 ], [ 117.2172976, -0.3997827 ], [ 117.2171661, -0.399729 ], [ 117.2170642, -0.3996325 ], [ 117.216927400000017, -0.3995547 ], [ 117.21675310000002, -0.3995467 ], [ 117.216616300000013, -0.3996405 ], [ 117.2164607, -0.3997907 ], [ 117.216270300000019, -0.3998632 ], [ 117.216079800000017, -0.3999248 ], [ 117.2157821, -0.399949 ], [ 117.2154763, -0.3999222 ], [ 117.215361, -0.4000294 ], [ 117.2153047, -0.4001636 ], [ 117.2152135, -0.4001689 ], [ 117.215079399999979, -0.4000777 ], [ 117.214846, -0.4000697 ] ] ] } },
{ "type": "Feature", "properties": { "osm_id": 575910548, "osm_type": "ways_line", "name": null, "waterway": "river" }, "geometry": { "type": "MultiLineString", "coordinates": [ [ [ 117.215549, -0.622084 ], [ 117.215372, -0.6220894 ], [ 117.2152754, -0.6220411 ], [ 117.2150179, -0.6219285 ], [ 117.2149106, -0.6218534 ], [ 117.2147014, -0.6218373 ], [ 117.214588799999987, -0.6217837 ], [ 117.2144439, -0.6216978 ], [ 117.2142937, -0.6216978 ], [ 117.214224, -0.6216764 ], [ 117.2141113, -0.6217676 ], [ 117.2139987, -0.621907 ], [ 117.21386459999998, -0.6220089 ], [ 117.2138002, -0.622127 ], [ 117.2136661, -0.6222289 ], [ 117.21356950000002, -0.6223469 ], [ 117.21347830000002, -0.6224649 ], [ 117.213328099999984, -0.6225293 ], [ 117.213135, -0.6226205 ], [ 117.2130223, -0.622717 ], [ 117.2126254, -0.6228726 ], [ 117.2122123, -0.6230013 ], [ 117.2117563, -0.6231193 ], [ 117.2116276, -0.6231622 ], [ 117.211144799999985, -0.6233231 ], [ 117.2109088, -0.6233982 ], [ 117.2107049, -0.6234626 ], [ 117.2103187, -0.6234304 ], [ 117.210093400000019, -0.6233714 ], [ 117.209932400000014, -0.6232373 ], [ 117.209798299999989, -0.6231354 ], [ 117.2096052, -0.6229906 ], [ 117.2095596, -0.622894 ] ] ] } },
{ "type": "Feature", "properties": { "osm_id": 574628163, "osm_type": "ways_line", "name": null, "waterway": "river" }, "geometry": { "type": "MultiLineString", "coordinates": [ [ [ 117.2629595, -0.5105034 ], [ 117.262971837134998, -0.510519641674797 ] ] ] } },
{ "type": "Feature", "properties": { "osm_id": 574628164, "osm_type": "ways_line", "name": null, "waterway": "river" }, "geometry": { "type": "MultiLineString", "coordinates": [ [ [ 117.260792200000012, -0.5051929 ], [ 117.260738599999982, -0.5056113 ], [ 117.2617364, -0.5075531 ], [ 117.2628307, -0.5096666 ], [ 117.2629595, -0.5105034 ], [ 117.262548233442487, -0.510730842428924 ] ], [ [ 117.261266268680927, -0.511439806417956 ], [ 117.2601271, -0.5120698 ], [ 117.2598535, -0.5123058 ], [ 117.2596657, -0.512971 ] ] ] } },
{ "type": "Feature", "properties": { "osm_id": 574617023, "osm_type": "ways_line", "name": null, "waterway": "river" }, "geometry": { "type": "MultiLineString", "coordinates": [ [ [ 117.2400159, -0.5123863 ], [ 117.238948300000018, -0.5123165 ], [ 117.238086, -0.5122575 ] ] ] } },
{ "type": "Feature", "properties": { "osm_id": 574617024, "osm_type": "ways_line", "name": null, "waterway": "river" }, "geometry": { "type": "MultiLineString", "coordinates": [ [ [ 117.2401312, -0.5124024 ], [ 117.2400159, -0.5123863 ] ] ] } },
{ "type": "Feature", "properties": { "osm_id": 574617019, "osm_type": "ways_line", "name": null, "waterway": "river" }, "geometry": { "type": "MultiLineString", "coordinates": [ [ [ 117.2404289, -0.513089 ], [ 117.2403565, -0.5124748 ], [ 117.2402787, -0.5124185 ], [ 117.2401312, -0.5124024 ] ] ] } },
{ "type": "Feature", "properties": { "osm_id": 574617020, "osm_type": "ways_line", "name": null, "waterway": "river" }, "geometry": { "type": "MultiLineString", "coordinates": [ [ [ 117.2404531, -0.5131775 ], [ 117.2404289, -0.513089 ] ] ] } },
{ "type": "Feature", "properties": { "osm_id": 971386128, "osm_type": "ways_line", "name": "Sungai SIring", "waterway": "river" }, "geometry": { "type": "MultiLineString", "coordinates": [ [ [ 117.2658824, -0.3634423 ], [ 117.2658487, -0.3634831 ], [ 117.2657582, -0.3635812 ], [ 117.2656417, -0.3636654 ], [ 117.2654621, -0.3638451 ], [ 117.265379966020035, -0.363863165274361 ] ], [ [ 117.263692536933434, -0.364242495930202 ], [ 117.263527939302179, -0.364248292017728 ] ], [ [ 117.263515012124159, -0.364248747231178 ], [ 117.2634198, -0.3642521 ], [ 117.263264100000015, -0.3643922 ], [ 117.262876700000021, -0.3646927 ], [ 117.2625564, -0.3649576 ], [ 117.26228, -0.364991 ], [ 117.262240991126063, -0.364995725583881 ] ], [ [ 117.261663567468659, -0.365129124812919 ], [ 117.2615632, -0.3651571 ], [ 117.2614587, -0.3651862 ], [ 117.2607212, -0.3653153 ], [ 117.2599006, -0.3649926 ], [ 117.2592829, -0.3645224 ], [ 117.259128758824062, -0.36451427650195 ] ], [ [ 117.256386208036787, -0.363801834749026 ], [ 117.256489200000019, -0.3639784 ], [ 117.2560559, -0.3643472 ], [ 117.255631, -0.3648671 ], [ 117.2552538, -0.365307 ], [ 117.2546343, -0.3656841 ], [ 117.253260600000019, -0.3661959 ], [ 117.252587100000014, -0.3668334 ], [ 117.2516803, -0.3668154 ], [ 117.2507196, -0.3668513 ], [ 117.2497768, -0.3672733 ], [ 117.249489, -0.3680306 ], [ 117.2486849, -0.3684817 ], [ 117.247871, -0.3689819 ], [ 117.2472826, -0.369884 ], [ 117.246478399999987, -0.3698252 ], [ 117.245488, -0.3706784 ], [ 117.245056500000018, -0.3711098 ], [ 117.2444539, -0.3715397 ], [ 117.2439469, -0.3717128 ], [ 117.243508, -0.3720034 ], [ 117.243304, -0.372566 ], [ 117.2432731, -0.3727268 ], [ 117.242889700000021, -0.3726711 ], [ 117.2424446, -0.3727206 ], [ 117.2420798, -0.3730544 ], [ 117.241690299999988, -0.3733017 ], [ 117.2415296, -0.3732523 ], [ 117.2411168, -0.3736522 ], [ 117.240713700000015, -0.3736522 ], [ 117.2404144, -0.37364 ], [ 117.240114599999984, -0.3734191 ], [ 117.2398563, -0.3738558 ], [ 117.239437, -0.3743919 ], [ 117.2396053, -0.3744971 ], [ 117.2396563, -0.3745962 ], [ 117.2395392, -0.3746112 ], [ 117.2393739, -0.374458 ], [ 117.2393529, -0.3746473 ], [ 117.23944, -0.3748155 ], [ 117.239389, -0.3749206 ], [ 117.2392298, -0.3749537 ], [ 117.2390675, -0.3750198 ], [ 117.239070500000011, -0.3752481 ], [ 117.239013499999984, -0.3753232 ], [ 117.2388272, -0.3754764 ], [ 117.238740100000015, -0.3756716 ], [ 117.2387951, -0.3758476 ], [ 117.238824400000013, -0.3759902 ], [ 117.2387622, -0.3762662 ], [ 117.2386013, -0.3763814 ], [ 117.2387238, -0.3763741 ], [ 117.238833499999984, -0.3765313 ], [ 117.238692700000016, -0.3766392 ], [ 117.2385337, -0.3766227 ], [ 117.2384094, -0.3766337 ], [ 117.238287600000021, -0.376779 ], [ 117.2381522, -0.3769822 ], [ 117.2381793, -0.3770499 ], [ 117.2385348, -0.3770465 ], [ 117.2385111, -0.3771582 ], [ 117.2383181, -0.3771853 ], [ 117.2379761, -0.3772463 ], [ 117.2379084, -0.3771819 ], [ 117.2376104, -0.3770804 ], [ 117.2375156, -0.3773106 ], [ 117.2374276, -0.3772869 ], [ 117.2373497, -0.3775612 ], [ 117.237684900000019, -0.3781266 ], [ 117.2380328, -0.3785955 ], [ 117.2382385, -0.3787469 ], [ 117.2379862, -0.3788633 ], [ 117.2380406, -0.3793639 ], [ 117.237827100000018, -0.3794415 ], [ 117.2376719, -0.3791892 ], [ 117.237520599999982, -0.3795462 ], [ 117.2374546, -0.3799304 ], [ 117.2372218, -0.3804154 ], [ 117.23728, -0.3806677 ], [ 117.2370618, -0.3808261 ], [ 117.2367255, -0.3810377 ], [ 117.236253500000018, -0.3814553 ], [ 117.236004, -0.3816452 ], [ 117.235835800000018, -0.3819273 ], [ 117.235584, -0.38229 ], [ 117.2354793, -0.3825467 ], [ 117.235503, -0.3829496 ], [ 117.2355405, -0.3829831 ], [ 117.2355879, -0.383224 ], [ 117.2354596, -0.3833366 ], [ 117.235354900000019, -0.3834689 ], [ 117.2352404, -0.3833445 ], [ 117.235084300000011, -0.3834571 ], [ 117.23499, -0.3836228 ], [ 117.235158499999983, -0.383869 ], [ 117.23490790000001, -0.3839294 ], [ 117.2349295, -0.3840979 ], [ 117.234825900000018, -0.3843398 ], [ 117.2348777, -0.3844392 ], [ 117.234938200000016, -0.3846422 ], [ 117.2348431, -0.3847761 ], [ 117.2346012, -0.384789 ], [ 117.2344889, -0.3850396 ], [ 117.2342946, -0.3849661 ], [ 117.2340958, -0.385329 ], [ 117.2336553, -0.385457 ], [ 117.2336305, -0.3853364 ], [ 117.2334945, -0.3853117 ], [ 117.2334326, -0.385457 ], [ 117.233293499999988, -0.3855992 ], [ 117.2330152, -0.3856889 ], [ 117.2326408, -0.3856205 ], [ 117.232617800000014, -0.3855056 ], [ 117.2324537, -0.3854499 ], [ 117.2322371, -0.3856336 ], [ 117.232030300000019, -0.3859914 ], [ 117.2316234, -0.3858568 ], [ 117.2314626, -0.3856829 ], [ 117.231022800000019, -0.3859028 ], [ 117.230743500000017, -0.3860624 ], [ 117.2305682, -0.3861906 ], [ 117.2304401, -0.3864569 ], [ 117.230258, -0.3867233 ], [ 117.229958, -0.3868075 ], [ 117.229681500000012, -0.3866491 ], [ 117.2294185, -0.3865614 ], [ 117.2293005, -0.3862479 ], [ 117.2289223, -0.3863172 ], [ 117.228819800000011, -0.3865603 ], [ 117.2288637, -0.3867565 ], [ 117.2289807, -0.3868749 ], [ 117.2291554, -0.3870105 ], [ 117.2292749, -0.3870496 ], [ 117.2292703, -0.3872173 ], [ 117.229137, -0.3873184 ], [ 117.2290726, -0.3873598 ], [ 117.2290129, -0.3874977 ], [ 117.2288911, -0.3875528 ], [ 117.2288773, -0.3876493 ], [ 117.228794600000015, -0.3877297 ], [ 117.2287693, -0.3877642 ], [ 117.228672800000012, -0.3878056 ], [ 117.228571699999989, -0.3878377 ], [ 117.2284545, -0.3878354 ], [ 117.2284591, -0.3875942 ], [ 117.2283327, -0.3874287 ], [ 117.228213199999985, -0.3874195 ], [ 117.228073, -0.3874402 ], [ 117.22805, -0.3876355 ], [ 117.22807490000001, -0.3878192 ], [ 117.228130600000014, -0.3879066 ], [ 117.228186100000016, -0.3880561 ], [ 117.2280538, -0.3881116 ], [ 117.2279897, -0.3882951 ], [ 117.2278019, -0.3882994 ], [ 117.2279897, -0.3884702 ], [ 117.228169099999988, -0.3886196 ], [ 117.2281221, -0.3887733 ], [ 117.2281264, -0.388927 ], [ 117.2282118, -0.3891234 ], [ 117.228164800000016, -0.3894906 ], [ 117.2279043, -0.3895461 ], [ 117.227925700000014, -0.3896784 ], [ 117.2278317, -0.3897677 ], [ 117.2278445, -0.38994 ], [ 117.22802, -0.3901696 ], [ 117.2279689, -0.390259 ], [ 117.22798490000001, -0.3905557 ], [ 117.2279498, -0.3907343 ], [ 117.2279562, -0.3909289 ], [ 117.2279083, -0.3911682 ], [ 117.2277392, -0.3914011 ], [ 117.227525500000013, -0.3914872 ], [ 117.22728619999998, -0.3916053 ], [ 117.2273755, -0.3917265 ], [ 117.227217300000021, -0.3918025 ] ] ] } },
{ "type": "Feature", "properties": { "osm_id": 700750345, "osm_type": "ways_line", "name": "Karang Mumus", "waterway": "river" }, "geometry": { "type": "MultiLineString", "coordinates": [ [ [ 117.1925046, -0.4088716 ], [ 117.1922253, -0.4088067 ], [ 117.19215410000001, -0.4087861 ], [ 117.191913400000018, -0.4086853 ], [ 117.1912853, -0.4081938 ], [ 117.191014, -0.4080559 ], [ 117.190790800000016, -0.4079983 ], [ 117.1904199, -0.4078657 ], [ 117.1902529, -0.4077468 ], [ 117.1901877, -0.4075914 ], [ 117.190234, -0.4073543 ], [ 117.190228200000021, -0.4071449 ], [ 117.1901975, -0.4069805 ], [ 117.1901863, -0.4067478 ], [ 117.1901781, -0.4066079 ], [ 117.1901061, -0.4065302 ], [ 117.1900055, -0.4065124 ], [ 117.189904500000011, -0.4065572 ], [ 117.189806100000013, -0.4065501 ], [ 117.189733800000013, -0.4064672 ], [ 117.189643599999982, -0.4063038 ], [ 117.1895117, -0.4061691 ], [ 117.189346400000019, -0.4060912 ], [ 117.1892392, -0.4060291 ], [ 117.189133, -0.4060238 ], [ 117.1889014, -0.4060309 ], [ 117.1887178, -0.405983 ], [ 117.1885141, -0.4059105 ], [ 117.188392400000012, -0.4058769 ], [ 117.1882659, -0.4059241 ], [ 117.1881749, -0.4059768 ], [ 117.188104700000011, -0.4059875 ], [ 117.1879239, -0.4059249 ], [ 117.1876718, -0.405867 ], [ 117.1874717, -0.4058118 ], [ 117.1872392, -0.4057034 ], [ 117.187108, -0.4056482 ], [ 117.186935, -0.4056399 ], [ 117.18677959999998, -0.4056305 ], [ 117.186636400000012, -0.4056373 ], [ 117.1864871, -0.4056661 ], [ 117.186357, -0.4056626 ], [ 117.1862609, -0.4056043 ], [ 117.1861917, -0.4055386 ], [ 117.1861484, -0.4054367 ], [ 117.186153, -0.4052995 ], [ 117.1861439, -0.4052147 ], [ 117.1861115, -0.4051164 ], [ 117.1860341, -0.4050595 ], [ 117.1859406, -0.4050519 ], [ 117.1858445, -0.405047 ], [ 117.1856173, -0.4050469 ], [ 117.1854745, -0.4050518 ], [ 117.1852846, -0.4050801 ], [ 117.185191799999984, -0.4050718 ], [ 117.1850364, -0.4049957 ], [ 117.184966799999984, -0.4049518 ], [ 117.18485840000001, -0.4049197 ], [ 117.184783, -0.4049121 ], [ 117.184727900000013, -0.4048784 ], [ 117.1846675, -0.4048619 ], [ 117.1846137, -0.4048626 ], [ 117.1845517, -0.4048856 ], [ 117.184473, -0.4049151 ], [ 117.1843943, -0.4049596 ], [ 117.184324, -0.4049981 ], [ 117.1842408, -0.4050285 ], [ 117.18411230000001, -0.4050558 ], [ 117.1840191, -0.4050808 ], [ 117.183929500000019, -0.4050928 ], [ 117.1838367, -0.405113 ], [ 117.1837692, -0.4051728 ], [ 117.1836446, -0.4052347 ], [ 117.1835812, -0.4052323 ], [ 117.1835244, -0.4052167 ], [ 117.1834343, -0.4051554 ], [ 117.183330400000017, -0.4050827 ], [ 117.183232, -0.4050231 ], [ 117.1831321, -0.4049928 ], [ 117.182951700000018, -0.4049741 ], [ 117.1828601, -0.4049674 ], [ 117.182767899999988, -0.4049299 ], [ 117.182701, -0.4048778 ], [ 117.1826491, -0.4048061 ], [ 117.1826079, -0.4047344 ], [ 117.1825805, -0.404674 ], [ 117.1825418, -0.4046185 ], [ 117.182142900000017, -0.4043167 ], [ 117.181907700000011, -0.4041093 ], [ 117.1818208, -0.4040403 ], [ 117.18175, -0.4040018 ], [ 117.1816212, -0.4039854 ], [ 117.1815589, -0.4040014 ], [ 117.181504, -0.404036 ], [ 117.1814012, -0.4041147 ], [ 117.181357, -0.404149 ], [ 117.181287, -0.4041559 ], [ 117.1810447, -0.4040941 ], [ 117.1809526, -0.4040833 ], [ 117.1808754, -0.4040889 ], [ 117.18055990000002, -0.4041216 ], [ 117.180414500000012, -0.4041652 ], [ 117.180332800000016, -0.404192 ], [ 117.180282799999986, -0.4042171 ], [ 117.180193300000013, -0.4042683 ], [ 117.1800168, -0.4043508 ], [ 117.1797725, -0.404517 ], [ 117.179707600000015, -0.4045429 ], [ 117.1796433, -0.4045439 ], [ 117.1796041, -0.4045187 ], [ 117.1795479, -0.4044582 ], [ 117.1794293, -0.4043996 ], [ 117.1793567, -0.4043669 ], [ 117.1793058, -0.4043774 ], [ 117.179264700000019, -0.404392 ], [ 117.1792156, -0.4044307 ], [ 117.179171, -0.4045017 ], [ 117.1791397, -0.4045832 ], [ 117.1790924, -0.4046662 ], [ 117.1790444, -0.4047165 ], [ 117.178971099999984, -0.4047325 ], [ 117.178875600000012, -0.4047018 ], [ 117.1787457, -0.4046389 ], [ 117.178662300000013, -0.4046228 ], [ 117.178574499999982, -0.4046423 ], [ 117.178502100000017, -0.4047042 ], [ 117.1784117, -0.4047883 ], [ 117.178236, -0.4048823 ], [ 117.1780319, -0.4049677 ], [ 117.177823799999985, -0.4050372 ], [ 117.1776728, -0.4051323 ], [ 117.1775922, -0.4052176 ], [ 117.1775169, -0.4053592 ], [ 117.177333, -0.4058969 ], [ 117.1773079, -0.4060341 ], [ 117.177246100000019, -0.4061627 ], [ 117.1772115, -0.4062348 ], [ 117.1772089, -0.4063128 ], [ 117.1772866, -0.4065167 ], [ 117.1772929, -0.4066924 ], [ 117.1772806, -0.4068014 ], [ 117.1772605, -0.4068782 ], [ 117.1771968, -0.4070059 ], [ 117.17715170000001, -0.4070962 ], [ 117.1771259, -0.4071952 ], [ 117.1771179, -0.407287 ], [ 117.1771352, -0.4075003 ], [ 117.1771318, -0.4076401 ], [ 117.1770999, -0.4077174 ], [ 117.1770313, -0.4077987 ], [ 117.1769211, -0.4078564 ], [ 117.176825800000017, -0.4078851 ], [ 117.176724100000015, -0.4078666 ], [ 117.176539099999985, -0.4077636 ], [ 117.176444299999986, -0.4077027 ], [ 117.1763503, -0.4076422 ], [ 117.176294500000012, -0.4076064 ], [ 117.176245399999985, -0.4075953 ], [ 117.1761957, -0.4076159 ], [ 117.1760995, -0.407691 ], [ 117.1760236, -0.4077668 ], [ 117.17587060000001, -0.4078291 ], [ 117.175646700000016, -0.4078763 ], [ 117.1754623, -0.4079308 ], [ 117.1752731, -0.4080211 ], [ 117.1751423, -0.4080819 ], [ 117.1750619, -0.4081438 ], [ 117.174988500000012, -0.4082533 ], [ 117.174947700000018, -0.408366 ], [ 117.174889800000017, -0.4085263 ], [ 117.1748666, -0.408622 ], [ 117.1748434, -0.4086858 ], [ 117.1748279, -0.4087143 ], [ 117.174774900000017, -0.4087688 ], [ 117.1746703, -0.4088383 ], [ 117.1745898, -0.4088918 ], [ 117.174524, -0.4089904 ], [ 117.174482600000019, -0.4090641 ], [ 117.1744483, -0.4091155 ], [ 117.1744029, -0.4091518 ], [ 117.1742773, -0.4092262 ], [ 117.1741459, -0.4092849 ], [ 117.1740058, -0.4093207 ], [ 117.173798300000016, -0.409324 ], [ 117.1736152, -0.4092785 ], [ 117.1735089, -0.4092565 ], [ 117.1734073, -0.4092456 ], [ 117.1733013, -0.4092563 ], [ 117.1731833, -0.4093272 ], [ 117.1730947, -0.4094064 ], [ 117.172997, -0.4094793 ], [ 117.1729251, -0.4095142 ], [ 117.172848400000021, -0.4095231 ], [ 117.1727097, -0.4094954 ], [ 117.172632400000012, -0.4094799 ], [ 117.1725144, -0.4094838 ], [ 117.17242, -0.4095114 ], [ 117.1723391, -0.4095693 ], [ 117.17222719999998, -0.4096656 ], [ 117.1721569, -0.409726 ], [ 117.1721036, -0.4098353 ], [ 117.17205, -0.4099571 ], [ 117.1720264, -0.4100942 ], [ 117.171993699999987, -0.4102037 ], [ 117.1719924, -0.4103278 ], [ 117.171986899999979, -0.4104511 ], [ 117.17198470000001, -0.4105327 ], [ 117.1719735, -0.4105839 ], [ 117.1719456, -0.4106275 ], [ 117.171912099999986, -0.4106566 ], [ 117.1718363, -0.4107188 ], [ 117.171802, -0.4107375 ], [ 117.171759600000016, -0.4107416 ], [ 117.1716713, -0.4107216 ], [ 117.171608799999987, -0.4107171 ], [ 117.1715402, -0.4107417 ], [ 117.171459900000016, -0.4107984 ], [ 117.1714145, -0.4108625 ], [ 117.171341499999983, -0.4110634 ], [ 117.171264300000018, -0.4112635 ], [ 117.171003, -0.4118619 ], [ 117.170942700000012, -0.4119301 ], [ 117.1709124, -0.4119991 ], [ 117.170891600000019, -0.4120897 ], [ 117.170920100000018, -0.4122129 ], [ 117.170985099999982, -0.4123085 ], [ 117.171047900000019, -0.4124284 ], [ 117.17109210000001, -0.4125628 ], [ 117.1711103, -0.4126988 ], [ 117.171114300000013, -0.4127884 ], [ 117.171109800000011, -0.412854 ], [ 117.1710563, -0.4130692 ], [ 117.1709939, -0.4132875 ], [ 117.170966100000015, -0.413443 ], [ 117.17100330000001, -0.4137271 ], [ 117.1710627, -0.4139834 ], [ 117.1711696, -0.4141711 ], [ 117.1712357, -0.4143487 ], [ 117.171254, -0.414443 ], [ 117.171310500000018, -0.414506 ], [ 117.171473, -0.4145896 ], [ 117.1716038, -0.4147106 ], [ 117.1718264, -0.4149906 ], [ 117.17200579999998, -0.415134 ], [ 117.1721144, -0.4152574 ], [ 117.172197400000016, -0.4154708 ], [ 117.1722548, -0.4157104 ], [ 117.1723203, -0.4158972 ], [ 117.172389400000014, -0.4161398 ], [ 117.1724577, -0.4163341 ], [ 117.1725312, -0.4166074 ], [ 117.1725437, -0.4167083 ], [ 117.172518499999981, -0.4170046 ], [ 117.1725263, -0.4171569 ], [ 117.1726614, -0.4174603 ], [ 117.1728197, -0.4179864 ], [ 117.17283110000001, -0.4180572 ], [ 117.1728269, -0.418106 ], [ 117.1726719, -0.4185091 ], [ 117.1726421, -0.4185865 ], [ 117.1726299, -0.4186307 ], [ 117.1726328, -0.4186768 ], [ 117.1727689, -0.4190473 ], [ 117.1728117, -0.4191323 ], [ 117.1728281, -0.4191908 ], [ 117.1728211, -0.4193878 ], [ 117.1728234, -0.4195333 ], [ 117.172821499999984, -0.4196577 ], [ 117.1728405, -0.4197119 ], [ 117.172904299999985, -0.41978 ], [ 117.173042900000013, -0.4199446 ], [ 117.17312320000002, -0.4201074 ], [ 117.1731854, -0.4203006 ], [ 117.173195299999989, -0.4203899 ], [ 117.1731841, -0.4204857 ], [ 117.173147200000017, -0.4206301 ], [ 117.173092600000018, -0.4211966 ], [ 117.1730946, -0.4212428 ], [ 117.1731064, -0.4212759 ], [ 117.1731784, -0.4214473 ], [ 117.1732319, -0.421599 ], [ 117.173246, -0.4217468 ], [ 117.1732885, -0.421901 ], [ 117.1733111, -0.4219721 ], [ 117.1733149, -0.4220077 ], [ 117.1732791, -0.4220918 ], [ 117.173130400000019, -0.422371 ], [ 117.1730894, -0.4224791 ], [ 117.1730813, -0.4225819 ], [ 117.173071300000018, -0.4227073 ], [ 117.172962500000011, -0.4229798 ], [ 117.172814, -0.4232594 ], [ 117.1727725, -0.423348 ], [ 117.1727519, -0.4234815 ], [ 117.1727308, -0.423656 ], [ 117.1727088, -0.4239511 ], [ 117.1727252, -0.4241509 ], [ 117.1727132, -0.4242089 ], [ 117.172681900000015, -0.4242758 ], [ 117.1724933, -0.4244967 ], [ 117.1722309, -0.4248417 ], [ 117.17218680000002, -0.4248998 ], [ 117.1721459, -0.4249536 ], [ 117.1721296, -0.4250153 ], [ 117.1721168, -0.4252096 ], [ 117.17205180000002, -0.4256089 ], [ 117.1720405, -0.4258644 ], [ 117.171983, -0.4261149 ], [ 117.171887100000021, -0.4263673 ], [ 117.171796200000017, -0.4265985 ], [ 117.1717691, -0.4267577 ], [ 117.171797199999986, -0.4268945 ], [ 117.171779, -0.4270159 ], [ 117.171521400000017, -0.4274215 ], [ 117.171484, -0.4275081 ], [ 117.1714682, -0.4276392 ], [ 117.171393699999982, -0.4279349 ], [ 117.1713197, -0.4282944 ], [ 117.17122550000002, -0.4287117 ], [ 117.1710904, -0.4291418 ], [ 117.17100330000001, -0.4294111 ], [ 117.1709929, -0.4294878 ], [ 117.170964900000016, -0.4295583 ], [ 117.17093340000001, -0.4295993 ], [ 117.1708743, -0.4296338 ], [ 117.1706058, -0.42971 ], [ 117.1703725, -0.4297709 ], [ 117.1701346, -0.4299566 ], [ 117.1699307, -0.430055 ], [ 117.1698728, -0.4300951 ], [ 117.1697745, -0.4301632 ], [ 117.169660300000018, -0.4302424 ], [ 117.169456700000012, -0.4303268 ], [ 117.1693419, -0.4303937 ], [ 117.1692248, -0.4304936 ], [ 117.169077499999986, -0.4306122 ], [ 117.168923599999985, -0.4307318 ], [ 117.168916, -0.4307378 ], [ 117.1688535, -0.4308142 ], [ 117.1688072, -0.430893 ], [ 117.1688026, -0.4309747 ], [ 117.1688348, -0.4313455 ], [ 117.1688348, -0.431496 ], [ 117.1688321, -0.4316325 ], [ 117.168820600000018, -0.4317204 ], [ 117.168795, -0.4317864 ], [ 117.1686224, -0.4322088 ], [ 117.1683784, -0.4328582 ], [ 117.168347200000014, -0.432973 ], [ 117.1683076, -0.4332268 ], [ 117.1681891, -0.43356 ], [ 117.1681024, -0.4338716 ], [ 117.168099699999985, -0.4339574 ], [ 117.168149199999988, -0.4340486 ], [ 117.168285700000013, -0.4342656 ], [ 117.168397, -0.4343774 ], [ 117.1685289, -0.4344775 ], [ 117.169415200000017, -0.4351 ], [ 117.169559299999989, -0.435242 ], [ 117.169612, -0.4353237 ], [ 117.1696669, -0.4354403 ], [ 117.1697082, -0.4356587 ], [ 117.169740499999989, -0.4358616 ], [ 117.169755100000017, -0.4362573 ], [ 117.1697926, -0.4364511 ], [ 117.1697836, -0.4365423 ], [ 117.1697484, -0.436617 ], [ 117.169556899999989, -0.4369093 ], [ 117.169327399999986, -0.4372969 ], [ 117.1692641, -0.43741 ], [ 117.1692447, -0.437563 ], [ 117.1692935, -0.4376881 ], [ 117.169343200000014, -0.4377492 ], [ 117.169611700000019, -0.4380486 ], [ 117.169986899999984, -0.4383478 ], [ 117.1706323, -0.4387101 ], [ 117.17072850000001, -0.4387865 ], [ 117.1707774, -0.4388565 ], [ 117.1708237, -0.4390002 ], [ 117.1708365, -0.439124 ], [ 117.1708312, -0.4392204 ], [ 117.1707996, -0.4394511 ], [ 117.170785100000018, -0.439557 ], [ 117.1707903, -0.4396281 ], [ 117.170820600000013, -0.4397807 ], [ 117.170878, -0.4398833 ], [ 117.170945100000012, -0.4400212 ], [ 117.1709583, -0.4401546 ], [ 117.1710046, -0.4403673 ], [ 117.17104070000002, -0.4405949 ], [ 117.1710607, -0.4407031 ], [ 117.1710507, -0.4408206 ], [ 117.170919, -0.4411791 ], [ 117.1708282, -0.4414642 ], [ 117.1707989, -0.4416619 ], [ 117.170829899999987, -0.4419332 ], [ 117.1708831, -0.4421522 ], [ 117.1708769, -0.4425696 ], [ 117.1708554, -0.4427907 ], [ 117.170762700000012, -0.4433741 ], [ 117.1707625, -0.4434876 ], [ 117.1707535, -0.4438372 ], [ 117.1707015, -0.4441446 ], [ 117.1706188, -0.4446242 ], [ 117.1705229, -0.4451354 ], [ 117.1704613, -0.4455767 ], [ 117.1703635, -0.4459703 ], [ 117.1703393, -0.4460681 ], [ 117.170261, -0.4462772 ], [ 117.170192, -0.4464282 ], [ 117.170121800000018, -0.4467427 ], [ 117.1700741, -0.4469628 ], [ 117.170024900000016, -0.4472428 ], [ 117.16987610000001, -0.4479896 ], [ 117.1698032, -0.4482625 ], [ 117.1697683, -0.4484814 ], [ 117.169721599999988, -0.4487309 ], [ 117.1697091, -0.4488926 ], [ 117.169650800000014, -0.449079 ], [ 117.1696197, -0.4492844 ], [ 117.169606699999989, -0.4494666 ], [ 117.169663, -0.4496216 ], [ 117.169780100000011, -0.4501213 ], [ 117.1698338, -0.4506004 ], [ 117.16985339999998, -0.4508132 ], [ 117.1699021, -0.4509331 ], [ 117.169946800000019, -0.4510431 ], [ 117.1700152, -0.4511478 ], [ 117.1703223, -0.4514111 ], [ 117.1705627, -0.4515595 ], [ 117.170755500000013, -0.4516284 ], [ 117.1712353, -0.4518075 ], [ 117.171375600000019, -0.4518968 ], [ 117.1714331, -0.4519663 ], [ 117.1714871, -0.4520994 ], [ 117.1715019, -0.4523759 ], [ 117.17150220000002, -0.4525158 ], [ 117.1715173, -0.4526648 ], [ 117.171555699999985, -0.4528528 ], [ 117.1716335, -0.4529948 ], [ 117.1717941, -0.4531152 ], [ 117.172007799999989, -0.4533044 ], [ 117.172247, -0.4535172 ], [ 117.172606300000012, -0.4538606 ], [ 117.1730124, -0.4543042 ], [ 117.1731865, -0.4544849 ], [ 117.1733752, -0.454786 ], [ 117.1734673, -0.454932 ], [ 117.1735241, -0.4550712 ], [ 117.17355449999998, -0.4553296 ], [ 117.173556800000014, -0.455793 ], [ 117.1735633, -0.4559045 ], [ 117.173611400000013, -0.4561136 ], [ 117.1736338, -0.4569568 ], [ 117.1736592, -0.4570568 ], [ 117.173703, -0.4572545 ], [ 117.1737289, -0.4574072 ], [ 117.173729600000016, -0.4575045 ], [ 117.173692799999984, -0.4581846 ], [ 117.1737025, -0.4582914 ], [ 117.173709, -0.4584868 ], [ 117.1736766, -0.4587648 ], [ 117.1736591, -0.4588602 ], [ 117.173643500000011, -0.4589545 ], [ 117.1736347, -0.4590217 ], [ 117.17363060000001, -0.4591337 ], [ 117.1736272, -0.4592258 ], [ 117.173634800000016, -0.4593324 ], [ 117.173645500000021, -0.4594722 ], [ 117.1736424, -0.4596143 ], [ 117.1736466, -0.4597373 ], [ 117.1736257, -0.4598382 ], [ 117.173498900000013, -0.4600033 ], [ 117.17329, -0.4603396 ], [ 117.1731664, -0.4604944 ], [ 117.173047399999987, -0.4606377 ], [ 117.172553899999983, -0.4613243 ], [ 117.1723374, -0.4615387 ], [ 117.172154899999981, -0.461717 ], [ 117.1719864, -0.4619455 ], [ 117.1716869, -0.4624938 ], [ 117.1716028, -0.4626454 ], [ 117.17145960000002, -0.4627833 ], [ 117.1711466, -0.4629974 ], [ 117.170918700000016, -0.4631291 ], [ 117.1707645, -0.463243 ], [ 117.1706746, -0.4633481 ], [ 117.1706131, -0.4634684 ], [ 117.1705215, -0.4635554 ], [ 117.1704184, -0.4637275 ], [ 117.170338, -0.4638883 ], [ 117.1702183, -0.4641709 ], [ 117.1701583, -0.4643134 ], [ 117.1701331, -0.4643877 ], [ 117.170109, -0.464447 ], [ 117.170054300000018, -0.4645444 ], [ 117.1699885, -0.4646712 ], [ 117.1699307, -0.4648128 ], [ 117.169855799999979, -0.4649323 ], [ 117.1698207, -0.465024 ], [ 117.1697617, -0.465098 ], [ 117.169682600000016, -0.4651778 ], [ 117.16960330000002, -0.4652599 ], [ 117.169444900000016, -0.4654335 ], [ 117.1693663, -0.4654849 ], [ 117.169253200000014, -0.4656141 ], [ 117.1690629, -0.4658734 ], [ 117.168755899999979, -0.4663452 ], [ 117.1686023, -0.4665805 ], [ 117.168426, -0.4668446 ], [ 117.1682871, -0.4670723 ], [ 117.1682063, -0.4672539 ], [ 117.1680765, -0.4675337 ], [ 117.1679794, -0.4676971 ], [ 117.167852700000012, -0.4678561 ], [ 117.167749, -0.4679687 ], [ 117.1675786, -0.4680759 ], [ 117.1673837, -0.4681704 ], [ 117.16711380000001, -0.4682913 ], [ 117.1668475, -0.4684045 ], [ 117.1664872, -0.4685873 ], [ 117.1660047, -0.4688035 ], [ 117.1656482, -0.46896 ], [ 117.165428800000015, -0.4690598 ], [ 117.1652778, -0.4691359 ], [ 117.1651203, -0.469188 ], [ 117.164964499999982, -0.4692029 ], [ 117.1647308, -0.4692597 ], [ 117.1644112, -0.4693244 ], [ 117.1639422, -0.4694084 ], [ 117.1635733, -0.4695418 ], [ 117.163216799999987, -0.4696422 ], [ 117.1629513, -0.4696899 ], [ 117.1627504, -0.4697549 ], [ 117.162567200000012, -0.4698378 ], [ 117.1612418, -0.4703749 ], [ 117.1607936, -0.4705119 ], [ 117.160547400000013, -0.470565 ], [ 117.160147200000011, -0.4705034 ], [ 117.1597673, -0.4703917 ], [ 117.159485300000014, -0.4704825 ], [ 117.159157, -0.4706319 ], [ 117.158848400000011, -0.4707181 ], [ 117.1585617, -0.4707024 ], [ 117.15817, -0.470544 ], [ 117.1579701, -0.4704627 ], [ 117.157674799999981, -0.4704699 ], [ 117.1573496, -0.4706328 ], [ 117.1562461, -0.4715163 ], [ 117.1553449, -0.4720313 ], [ 117.1545509, -0.4725999 ], [ 117.1541754, -0.4730076 ], [ 117.153596100000016, -0.4736728 ], [ 117.1529738, -0.4742414 ], [ 117.1522442, -0.4745632 ], [ 117.1515683, -0.4751855 ], [ 117.1511871, -0.4759132 ], [ 117.15082750000002, -0.4766014 ], [ 117.150592, -0.4769557 ], [ 117.14988390000002, -0.4780178 ], [ 117.1494762, -0.4786722 ], [ 117.1490899, -0.4793267 ], [ 117.148929, -0.4797022 ], [ 117.1487252, -0.4802493 ], [ 117.1484033, -0.4804853 ], [ 117.148220900000013, -0.481011 ], [ 117.1484677, -0.4813651 ], [ 117.148886100000013, -0.4814402 ], [ 117.1492616, -0.4813329 ], [ 117.1495767, -0.480842 ], [ 117.150090400000011, -0.4807133 ], [ 117.150410899999983, -0.4808058 ], [ 117.150795799999983, -0.4811599 ], [ 117.1508387, -0.4816225 ], [ 117.1508816, -0.4821053 ], [ 117.1506456, -0.4831728 ], [ 117.150702100000018, -0.4838078 ], [ 117.1508992, -0.4841703 ], [ 117.1511087, -0.4846211 ], [ 117.1513635, -0.4849121 ], [ 117.1514761, -0.4851388 ], [ 117.1515177, -0.4853667 ], [ 117.1515352, -0.4856108 ], [ 117.1515982, -0.4858576 ], [ 117.1516357, -0.486044 ], [ 117.151650500000017, -0.4861687 ], [ 117.151651799999982, -0.4864838 ], [ 117.1516679, -0.4867614 ], [ 117.1516585, -0.4869693 ], [ 117.1516062, -0.4872187 ], [ 117.1515673, -0.487546 ], [ 117.151562, -0.4877592 ], [ 117.151591499999981, -0.4879241 ], [ 117.151653200000013, -0.4881776 ], [ 117.1517578, -0.488545 ], [ 117.15192140000002, -0.4889688 ], [ 117.152036700000011, -0.4892665 ], [ 117.1521655, -0.4899687 ], [ 117.152244, -0.4904777 ], [ 117.1523037, -0.4909333 ], [ 117.152426199999979, -0.4911124 ], [ 117.1525308, -0.4911404 ], [ 117.1536359, -0.4914391 ], [ 117.1547044, -0.491494 ], [ 117.154947, -0.4916643 ], [ 117.154977800000012, -0.491686 ], [ 117.1549948, -0.491698 ], [ 117.155021399999981, -0.4917166 ], [ 117.1551548, -0.4918103 ], [ 117.1556208, -0.4921376 ], [ 117.156061799999989, -0.492281 ], [ 117.156442500000011, -0.4921692 ], [ 117.1570541, -0.491901 ], [ 117.1572633, -0.4917722 ], [ 117.1576173, -0.491858 ], [ 117.1581597, -0.4925572 ], [ 117.158656100000016, -0.4929768 ], [ 117.1591194, -0.4931937 ], [ 117.1591864, -0.4935656 ], [ 117.158784200000014, -0.4941562 ], [ 117.158835100000019, -0.4945026 ], [ 117.1590311, -0.4947727 ], [ 117.1593826, -0.495269 ], [ 117.1594975, -0.4956981 ], [ 117.1591668, -0.4962134 ], [ 117.159144200000014, -0.4968469 ], [ 117.1595742, -0.4981955 ], [ 117.159463, -0.5004334 ], [ 117.1590306, -0.5022665 ], [ 117.1586391, -0.5036249 ], [ 117.158126200000012, -0.5046507 ], [ 117.1578245, -0.5055709 ], [ 117.1575831, -0.5066042 ], [ 117.157341, -0.5072933 ], [ 117.157034100000018, -0.507891 ], [ 117.1564061, -0.5089217 ], [ 117.156213699999981, -0.5092375 ], [ 117.1544255, -0.5121723 ] ] ] } },
{ "type": "Feature", "properties": { "osm_id": 574617030, "osm_type": "ways_line", "name": null, "waterway": "river" }, "geometry": { "type": "MultiLineString", "coordinates": [ [ [ 117.2391093, -0.5176378 ], [ 117.240364499999984, -0.5178256 ], [ 117.2404718, -0.5173267 ], [ 117.2405362, -0.5169029 ] ] ] } },
{ "type": "Feature", "properties": { "osm_id": 574617003, "osm_type": "ways_line", "name": null, "waterway": "river" }, "geometry": { "type": "MultiLineString", "coordinates": [ [ [ 117.2405362, -0.5169029 ], [ 117.240555, -0.5167903 ] ] ] } },
{ "type": "Feature", "properties": { "osm_id": 574617002, "osm_type": "ways_line", "name": null, "waterway": "river" }, "geometry": { "type": "MultiLineString", "coordinates": [ [ [ 117.240555, -0.5167903 ], [ 117.240608600000016, -0.5162136 ], [ 117.2406623, -0.5155378 ] ] ] } },
{ "type": "Feature", "properties": { "osm_id": 581495023, "osm_type": "ways_line", "name": null, "waterway": "river" }, "geometry": { "type": "MultiLineString", "coordinates": [ [ [ 117.212418600000021, -0.5930982 ], [ 117.2124132, -0.5931599 ], [ 117.212381100000016, -0.5932189 ], [ 117.2123972, -0.593286 ], [ 117.2124374, -0.5933584 ], [ 117.2124884, -0.5934147 ], [ 117.2125474, -0.5934281 ], [ 117.212601, -0.5934147 ], [ 117.212692200000021, -0.5934013 ], [ 117.2127405, -0.5934067 ], [ 117.212815600000013, -0.5933799 ], [ 117.2128719, -0.5934228 ], [ 117.2129202, -0.5934684 ], [ 117.2129685, -0.5934737 ], [ 117.213035500000018, -0.5934281 ], [ 117.213116, -0.5933691 ], [ 117.213199099999983, -0.5933155 ] ] ] } },
{ "type": "Feature", "properties": { "osm_id": 581495003, "osm_type": "ways_line", "name": null, "waterway": "river" }, "geometry": { "type": "MultiLineString", "coordinates": [ [ [ 117.2242874, -0.5925377 ], [ 117.224251900000013, -0.5925451 ], [ 117.224215, -0.5925652 ], [ 117.2241828, -0.5925846 ], [ 117.224152600000011, -0.5926021 ], [ 117.2241231, -0.5926342 ], [ 117.2240976, -0.5926584 ], [ 117.2240487, -0.5926852 ], [ 117.2240232, -0.592706 ], [ 117.2240192, -0.5927147 ] ] ] } },
{ "type": "Feature", "properties": { "osm_id": 581495018, "osm_type": "ways_line", "name": null, "waterway": "river" }, "geometry": { "type": "MultiLineString", "coordinates": [ [ [ 117.246042799999984, -0.5967485 ], [ 117.2464827, -0.5977811 ], [ 117.2465846, -0.5979233 ], [ 117.2467428, -0.5980171 ], [ 117.2467911, -0.5981164 ], [ 117.246769699999987, -0.5986233 ], [ 117.246587299999987, -0.5992804 ], [ 117.246362, -0.59957 ], [ 117.246104500000015, -0.5996022 ], [ 117.245922100000016, -0.5997953 ], [ 117.2458148, -0.6001601 ], [ 117.2454822, -0.6006858 ], [ 117.245391, -0.6009594 ], [ 117.245112099999986, -0.6013188 ], [ 117.24465069999998, -0.6014046 ], [ 117.2445112, -0.6015333 ], [ 117.2442484, -0.6020215 ], [ 117.244066, -0.6021395 ], [ 117.243642200000011, -0.6026973 ], [ 117.2434705, -0.6030675 ], [ 117.24361, -0.6034269 ], [ 117.2439855, -0.6035931 ], [ 117.2449565, -0.604387 ], [ 117.245600200000013, -0.6053472 ], [ 117.2455841, -0.605535 ], [ 117.2453105, -0.6061679 ], [ 117.244881399999983, -0.6069082 ], [ 117.244581, -0.607568 ], [ 117.2445166, -0.6078523 ], [ 117.2445166, -0.6081205 ], [ 117.2443289, -0.6087534 ], [ 117.243942599999983, -0.6090055 ], [ 117.2437227, -0.6090753 ], [ 117.243256, -0.6090645 ] ] ] } },
{ "type": "Feature", "properties": { "osm_id": 833671185, "osm_type": "ways_line", "name": null, "waterway": "canal" }, "geometry": { "type": "MultiLineString", "coordinates": [ [ [ 117.1557382, -0.6048336 ], [ 117.1557572, -0.6046766 ], [ 117.1557525, -0.604606 ], [ 117.155696300000017, -0.6043928 ], [ 117.155696300000017, -0.604332 ], [ 117.155723399999985, -0.6042745 ] ] ] } },
{ "type": "Feature", "properties": { "osm_id": 575910547, "osm_type": "ways_line", "name": null, "waterway": "river" }, "geometry": { "type": "MultiLineString", "coordinates": [ [ [ 117.2125771, -0.6201261 ], [ 117.2126039, -0.6203353 ], [ 117.2125771, -0.6205553 ], [ 117.2125771, -0.6207645 ], [ 117.2125771, -0.6209308 ], [ 117.2125664, -0.6210917 ], [ 117.2125449, -0.6212097 ], [ 117.212502, -0.6213867 ], [ 117.2124323, -0.6216066 ], [ 117.2124108, -0.6217246 ], [ 117.212266, -0.6217327 ] ] ] } },
{ "type": "Feature", "properties": { "osm_id": 575910546, "osm_type": "ways_line", "name": null, "waterway": "river" }, "geometry": { "type": "MultiLineString", "coordinates": [ [ [ 117.2139289, -0.6212687 ], [ 117.2140416, -0.621317 ], [ 117.214165, -0.6212902 ], [ 117.214266899999984, -0.6213009 ], [ 117.214266899999984, -0.6213921 ], [ 117.214401, -0.621435 ], [ 117.2145351, -0.6214511 ], [ 117.2146585, -0.6214243 ], [ 117.21478190000002, -0.6214243 ], [ 117.2148892, -0.6215584 ], [ 117.214942799999989, -0.6217246 ], [ 117.2150179, -0.6219285 ] ] ] } },
{ "type": "Feature", "properties": { "osm_id": 581495019, "osm_type": "ways_line", "name": null, "waterway": "river" }, "geometry": { "type": "MultiLineString", "coordinates": [ [ [ 117.2260308, -0.6176793 ], [ 117.2256338, -0.6175184 ], [ 117.2254944, -0.6174111 ], [ 117.2253334, -0.6171322 ], [ 117.2252691, -0.6167459 ], [ 117.2253442, -0.6163812 ], [ 117.2254622, -0.6159735 ], [ 117.2256124, -0.6156302 ], [ 117.2259772, -0.6152547 ], [ 117.2263634, -0.6150616 ], [ 117.226717500000021, -0.6147612 ], [ 117.2269535, -0.6145252 ], [ 117.227468500000015, -0.6139673 ], [ 117.2277367, -0.6136777 ], [ 117.227994199999983, -0.6133129 ], [ 117.2282088, -0.6130769 ], [ 117.2284126, -0.6128409 ], [ 117.2285628, -0.6125405 ], [ 117.2287667, -0.6121757 ], [ 117.2293353, -0.6115428 ], [ 117.2294426, -0.6113711 ], [ 117.2296786, -0.6109313 ], [ 117.2297966, -0.6105772 ], [ 117.229925400000013, -0.610191 ], [ 117.230054100000018, -0.6097833 ], [ 117.2301614, -0.6095688 ], [ 117.2303545, -0.6090967 ], [ 117.230472600000013, -0.6088822 ], [ 117.2306549, -0.6083887 ], [ 117.230773, -0.6080132 ], [ 117.2311002, -0.6077933 ] ] ] } },
{ "type": "Feature", "properties": { "osm_id": 578989013, "osm_type": "ways_line", "name": null, "waterway": "river" }, "geometry": { "type": "MultiLineString", "coordinates": [ [ [ 117.26450530000001, -0.5494892 ], [ 117.264501400000015, -0.5495924 ] ] ] } },
{ "type": "Feature", "properties": { "osm_id": 578989014, "osm_type": "ways_line", "name": null, "waterway": "river" }, "geometry": { "type": "MultiLineString", "coordinates": [ [ [ 117.264854135123187, -0.549420975090884 ], [ 117.264507100000017, -0.5494394 ], [ 117.26450530000001, -0.5494892 ] ] ] } },
{ "type": "Feature", "properties": { "osm_id": 578996730, "osm_type": "ways_line", "name": null, "waterway": "canal" }, "geometry": { "type": "MultiLineString", "coordinates": [ [ [ 117.2498415, -0.5526576 ], [ 117.2494201, -0.551898 ], [ 117.249075300000015, -0.551238 ], [ 117.2488772, -0.5508615 ], [ 117.2486911, -0.5504664 ] ] ] } },
{ "type": "Feature", "properties": { "osm_id": 574625992, "osm_type": "ways_line", "name": null, "waterway": "river" }, "geometry": { "type": "MultiLineString", "coordinates": [ [ [ 117.264862, -0.546304 ], [ 117.2611785, -0.5461324 ], [ 117.256543599999986, -0.5457676 ], [ 117.2522521, -0.5456174 ] ] ] } },
{ "type": "Feature", "properties": { "osm_id": 574625678, "osm_type": "ways_line", "name": null, "waterway": "river" }, "geometry": { "type": "MultiLineString", "coordinates": [ [ [ 117.252118, -0.5368631 ], [ 117.252177, -0.5357098 ], [ 117.252289599999983, -0.5342776 ], [ 117.2522856, -0.5341756 ] ] ] } },
{ "type": "Feature", "properties": { "osm_id": 574625993, "osm_type": "ways_line", "name": null, "waterway": "river" }, "geometry": { "type": "MultiLineString", "coordinates": [ [ [ 117.252289599999983, -0.5340201 ], [ 117.2523326, -0.5332959 ], [ 117.251157800000016, -0.5334729 ], [ 117.2506267, -0.5335534 ], [ 117.2502726, -0.5334676 ], [ 117.2500044, -0.5333871 ], [ 117.2497415, -0.5332691 ], [ 117.2496504, -0.5331135 ], [ 117.24968250000002, -0.5329794 ], [ 117.2496021, -0.5327756 ], [ 117.2491193, -0.5324966 ], [ 117.2490764, -0.5334676 ], [ 117.2490495, -0.5339718 ] ] ] } },
{ "type": "Feature", "properties": { "osm_id": 574625677, "osm_type": "ways_line", "name": null, "waterway": "river" }, "geometry": { "type": "MultiLineString", "coordinates": [ [ [ 117.2522856, -0.5341756 ], [ 117.252289599999983, -0.5340201 ] ] ] } },
{ "type": "Feature", "properties": { "osm_id": 797843256, "osm_type": "ways_line", "name": null, "waterway": "river" }, "geometry": { "type": "MultiLineString", "coordinates": [ [ [ 117.14658780000002, -0.5915748 ], [ 117.146807800000019, -0.5914233 ], [ 117.1471712, -0.5912919 ] ] ] } },
{ "type": "Feature", "properties": { "osm_id": 577953002, "osm_type": "ways_line", "name": null, "waterway": "canal" }, "geometry": { "type": "MultiLineString", "coordinates": [ [ [ 117.1894777, -0.5330197 ], [ 117.189358299999981, -0.5330103 ], [ 117.188846, -0.5329379 ], [ 117.1886086, -0.5329124 ], [ 117.1884048, -0.5328695 ], [ 117.1876779, -0.5324591 ], [ 117.1872501, -0.5322124 ], [ 117.1867539, -0.531865 ], [ 117.186535299999989, -0.5317135 ], [ 117.1859546, -0.531346 ], [ 117.1850373, -0.5307573 ], [ 117.1843882, -0.5303429 ], [ 117.1837364, -0.5299151 ], [ 117.1835996, -0.5295919 ], [ 117.1835138, -0.5293734 ], [ 117.18344, -0.5294002 ], [ 117.183073900000011, -0.5295691 ] ] ] } },
{ "type": "Feature", "properties": { "osm_id": 191817219, "osm_type": "ways_line", "name": null, "waterway": "river" }, "geometry": { "type": "MultiLineString", "coordinates": [ [ [ 117.1643963, -0.5895955 ], [ 117.1643159, -0.5894345 ], [ 117.1642193, -0.5891797 ], [ 117.1641791, -0.5889008 ], [ 117.1641576, -0.5883993 ], [ 117.1640664, -0.5874149 ], [ 117.1640664, -0.5872808 ], [ 117.1639726, -0.5870797 ], [ 117.1639538, -0.5868678 ], [ 117.163940400000016, -0.5867337 ], [ 117.163817, -0.5864682 ], [ 117.1637553, -0.5862885 ], [ 117.1637365, -0.5859639 ], [ 117.163728500000019, -0.5858432 ], [ 117.1635997, -0.5857467 ], [ 117.1631384, -0.5855804 ], [ 117.1629667, -0.5854248 ], [ 117.1629453, -0.5852264 ], [ 117.1630579, -0.5849474 ], [ 117.16331, -0.5844271 ], [ 117.163707, -0.5835688 ], [ 117.163927, -0.5831987 ], [ 117.164120100000019, -0.5827857 ], [ 117.1642166, -0.5825014 ], [ 117.1641898, -0.5822332 ], [ 117.1644098, -0.581788 ], [ 117.1645117, -0.5814446 ], [ 117.164527800000016, -0.5806668 ], [ 117.1644795, -0.5801465 ], [ 117.1643615, -0.5796423 ], [ 117.1641791, -0.5788645 ], [ 117.1641898, -0.5785802 ], [ 117.164104, -0.5784032 ], [ 117.1638626, -0.578371 ], [ 117.163567500000013, -0.57843 ], [ 117.163353, -0.5785695 ], [ 117.162677, -0.5783066 ], [ 117.1615505, -0.577738 ], [ 117.1590453, -0.5762092 ], [ 117.1580583, -0.5752491 ], [ 117.1571678, -0.5742621 ], [ 117.1564797, -0.5732458 ], [ 117.1558284, -0.5721239 ], [ 117.1556414, -0.5714984 ], [ 117.1554931, -0.5706537 ], [ 117.1554286, -0.5700927 ], [ 117.155389400000018, -0.5692469 ], [ 117.155547, -0.5689876 ], [ 117.1559638, -0.5680486 ], [ 117.1562411, -0.5677649 ], [ 117.1568344, -0.5673458 ], [ 117.158272399999987, -0.566011 ], [ 117.1586464, -0.5658369 ], [ 117.158852699999983, -0.5656241 ], [ 117.1591042, -0.5652308 ], [ 117.1593815, -0.5649084 ], [ 117.16011020000002, -0.5641411 ], [ 117.1604197, -0.5635543 ], [ 117.1609291, -0.5627418 ], [ 117.1610973, -0.562422 ], [ 117.161201800000015, -0.5622464 ], [ 117.1613306, -0.561954 ], [ 117.161596099999983, -0.5616295 ], [ 117.1617919, -0.5612003 ], [ 117.1620387, -0.5608061 ], [ 117.1622774, -0.5604842 ], [ 117.162416900000011, -0.560208 ], [ 117.1626341, -0.5598244 ], [ 117.1626931, -0.5595348 ], [ 117.1628514, -0.5593041 ], [ 117.1629855, -0.5591432 ], [ 117.163302, -0.5589581 ], [ 117.163578300000012, -0.5586738 ], [ 117.1638465, -0.5582608 ], [ 117.1641335, -0.5580087 ], [ 117.1644446, -0.5578182 ], [ 117.1647853, -0.5577163 ], [ 117.165045400000011, -0.5575742 ], [ 117.1652466, -0.557314 ], [ 117.1654773, -0.5571906 ], [ 117.166089400000018, -0.5568972 ], [ 117.1665868, -0.5567473 ], [ 117.1681976, -0.5566546 ], [ 117.169176100000016, -0.5564211 ], [ 117.1697842, -0.5564171 ], [ 117.1704245, -0.5565137 ], [ 117.171443400000015, -0.5563889 ], [ 117.1722407, -0.5564211 ], [ 117.173026, -0.5566345 ], [ 117.1736594, -0.556774 ] ] ] } },
{ "type": "Feature", "properties": { "osm_id": 42858247, "osm_type": "ways_line", "name": "Sungai Mahakam", "waterway": "river" }, "geometry": { "type": "MultiLineString", "coordinates": [ [ [ 117.06993276998405, -0.59100906932302 ], [ 117.070160200000018, -0.5911181 ], [ 117.072088, -0.5912085 ], [ 117.07486160000002, -0.5904082 ], [ 117.0762241, -0.589582 ], [ 117.077420299999986, -0.5886015 ], [ 117.079056642543975, -0.585882340772395 ] ], [ [ 117.081900319795508, -0.578431585556504 ], [ 117.081937199999985, -0.5782702 ], [ 117.0822069, -0.5755627 ], [ 117.082220600000014, -0.5754249 ], [ 117.0836938, -0.5606356 ], [ 117.0841334, -0.5544316 ], [ 117.0854563, -0.5485313 ], [ 117.086888, -0.5449977 ], [ 117.0897478, -0.5398199 ], [ 117.0914054, -0.5380217 ], [ 117.0933741, -0.537288 ], [ 117.096812699999987, -0.5365198 ], [ 117.10281550000002, -0.5355071 ], [ 117.1076917, -0.5350607 ], [ 117.113522800000013, -0.5336725 ], [ 117.1163177, -0.53122 ], [ 117.1181199, -0.5278297 ], [ 117.119736099999983, -0.5189984 ], [ 117.120186, -0.5165403 ], [ 117.1218797, -0.5120586 ], [ 117.123785, -0.5081754 ], [ 117.1267022, -0.505113 ], [ 117.12758580000002, -0.5046732 ], [ 117.1289992, -0.5039698 ], [ 117.133354700000012, -0.5034351 ], [ 117.139067200000014, -0.5039661 ], [ 117.1402162, -0.5040729 ], [ 117.1497226, -0.5078301 ], [ 117.1518892, -0.5093942 ], [ 117.1544255, -0.5121723 ], [ 117.155562800000013, -0.5168621 ], [ 117.1550703, -0.5195582 ], [ 117.1541553, -0.5224255 ], [ 117.1539545, -0.5233239 ], [ 117.1539384, -0.5238979 ], [ 117.1540296, -0.5245469 ], [ 117.1544802, -0.5256519 ], [ 117.1551347, -0.5268535 ], [ 117.1579205, -0.5310811 ], [ 117.1620919, -0.5374112 ], [ 117.164006700000016, -0.5394568 ], [ 117.16985480000001, -0.5457044 ], [ 117.176377099999982, -0.5526723 ], [ 117.1780515, -0.5540499 ], [ 117.188872499999988, -0.5598494 ], [ 117.19643, -0.5627077 ], [ 117.2041387, -0.5650315 ], [ 117.2075582, -0.5661879 ], [ 117.2192604, -0.5701453 ], [ 117.224759500000019, -0.5720049 ], [ 117.2299576, -0.5729961 ], [ 117.2350866, -0.5736997 ], [ 117.235778577276051, -0.573794630684364 ] ], [ [ 117.24001141151696, -0.574317947433222 ], [ 117.2458776, -0.5749837 ], [ 117.24761190000001, -0.5751805 ], [ 117.253158, -0.5761419 ], [ 117.255063, -0.5764721 ], [ 117.261242800000019, -0.5781242 ], [ 117.26947730000002, -0.5811454 ], [ 117.276014369824864, -0.58400745881248 ] ] ] } },
{ "type": "Feature", "properties": { "osm_id": 618194609, "osm_type": "ways_line", "name": null, "waterway": "river" }, "geometry": { "type": "MultiLineString", "coordinates": [ [ [ 117.093005086657897, -0.592993004327761 ], [ 117.092994599999983, -0.5929923 ], [ 117.0928752, -0.5930178 ], [ 117.092754911719126, -0.593089329625155 ] ], [ [ 117.093146398481949, -0.592237959686649 ], [ 117.093147500000015, -0.5922386 ], [ 117.0932293, -0.5922453 ], [ 117.093263576628217, -0.592226105088198 ] ], [ [ 117.09330307768991, -0.592203984493664 ], [ 117.093339300000011, -0.5921837 ], [ 117.0934439, -0.5920965 ], [ 117.0934573, -0.5920563 ], [ 117.093451690835963, -0.592037479778545 ] ], [ [ 117.093254478121139, -0.59185665602883 ], [ 117.0932494, -0.5918551 ], [ 117.093118, -0.5918511 ], [ 117.093092095150723, -0.591855272175247 ] ], [ [ 117.092952432605173, -0.5918577059104 ], [ 117.0928618, -0.5917961 ], [ 117.092779860350845, -0.591683925504828 ] ], [ [ 117.092921572011278, -0.591273111474061 ], [ 117.0929718, -0.5912463 ], [ 117.092987336126086, -0.591215833051489 ] ], [ [ 117.093001590893095, -0.591187878897974 ], [ 117.09300260000002, -0.5911859 ], [ 117.093016100000014, -0.5910143 ], [ 117.093011267675934, -0.590956670061242 ] ], [ [ 117.093299164947666, -0.590805007323545 ], [ 117.0933017, -0.5908024 ], [ 117.09338750000002, -0.5905945 ], [ 117.093436261286001, -0.590558232045408 ] ], [ [ 117.093444523893865, -0.59055523396729 ], [ 117.093508199999988, -0.5905503 ], [ 117.09361149999998, -0.5906267 ], [ 117.0936745, -0.5906468 ], [ 117.0937403, -0.5906374 ], [ 117.093792600000015, -0.5905945 ], [ 117.0938301, -0.5903894 ], [ 117.093823400000019, -0.590325 ], [ 117.0937859, -0.5902713 ], [ 117.0935243, -0.5901949 ], [ 117.09346, -0.5901627 ], [ 117.093431957960348, -0.590126944597237 ] ], [ [ 117.09351118661921, -0.589850771115182 ], [ 117.093612800000017, -0.5898194 ], [ 117.093650400000016, -0.5897685 ], [ 117.0936397, -0.5897014 ], [ 117.0936035, -0.5896451 ], [ 117.093549800000019, -0.5896089 ], [ 117.093488099999988, -0.5896008 ], [ 117.0934264, -0.5896156 ], [ 117.0933822, -0.5896612 ], [ 117.093307100000018, -0.5897671 ], [ 117.093250595722466, -0.589826793549858 ] ], [ [ 117.093196745015248, -0.589085432956208 ], [ 117.09319556677579, -0.589057329763385 ] ], [ [ 117.093483416508349, -0.588781367077573 ], [ 117.0935069, -0.5887707 ], [ 117.093519974964096, -0.588732853188801 ] ], [ [ 117.09352641823682, -0.588714202481576 ], [ 117.0935458, -0.5886581 ], [ 117.0935579, -0.588595 ], [ 117.093521700000011, -0.5885441 ], [ 117.09346, -0.5885173 ], [ 117.0933956, -0.5885226 ], [ 117.0932735, -0.5885065 ], [ 117.0932092, -0.5885106 ], [ 117.0931891, -0.5884502 ], [ 117.093191432529295, -0.588367336896904 ] ], [ [ 117.093759412073297, -0.588229081088454 ], [ 117.0937765, -0.5882249 ], [ 117.093834099999981, -0.5881941 ], [ 117.093877, -0.5881485 ], [ 117.0938905, -0.5880855 ], [ 117.093890007376757, -0.588073631428859 ] ], [ [ 117.093886852492204, -0.587997622080794 ], [ 117.09388509999998, -0.5879554 ], [ 117.093855600000012, -0.5878977 ], [ 117.0937698, -0.5877998 ], [ 117.093710699999988, -0.5877757 ], [ 117.093225299999986, -0.5874807 ], [ 117.0930992, -0.5874605 ], [ 117.093076297647215, -0.587431298028326 ] ], [ [ 117.093578598992252, -0.586980989368439 ], [ 117.093599399999988, -0.5869576 ], [ 117.093627224020167, -0.58689322285529 ] ], [ [ 117.094113927523068, -0.58635380478751 ], [ 117.0941573, -0.58633 ], [ 117.0941828, -0.586271 ], [ 117.094187701289343, -0.586203216211174 ] ], [ [ 117.094062760425359, -0.586030511044189 ], [ 117.094055400000016, -0.586027 ], [ 117.0940058, -0.5859867 ], [ 117.0939937, -0.5859411 ], [ 117.093994812952971, -0.585936264670536 ] ], [ [ 117.094569735548347, -0.585151738753302 ], [ 117.094581099999985, -0.5851486 ], [ 117.0946375, -0.5851808 ], [ 117.094793, -0.5852974 ], [ 117.0948561, -0.5853095 ], [ 117.094917700000011, -0.5852907 ], [ 117.094923093087246, -0.585287282743808 ] ], [ [ 117.095659880714351, -0.584575178629554 ], [ 117.095674100000011, -0.5845746 ], [ 117.095699565857501, -0.584566303991319 ] ], [ [ 117.095824879054959, -0.584028701614371 ], [ 117.0958297, -0.584006 ], [ 117.0957693, -0.5839846 ], [ 117.0957036, -0.5839846 ], [ 117.0956379, -0.5839966 ], [ 117.0955762, -0.5840194 ], [ 117.095479859962708, -0.584077722069414 ] ], [ [ 117.095420707853918, -0.584097562962074 ], [ 117.0953965, -0.5841026 ], [ 117.095330800000013, -0.5840999 ], [ 117.0951605, -0.5839806 ], [ 117.095046499999981, -0.5839215 ], [ 117.0949928, -0.5838813 ], [ 117.0949821, -0.5838183 ], [ 117.094986038026448, -0.583807493322807 ] ], [ [ 117.095355841150806, -0.58357358382089 ], [ 117.0953871, -0.5835273 ], [ 117.095393800000011, -0.5834656 ], [ 117.0953912, -0.5832108 ], [ 117.095411471610319, -0.583104906035549 ] ], [ [ 117.095500884488757, -0.58295013478951 ], [ 117.0955762, -0.5828903 ], [ 117.095584300000013, -0.5828273 ], [ 117.0955266, -0.5828018 ], [ 117.095462200000014, -0.5826596 ], [ 117.095418, -0.5826127 ], [ 117.095359, -0.5825886 ], [ 117.0952933, -0.5825912 ], [ 117.095204633903847, -0.58263760755812 ] ], [ [ 117.094867528495527, -0.582656707311011 ], [ 117.0948359, -0.5825845 ], [ 117.094721031731567, -0.582526576370322 ] ], [ [ 117.094740043564983, -0.582229028234609 ], [ 117.0948158, -0.5821849 ], [ 117.0947984, -0.5821232 ], [ 117.094672300000013, -0.5820803 ], [ 117.094639698175968, -0.582074465450642 ] ], [ [ 117.094526056229412, -0.58186053546473 ], [ 117.0945771, -0.5818309 ], [ 117.0948923, -0.5817866 ], [ 117.0949365, -0.5817397 ], [ 117.094946115520912, -0.581705798420566 ] ], [ [ 117.094565878492261, -0.580782448729235 ], [ 117.094559700000019, -0.580754 ], [ 117.094561, -0.5806883 ], [ 117.094577346345758, -0.58064138978913 ] ], [ [ 117.094719212216845, -0.580454038430463 ], [ 117.0947461, -0.5804201 ], [ 117.094754100000017, -0.5803557 ], [ 117.09471120000002, -0.5803075 ], [ 117.094630987462693, -0.580260743234951 ] ], [ [ 117.094438315890926, -0.580011533180594 ], [ 117.094338399999984, -0.579759 ], [ 117.094200300000011, -0.5795793 ], [ 117.094044699999984, -0.5794982 ], [ 117.0940051, -0.5794646 ], [ 117.093966900000012, -0.5794157 ], [ 117.09391260000001, -0.5793399 ], [ 117.093856554339084, -0.579227281366854 ] ], [ [ 117.093164492713939, -0.578611210531312 ], [ 117.0931622, -0.5785896 ], [ 117.0931086, -0.5785547 ], [ 117.093095626430497, -0.578556249939712 ] ], [ [ 117.092912012530249, -0.578645303088562 ], [ 117.092869199999981, -0.5786687 ], [ 117.0927478, -0.5787894 ], [ 117.0927156, -0.5788457 ], [ 117.0926955, -0.5789061 ], [ 117.092662357380064, -0.578944418740085 ] ] ] } },
{ "type": "Feature", "properties": { "osm_id": 795603874, "osm_type": "ways_line", "name": null, "waterway": "canal" }, "geometry": { "type": "MultiLineString", "coordinates": [ [ [ 117.1556014, -0.6053459 ], [ 117.1557382, -0.6048336 ] ] ] } },
{ "type": "Feature", "properties": { "osm_id": 575406085, "osm_type": "ways_line", "name": null, "waterway": "river" }, "geometry": { "type": "MultiLineString", "coordinates": [ [ [ 117.211926399999982, -0.4020746 ], [ 117.21184860000001, -0.4022194 ], [ 117.211793700000015, -0.4024407 ], [ 117.2117266, -0.4026419 ], [ 117.211662200000021, -0.4027116 ], [ 117.21153480000001, -0.4027491 ], [ 117.211408800000015, -0.4027693 ], [ 117.2112532, -0.4028216 ], [ 117.2111607, -0.4028846 ], [ 117.2111499, -0.4029583 ], [ 117.2111848, -0.4030455 ], [ 117.211286699999988, -0.4031461 ], [ 117.2113739, -0.4032292 ], [ 117.211469100000016, -0.4033674 ], [ 117.211471800000012, -0.4034385 ], [ 117.21146109999998, -0.403527 ], [ 117.2113471, -0.4035672 ], [ 117.2112036, -0.4036208 ], [ 117.211111, -0.403649 ], [ 117.2110252, -0.4036973 ], [ 117.2109421, -0.4037938 ], [ 117.2108656, -0.403877 ], [ 117.2108254, -0.4039534 ], [ 117.210816, -0.4040258 ], [ 117.2107704, -0.4041479 ], [ 117.2106779, -0.4042096 ], [ 117.2106202, -0.4042431 ], [ 117.210530300000016, -0.4042739 ], [ 117.2104163, -0.4043008 ], [ 117.210290300000011, -0.404345 ], [ 117.2101012, -0.4044148 ], [ 117.209955, -0.4044751 ], [ 117.2099175, -0.4045046 ], [ 117.2098893, -0.404577 ], [ 117.2099067, -0.4046307 ], [ 117.209973799999986, -0.4047219 ], [ 117.2100382, -0.4047916 ], [ 117.210124, -0.4048855 ], [ 117.2101092, -0.4049485 ], [ 117.210077, -0.404978 ], [ 117.209996600000011, -0.4050088 ], [ 117.2098437, -0.4050303 ], [ 117.209670700000018, -0.4050571 ], [ 117.209559400000018, -0.4051081 ], [ 117.2094105, -0.4051926 ], [ 117.2093166, -0.4052449 ], [ 117.2092228, -0.4052341 ], [ 117.2090887, -0.4052087 ], [ 117.208951899999988, -0.4051979 ], [ 117.2088647, -0.4051966 ], [ 117.2087587, -0.405155 ], [ 117.20874, -0.4050518 ], [ 117.2087198, -0.4049753 ], [ 117.2086622, -0.4049163 ], [ 117.208571, -0.4049217 ], [ 117.2084449, -0.4049391 ], [ 117.208309500000013, -0.4049673 ], [ 117.208107, -0.4049834 ], [ 117.20800370000002, -0.4049579 ], [ 117.207913800000014, -0.4049096 ], [ 117.207779699999989, -0.4048855 ], [ 117.207659, -0.4048814 ], [ 117.207519600000012, -0.4049002 ], [ 117.2074471, -0.4049297 ], [ 117.207377400000013, -0.404978 ], [ 117.207376100000019, -0.4050142 ], [ 117.207405599999987, -0.4050853 ], [ 117.207474, -0.4051993 ], [ 117.207490100000015, -0.4052757 ], [ 117.207459200000017, -0.405324 ], [ 117.207415, -0.4053334 ], [ 117.2073694, -0.4053186 ], [ 117.2073184, -0.4052583 ], [ 117.2072674, -0.4051751 ], [ 117.20723790000001, -0.4050974 ], [ 117.207191, -0.4050424 ], [ 117.2071521, -0.4049995 ], [ 117.2070689, -0.4049767 ], [ 117.2070153, -0.4049874 ], [ 117.206964299999981, -0.4050102 ], [ 117.206908, -0.4050437 ], [ 117.206881199999984, -0.4050826 ], [ 117.2068571, -0.4051832 ], [ 117.206873099999981, -0.4052784 ], [ 117.206873099999981, -0.4053683 ], [ 117.2068785, -0.4054675 ], [ 117.2068571, -0.40556 ], [ 117.2068048, -0.4055694 ], [ 117.2067283, -0.4055359 ], [ 117.206670599999981, -0.4054554 ], [ 117.2065862, -0.4053857 ], [ 117.2064507, -0.4053079 ], [ 117.2064252, -0.4052945 ], [ 117.206257600000015, -0.4052409 ], [ 117.206061799999986, -0.4051993 ], [ 117.205879399999986, -0.405151 ], [ 117.205780099999984, -0.4051711 ], [ 117.2057238, -0.4052221 ], [ 117.205705, -0.4052797 ], [ 117.205713100000011, -0.4053267 ], [ 117.205733200000012, -0.4053911 ], [ 117.2057547, -0.4054514 ], [ 117.205761400000014, -0.4055305 ], [ 117.2057265, -0.4055708 ], [ 117.2056648, -0.4055466 ], [ 117.205550800000012, -0.4054943 ], [ 117.2054838, -0.405442 ], [ 117.20539789999998, -0.4053683 ], [ 117.2052786, -0.405316 ], [ 117.205155199999979, -0.4052918 ], [ 117.20512429999998, -0.4053186 ], [ 117.205121700000021, -0.4054286 ], [ 117.205204800000018, -0.4055587 ], [ 117.2052678, -0.4056713 ], [ 117.2052839, -0.4057679 ], [ 117.2052598, -0.4058564 ], [ 117.205204800000018, -0.4059194 ], [ 117.2051364, -0.4059516 ], [ 117.20506, -0.4059543 ], [ 117.205005, -0.4059784 ], [ 117.2049768, -0.4060374 ], [ 117.2049125, -0.4061005 ], [ 117.204836, -0.4061689 ], [ 117.204758199999986, -0.4062198 ], [ 117.20470060000001, -0.4061836 ], [ 117.204668400000017, -0.4061273 ], [ 117.204598599999983, -0.4061058 ], [ 117.2045477, -0.4060509 ], [ 117.2045276, -0.4059717 ], [ 117.2044699, -0.4059369 ], [ 117.2043988, -0.4058899 ], [ 117.2043425, -0.4058296 ], [ 117.204235200000014, -0.4058081 ], [ 117.2041896, -0.4058323 ], [ 117.204145299999979, -0.4058457 ], [ 117.2040971, -0.4058081 ], [ 117.204034, -0.4057585 ], [ 117.203967, -0.4057478 ], [ 117.2039361, -0.40578 ], [ 117.2039053, -0.4058336 ], [ 117.203849, -0.4058792 ], [ 117.20377790000002, -0.4058872 ], [ 117.203747, -0.405906 ], [ 117.2036371, -0.4059503 ], [ 117.2035928, -0.4059919 ], [ 117.2035325, -0.4060307 ], [ 117.203476100000017, -0.4060509 ], [ 117.203405099999983, -0.4060737 ], [ 117.203296400000013, -0.4060737 ], [ 117.2032468, -0.4060857 ], [ 117.2031878, -0.4060978 ], [ 117.20311670000001, -0.4060897 ], [ 117.203053700000012, -0.4060978 ], [ 117.2030202, -0.4061367 ], [ 117.2029558, -0.4061917 ], [ 117.202900799999981, -0.4062185 ], [ 117.202882, -0.4062614 ], [ 117.202848500000016, -0.4063714 ], [ 117.2028217, -0.4064344 ], [ 117.2027935, -0.406472 ], [ 117.2027452, -0.406484 ], [ 117.20269829999998, -0.4064652 ], [ 117.2026004, -0.406429 ], [ 117.2025387, -0.4064425 ], [ 117.2025025, -0.406476 ], [ 117.2024649, -0.406543 ], [ 117.202412599999988, -0.4066262 ], [ 117.202352299999987, -0.4066731 ], [ 117.202294600000016, -0.4066785 ], [ 117.202212799999984, -0.4066771 ], [ 117.2020881, -0.4066865 ] ] ] } },
{ "type": "Feature", "properties": { "osm_id": 700750344, "osm_type": "ways_line", "name": null, "waterway": "river" }, "geometry": { "type": "MultiLineString", "coordinates": [ [ [ 117.2020881, -0.4066865 ], [ 117.2018856, -0.4066823 ], [ 117.201730800000021, -0.4067132 ], [ 117.20162550000002, -0.4067628 ], [ 117.201545, -0.4068618 ], [ 117.20148930000002, -0.406899 ], [ 117.201359299999979, -0.4068804 ], [ 117.2012602, -0.4068866 ], [ 117.201142500000017, -0.4069114 ], [ 117.2010806, -0.4069299 ], [ 117.2009072, -0.4070104 ], [ 117.200789499999985, -0.4070662 ], [ 117.2006657, -0.4071281 ], [ 117.200572800000018, -0.4071838 ], [ 117.2004799, -0.4071838 ], [ 117.2003808, -0.4071591 ], [ 117.200232200000016, -0.4071653 ], [ 117.200096, -0.4071653 ], [ 117.199990700000015, -0.4071405 ], [ 117.199935, -0.4070786 ], [ 117.1998978, -0.4069795 ], [ 117.199832, -0.4069142 ], [ 117.1997864, -0.4068686 ], [ 117.199740800000015, -0.4068331 ], [ 117.1996699, -0.4068028 ], [ 117.199573700000016, -0.4068028 ], [ 117.1995078, -0.4068534 ], [ 117.1994319, -0.4069243 ], [ 117.1992748, -0.406975 ], [ 117.1990773, -0.4070256 ], [ 117.1989406, -0.4070661 ], [ 117.1988139, -0.4070611 ], [ 117.198586, -0.4071117 ], [ 117.1985151, -0.4071269 ], [ 117.198429, -0.407132 ], [ 117.1983429, -0.4071269 ], [ 117.19828720000001, -0.4071016 ], [ 117.1982214, -0.4070965 ], [ 117.1981353, -0.4071016 ], [ 117.1980542, -0.4071168 ], [ 117.1979934, -0.4071421 ], [ 117.1979225, -0.4071674 ], [ 117.197801, -0.4071573 ], [ 117.1977149, -0.4071522 ], [ 117.1976186, -0.4071573 ], [ 117.197492, -0.4071978 ], [ 117.1970261, -0.4073548 ], [ 117.196879200000012, -0.4074207 ], [ 117.1966816, -0.4074966 ], [ 117.1962258, -0.4076688 ], [ 117.1960992, -0.4077499 ], [ 117.195937, -0.4078353 ] ] ] } },
{ "type": "Feature", "properties": { "osm_id": 328514320, "osm_type": "ways_line", "name": null, "waterway": "river" }, "geometry": { "type": "MultiLineString", "coordinates": [ [ [ 117.2301105, -0.5382766 ], [ 117.229811700000013, -0.5374015 ], [ 117.229801, -0.5371011 ], [ 117.229919, -0.5366076 ], [ 117.2301872, -0.5360927 ], [ 117.2312709, -0.5353095 ], [ 117.232386700000021, -0.5346873 ], [ 117.233137700000015, -0.5341508 ], [ 117.234457299999988, -0.5330351 ], [ 117.235659, -0.5320588 ], [ 117.2363992, -0.5312435 ], [ 117.2373756, -0.5300311 ], [ 117.2380379, -0.5295113 ], [ 117.238523599999979, -0.52913 ], [ 117.239328199999989, -0.5279606 ], [ 117.239875400000017, -0.5259436 ], [ 117.2401651, -0.5248172 ], [ 117.2403475, -0.5243344 ], [ 117.2408732, -0.5235834 ], [ 117.2420963, -0.5230899 ], [ 117.2430456, -0.5233648 ], [ 117.244456, -0.5257859 ], [ 117.2446346, -0.5276581 ], [ 117.2444708, -0.5295693 ], [ 117.245155, -0.5306996 ], [ 117.2465712, -0.5315901 ], [ 117.2478586, -0.5324698 ], [ 117.2491193, -0.5324966 ], [ 117.2502136, -0.5317242 ], [ 117.2504175, -0.53019 ], [ 117.2501058, -0.529321 ], [ 117.2497127, -0.5285339 ], [ 117.249207, -0.5271101 ], [ 117.249195900000018, -0.5260515 ], [ 117.253108, -0.5236187 ], [ 117.2555342, -0.5232584 ], [ 117.2569933, -0.5228941 ], [ 117.257595100000017, -0.5221015 ], [ 117.2582492, -0.519755 ], [ 117.2577885, -0.5167915 ], [ 117.2577435, -0.5165019 ], [ 117.2576916, -0.5152132 ], [ 117.2580135, -0.5142108 ], [ 117.258335300000013, -0.5137649 ], [ 117.258796700000019, -0.5134108 ], [ 117.2596657, -0.512971 ], [ 117.259762946483747, -0.513004045871343 ] ] ] } },
{ "type": "Feature", "properties": { "osm_id": 578996732, "osm_type": "ways_line", "name": null, "waterway": "canal" }, "geometry": { "type": "MultiLineString", "coordinates": [ [ [ 117.249512100000018, -0.5498961 ], [ 117.2488663, -0.5502715 ], [ 117.2486342, -0.5504018 ], [ 117.2484361, -0.5505134 ], [ 117.2482292, -0.5506371 ], [ 117.2480453, -0.5507608 ], [ 117.2478592, -0.5508943 ], [ 117.2477191, -0.5510278 ], [ 117.247481600000015, -0.5512708 ], [ 117.247197, -0.5515642 ], [ 117.2468095, -0.5519538 ], [ 117.2466624, -0.5520732 ] ] ] } },
{ "type": "Feature", "properties": { "osm_id": 579000412, "osm_type": "ways_line", "name": null, "waterway": "canal" }, "geometry": { "type": "MultiLineString", "coordinates": [ [ [ 117.250350324966547, -0.553055819615651 ], [ 117.2503379, -0.5530388 ], [ 117.249798700000014, -0.5528593 ], [ 117.2493441, -0.5529351 ], [ 117.2493074, -0.5529287 ], [ 117.2491199, -0.5528609 ], [ 117.248942, -0.5527923 ], [ 117.24841, -0.5525228 ], [ 117.2481332, -0.5523856 ], [ 117.2480239, -0.5523273 ], [ 117.247714499999987, -0.5522524 ], [ 117.247456, -0.5521854 ], [ 117.2470261, -0.5520793 ], [ 117.246825, -0.5520356 ] ] ] } },
{ "type": "Feature", "properties": { "osm_id": 355897653, "osm_type": "ways_line", "name": "Karang Asam Besar", "waterway": "river" }, "geometry": { "type": "MultiLineString", "coordinates": [ [ [ 117.103242, -0.4911773 ], [ 117.1034148, -0.4912513 ], [ 117.103562900000014, -0.4912464 ], [ 117.1037307, -0.4911378 ], [ 117.1039183, -0.4910539 ], [ 117.1040269, -0.4909749 ], [ 117.1042441, -0.4908811 ], [ 117.1045156, -0.4907627 ], [ 117.104703200000017, -0.4906886 ], [ 117.1049648, -0.4906343 ], [ 117.1052017, -0.4906442 ], [ 117.1053794, -0.4906294 ], [ 117.105517599999985, -0.4906146 ], [ 117.105655899999988, -0.4905652 ], [ 117.1058138, -0.4905159 ], [ 117.1059965, -0.4904171 ], [ 117.10611, -0.4903875 ], [ 117.1062383, -0.4904023 ], [ 117.106366699999981, -0.4904221 ], [ 117.1065543, -0.4904566 ], [ 117.1066925, -0.4904023 ], [ 117.106776400000015, -0.4902987 ], [ 117.106885, -0.4902148 ], [ 117.10695410000001, -0.490195 ], [ 117.10704290000001, -0.4903184 ], [ 117.1071367, -0.4904961 ], [ 117.1072453, -0.4906936 ], [ 117.107423, -0.4907676 ], [ 117.1075267, -0.4908417 ], [ 117.107655, -0.4909749 ], [ 117.107739, -0.4910983 ], [ 117.1077488, -0.4912563 ], [ 117.1077538, -0.4915179 ], [ 117.107674799999984, -0.4918782 ], [ 117.107729099999986, -0.491972 ], [ 117.1078081, -0.4920263 ], [ 117.107931500000021, -0.4920362 ], [ 117.1080154, -0.4921152 ], [ 117.1081536, -0.4922238 ], [ 117.1083116, -0.4923373 ], [ 117.1084843, -0.492515 ], [ 117.1086028, -0.4926581 ], [ 117.1086818, -0.4927519 ], [ 117.1087706, -0.4928852 ], [ 117.108726200000021, -0.4929494 ], [ 117.1086571, -0.4931271 ], [ 117.1086275, -0.4932702 ], [ 117.1086769, -0.493438 ], [ 117.108760800000013, -0.4935565 ], [ 117.108785499999982, -0.4937638 ], [ 117.108973, -0.4939859 ], [ 117.109208200000012, -0.4943464 ], [ 117.109024500000018, -0.4947921 ], [ 117.108978300000018, -0.4948499 ], [ 117.1088674, -0.4949638 ], [ 117.10875129999998, -0.4952076 ], [ 117.1088144, -0.4953859 ], [ 117.1088774, -0.4955641 ], [ 117.1090076, -0.4959193 ], [ 117.1090242, -0.496263 ], [ 117.109002099999984, -0.4966898 ], [ 117.10893, -0.4969558 ], [ 117.1087673, -0.4972071 ], [ 117.1086869, -0.4973873 ], [ 117.108628200000012, -0.49745 ], [ 117.108491, -0.4975441 ], [ 117.108343499999989, -0.4975814 ], [ 117.10825730000002, -0.497699 ], [ 117.1081654, -0.4981962 ], [ 117.1082046, -0.4983059 ], [ 117.1083104, -0.4983961 ], [ 117.108475, -0.4984901 ], [ 117.108569100000011, -0.4985528 ], [ 117.1086867, -0.4987018 ], [ 117.108757200000014, -0.4988429 ], [ 117.108773, -0.4990801 ], [ 117.1086319, -0.4992329 ], [ 117.1084987, -0.4993035 ], [ 117.1084046, -0.4993819 ], [ 117.1082932, -0.4996457 ], [ 117.1081879, -0.4998979 ], [ 117.1080937, -0.5000088 ], [ 117.1079191, -0.5001224 ], [ 117.107858399999984, -0.5002398 ], [ 117.1079332, -0.5003867 ], [ 117.108077300000019, -0.5005779 ], [ 117.1081909, -0.5007469 ], [ 117.1081715, -0.5008689 ], [ 117.1080385, -0.5010352 ], [ 117.1078647, -0.5012377 ] ] ] } },
{ "type": "Feature", "properties": { "osm_id": 578989033, "osm_type": "ways_line", "name": "Sungai Anggana", "waterway": "river" }, "geometry": { "type": "MultiLineString", "coordinates": [ [ [ 117.2489315, -0.5533284 ], [ 117.2491005, -0.5532587 ], [ 117.2491997, -0.5531541 ], [ 117.2493875, -0.553071 ], [ 117.249445600000016, -0.5530736 ], [ 117.2494497, -0.5530737 ], [ 117.2496262, -0.5530817 ], [ 117.2499132, -0.5531461 ], [ 117.249934470273431, -0.553150958864384 ] ], [ [ 117.250607455364616, -0.552841546749848 ], [ 117.2505999, -0.5528296 ], [ 117.2505382, -0.5526874 ], [ 117.250471100000013, -0.5525775 ], [ 117.2503933, -0.5524782 ], [ 117.250329, -0.5523602 ], [ 117.250286, -0.5522368 ], [ 117.2502941, -0.5520705 ], [ 117.250441600000016, -0.5519177 ], [ 117.2505382, -0.5518318 ], [ 117.250632, -0.5517004 ], [ 117.2507071, -0.5516039 ], [ 117.2508118, -0.5515127 ], [ 117.250935100000021, -0.5513947 ], [ 117.25098610000002, -0.5513008 ], [ 117.251096099999984, -0.5510755 ], [ 117.2511309, -0.5509199 ], [ 117.2511712, -0.5507617 ], [ 117.2512221, -0.5505927 ], [ 117.2512999, -0.5504237 ], [ 117.2514823, -0.5503433 ], [ 117.2516674, -0.5503513 ], [ 117.251685247806307, -0.550355814067811 ] ], [ [ 117.252022473754067, -0.554229500997551 ], [ 117.25219850000002, -0.5542484 ], [ 117.2524211, -0.5542028 ], [ 117.2526383, -0.5541196 ], [ 117.2530353, -0.5539534 ], [ 117.2532231, -0.5538488 ], [ 117.253424200000012, -0.5537522 ], [ 117.2535583, -0.5537227 ], [ 117.253607736454526, -0.5537554 ] ], [ [ 117.254317471083283, -0.555836286641637 ], [ 117.2543335, -0.5558415 ], [ 117.2545293, -0.5558389 ], [ 117.254701, -0.5556994 ], [ 117.2547895, -0.555458 ], [ 117.2549343, -0.5549752 ], [ 117.255041600000013, -0.5547473 ], [ 117.255138200000019, -0.5546373 ], [ 117.255334, -0.5545783 ], [ 117.2554708, -0.554581 ], [ 117.255474676937681, -0.554581991931141 ] ], [ [ 117.256138233951177, -0.554824370144493 ], [ 117.256334400000014, -0.5549028 ], [ 117.256549, -0.554994 ], [ 117.2567716, -0.5550557 ], [ 117.25698079999998, -0.5550745 ], [ 117.2570667, -0.5549726 ], [ 117.2571471, -0.554766 ], [ 117.2571042, -0.5545568 ], [ 117.256948600000015, -0.5543369 ], [ 117.2567099, -0.5540821 ], [ 117.25650610000001, -0.5539587 ], [ 117.2559911, -0.553653 ], [ 117.25576580000002, -0.5535242 ], [ 117.2555593, -0.5534035 ], [ 117.2553983, -0.5532694 ], [ 117.25526960000002, -0.5531031 ], [ 117.2551623, -0.5529288 ], [ 117.2550845, -0.5527545 ], [ 117.255004, -0.5525721 ], [ 117.2549424, -0.5524058 ], [ 117.254856500000017, -0.5521081 ], [ 117.2547975, -0.5518801 ], [ 117.2547358, -0.5515448 ], [ 117.254684900000015, -0.5510567 ], [ 117.2546875, -0.5508958 ], [ 117.2547466, -0.5506812 ], [ 117.2548699, -0.5505203 ], [ 117.25511130000001, -0.5504532 ], [ 117.255287162117, -0.5504532 ] ], [ [ 117.259193183677922, -0.554477947259609 ], [ 117.259200299999989, -0.5544757 ], [ 117.259427, -0.5544039 ], [ 117.259778400000016, -0.5541411 ], [ 117.2599661, -0.5539453 ], [ 117.260237, -0.5536154 ], [ 117.260365800000017, -0.5534411 ], [ 117.2605133, -0.553256 ], [ 117.260693, -0.5531005 ], [ 117.260859300000021, -0.5529824 ], [ 117.2610632, -0.552851 ], [ 117.261393100000021, -0.5528162 ], [ 117.261537899999979, -0.5529154 ], [ 117.261548745130114, -0.552936448114378 ] ] ] } },
{ "type": "Feature", "properties": { "osm_id": 576142030, "osm_type": "ways_line", "name": null, "waterway": "canal" }, "geometry": { "type": "MultiLineString", "coordinates": [ [ [ 117.2025711, -0.5758227 ], [ 117.2036735, -0.5739868 ], [ 117.2040557, -0.573492 ], [ 117.204110700000015, -0.5732667 ], [ 117.204332, -0.5728657 ], [ 117.2045788, -0.5725452 ], [ 117.2053016, -0.5712725 ], [ 117.2055832, -0.5708622 ], [ 117.2056047, -0.5707629 ], [ 117.205747099999982, -0.5706172 ], [ 117.2075582, -0.5661879 ] ] ] } },
{ "type": "Feature", "properties": { "osm_id": 792501149, "osm_type": "ways_line", "name": null, "waterway": "river" }, "geometry": { "type": "MultiLineString", "coordinates": [ [ [ 117.14640940000001, -0.6150831 ], [ 117.1464926, -0.6144153 ], [ 117.1465704, -0.6140532 ], [ 117.146648200000016, -0.6138279 ], [ 117.1467072, -0.6137072 ], [ 117.146734, -0.6135409 ], [ 117.146739400000016, -0.61338 ], [ 117.146699100000021, -0.6132137 ], [ 117.1466026, -0.6129911 ], [ 117.146578399999981, -0.6128758 ], [ 117.1465757, -0.6125083 ], [ 117.146607900000021, -0.6122428 ], [ 117.146852, -0.6112799 ], [ 117.147042499999984, -0.6105933 ], [ 117.147131, -0.610081 ], [ 117.14716580000001, -0.6097914 ], [ 117.1471578, -0.6096573 ], [ 117.14716580000001, -0.6095661 ], [ 117.1472517, -0.609314 ], [ 117.1473616, -0.6090753 ], [ 117.147477, -0.6088312 ], [ 117.147536, -0.6087025 ], [ 117.1475655, -0.6084691 ], [ 117.1475655, -0.6083511 ], [ 117.147566800000021, -0.6082492 ], [ 117.147603, -0.6081017 ], [ 117.14762180000001, -0.6080051 ], [ 117.14762180000001, -0.607922 ], [ 117.147599, -0.6078415 ], [ 117.147570800000011, -0.6077664 ], [ 117.1475641, -0.6077235 ], [ 117.147568199999981, -0.6076685 ], [ 117.147595, -0.6074969 ], [ 117.147671399999979, -0.6071777 ], [ 117.1477747, -0.6064415 ], [ 117.1478069, -0.6062591 ], [ 117.1478552, -0.6060606 ], [ 117.1478552, -0.6058675 ], [ 117.147801500000014, -0.6057254 ], [ 117.147721, -0.6056154 ], [ 117.1473549, -0.6052051 ], [ 117.147308, -0.6051326 ], [ 117.1471041, -0.6046982 ], [ 117.1470612, -0.6045574 ], [ 117.1470398, -0.6045104 ], [ 117.1469164, -0.6043495 ], [ 117.146819800000017, -0.6041564 ], [ 117.1467662, -0.6039096 ], [ 117.1467501, -0.6036092 ], [ 117.146739400000016, -0.6033571 ], [ 117.146691100000012, -0.6030836 ], [ 117.146675, -0.6026598 ], [ 117.1464711, -0.6013027 ], [ 117.146192199999987, -0.5999348 ], [ 117.14602050000002, -0.5986206 ], [ 117.1460058, -0.5985321 ], [ 117.1460178, -0.5979877 ], [ 117.1459776, -0.5978589 ], [ 117.1457255, -0.5972795 ], [ 117.1456128, -0.5969229 ], [ 117.145586, -0.596711 ], [ 117.145569900000012, -0.5952224 ], [ 117.1455458, -0.5941469 ], [ 117.145575300000019, -0.5930312 ], [ 117.145596699999984, -0.5928837 ], [ 117.1456531, -0.5927576 ], [ 117.1459347, -0.5923178 ], [ 117.1462034, -0.5919302 ] ] ] } },
{ "type": "Feature", "properties": { "osm_id": 576132026, "osm_type": "ways_line", "name": null, "waterway": "canal" }, "geometry": { "type": "MultiLineString", "coordinates": [ [ [ 117.2332795, -0.5936105 ], [ 117.233318399999987, -0.593052 ], [ 117.2332147, -0.5899998 ], [ 117.233132, -0.5888686 ], [ 117.2331655, -0.5885347 ], [ 117.233207099999987, -0.588406 ], [ 117.233341200000012, -0.5882853 ], [ 117.2336948, -0.588129 ], [ 117.2341186, -0.5876516 ], [ 117.23513650000001, -0.5857996 ], [ 117.235727899999986, -0.5849803 ], [ 117.236483, -0.5837143 ], [ 117.236875, -0.5833744 ], [ 117.2369327, -0.5831424 ], [ 117.2369353, -0.5827937 ], [ 117.2373452, -0.5804075 ], [ 117.238166906777778, -0.574782230486698 ] ] ] } },
{ "type": "Feature", "properties": { "osm_id": 355926192, "osm_type": "ways_line", "name": null, "waterway": "canal" }, "geometry": { "type": "MultiLineString", "coordinates": [ [ [ 117.1595094, -0.6200564 ], [ 117.1598551, -0.6180255 ], [ 117.1602776, -0.6161339 ], [ 117.1602776, -0.6159899 ], [ 117.1602536, -0.6153034 ], [ 117.1602488, -0.6150393 ], [ 117.1602104, -0.6150105 ], [ 117.159106100000017, -0.6148329 ], [ 117.158986, -0.61478 ], [ 117.15877, -0.614564 ], [ 117.1585923, -0.614468 ], [ 117.1584147, -0.6143528 ], [ 117.1578721, -0.6138823 ], [ 117.157377600000018, -0.6133349 ], [ 117.1571087, -0.6132053 ], [ 117.1563693, -0.6128356 ], [ 117.1560909, -0.6125284 ], [ 117.155898800000017, -0.6123123 ], [ 117.1558556, -0.6120051 ], [ 117.1557692, -0.611741 ], [ 117.155711600000018, -0.6115538 ], [ 117.155735600000014, -0.6111409 ], [ 117.155913200000015, -0.6109056 ], [ 117.1560092, -0.6105119 ], [ 117.1559612, -0.6102383 ], [ 117.155846, -0.6094749 ], [ 117.1558652, -0.6090812 ], [ 117.15578840000002, -0.6089276 ], [ 117.155716400000017, -0.608654 ], [ 117.1556539, -0.6081546 ], [ 117.1555483, -0.6079434 ], [ 117.1554763, -0.6076505 ], [ 117.1555147, -0.6070408 ], [ 117.1554763, -0.6068584 ], [ 117.1555195, -0.6066135 ], [ 117.1555746, -0.6056557 ] ] ] } },
{ "type": "Feature", "properties": { "osm_id": 575406082, "osm_type": "ways_line", "name": null, "waterway": "river" }, "geometry": { "type": "MultiLineString", "coordinates": [ [ [ 117.214846, -0.4000697 ], [ 117.214773599999987, -0.4002252 ], [ 117.214846, -0.400421 ], [ 117.2148997, -0.4005176 ], [ 117.21493719999998, -0.4006785 ], [ 117.2149131, -0.4007804 ], [ 117.214867500000011, -0.4008395 ], [ 117.2146368, -0.4009414 ], [ 117.2145268, -0.4010889 ], [ 117.2145188, -0.4012096 ], [ 117.2143686, -0.4012981 ], [ 117.2143015, -0.4013544 ], [ 117.21408959999998, -0.4013571 ], [ 117.213875099999981, -0.4014108 ], [ 117.2136202, -0.4014027 ], [ 117.2134566, -0.4014456 ], [ 117.2132421, -0.4015636 ], [ 117.2129738, -0.4017675 ], [ 117.212885299999982, -0.4018855 ], [ 117.212874600000021, -0.402025 ], [ 117.2128692, -0.4021457 ], [ 117.2128478, -0.402261 ], [ 117.212713699999981, -0.4023361 ], [ 117.2125447, -0.4024139 ], [ 117.2124588, -0.4025104 ], [ 117.2123435, -0.4025963 ], [ 117.21222010000001, -0.4025989 ], [ 117.2121665, -0.4025399 ], [ 117.2121692, -0.4024246 ], [ 117.2122014, -0.4021752 ], [ 117.2121638, -0.4020706 ], [ 117.212078, -0.4020022 ], [ 117.211926399999982, -0.4020746 ] ] ] } },
{ "type": "Feature", "properties": { "osm_id": 581863755, "osm_type": "ways_line", "name": null, "waterway": "river" }, "geometry": { "type": "MultiLineString", "coordinates": [ [ [ 117.2241989, -0.3942199 ], [ 117.224035300000011, -0.3942977 ], [ 117.2239467, -0.3944694 ], [ 117.223801900000012, -0.3946249 ], [ 117.2235712, -0.3948449 ], [ 117.2233781, -0.3950004 ], [ 117.2230589, -0.3951023 ], [ 117.2228122, -0.3952123 ] ] ] } },
{ "type": "Feature", "properties": { "osm_id": 627688906, "osm_type": "ways_line", "name": null, "waterway": "river" }, "geometry": { "type": "MultiLineString", "coordinates": [ [ [ 117.1507095, -0.5548782 ], [ 117.150922099999988, -0.5544377 ], [ 117.1511535, -0.5538352 ], [ 117.15203750000002, -0.5515329 ], [ 117.15219, -0.551402 ], [ 117.15251, -0.5513543 ], [ 117.1526656, -0.5509926 ], [ 117.152872, -0.5509048 ], [ 117.1529453, -0.5506411 ], [ 117.15312, -0.5500128 ], [ 117.153318699999986, -0.5495652 ], [ 117.1536083, -0.5493218 ], [ 117.153664600000013, -0.5492385 ], [ 117.1537457, -0.5491184 ], [ 117.1541432, -0.5488027 ], [ 117.1545699, -0.5485696 ], [ 117.1546929, -0.5481812 ], [ 117.1548383, -0.5479482 ], [ 117.1549959, -0.5478054 ], [ 117.1551428, -0.5474084 ], [ 117.155155100000016, -0.5472651 ], [ 117.155329199999983, -0.5470372 ], [ 117.155395499999983, -0.546783 ], [ 117.1555264, -0.5465281 ], [ 117.155534099999983, -0.5463063 ], [ 117.1554925, -0.5462435 ], [ 117.1554864, -0.546091 ], [ 117.1555834, -0.5459046 ], [ 117.15570360000001, -0.5454698 ], [ 117.1575822, -0.5445229 ], [ 117.157817899999984, -0.5443689 ], [ 117.158042800000018, -0.544298 ], [ 117.1588701, -0.5438714 ], [ 117.1592568, -0.5437159 ], [ 117.159798800000019, -0.5434016 ], [ 117.160029900000012, -0.5433123 ], [ 117.1602071, -0.5431813 ], [ 117.160330299999984, -0.5433307 ], [ 117.1606538, -0.5432183 ], [ 117.160806300000019, -0.5431222 ], [ 117.160888, -0.5430172 ], [ 117.160892, -0.5429736 ], [ 117.160689300000016, -0.5423689 ], [ 117.160718499999987, -0.5422349 ], [ 117.1608572, -0.5421686 ], [ 117.1611992, -0.5422192 ], [ 117.161482399999983, -0.5421415 ], [ 117.161985, -0.5415085 ], [ 117.164006700000016, -0.5394568 ] ] ] } },
{ "type": "Feature", "properties": { "osm_id": 578989051, "osm_type": "ways_line", "name": null, "waterway": "canal" }, "geometry": { "type": "MultiLineString", "coordinates": [ [ [ 117.2472739, -0.5372708 ], [ 117.247166600000014, -0.5396632 ], [ 117.24696280000002, -0.5442871 ], [ 117.24678040000002, -0.549426 ] ] ] } },
{ "type": "Feature", "properties": { "osm_id": 578996717, "osm_type": "ways_line", "name": null, "waterway": "canal" }, "geometry": { "type": "MultiLineString", "coordinates": [ [ [ 117.2520854, -0.5488946 ], [ 117.2520581, -0.5495229 ], [ 117.252021900000017, -0.5503076 ], [ 117.252018882010304, -0.550367588349031 ] ] ] } },
{ "type": "Feature", "properties": { "osm_id": 363551095, "osm_type": "ways_line", "name": null, "waterway": "canal" }, "geometry": { "type": "MultiLineString", "coordinates": [ [ [ 117.2347507, -0.5565603 ], [ 117.234694399999981, -0.5570002 ], [ 117.234573700000013, -0.5592424 ], [ 117.2361749, -0.5613049 ], [ 117.236483399999983, -0.5620693 ], [ 117.2365075, -0.5623483 ], [ 117.2363676, -0.5641401 ], [ 117.2363907, -0.566176 ], [ 117.2366986, -0.5666295 ], [ 117.235576399999985, -0.5692777 ], [ 117.2354228, -0.5703347 ], [ 117.2350866, -0.5736997 ] ] ] } },
{ "type": "Feature", "properties": { "osm_id": 580673571, "osm_type": "ways_line", "name": null, "waterway": "river" }, "geometry": { "type": "MultiLineString", "coordinates": [ [ [ 117.2211016, -0.5622363 ], [ 117.2202963, -0.5640206 ], [ 117.219981100000012, -0.5641252 ], [ 117.219797400000019, -0.5641372 ], [ 117.2196284, -0.5644323 ], [ 117.2197813, -0.5647313 ], [ 117.2200656, -0.5647756 ], [ 117.2201474, -0.5648332 ], [ 117.2203625, -0.5657627 ], [ 117.2192604, -0.5701453 ] ] ] } },
{ "type": "Feature", "properties": { "osm_id": 500031322, "osm_type": "ways_line", "name": null, "waterway": "river" }, "geometry": { "type": "MultiLineString", "coordinates": [ [ [ 117.1378875, -0.5088633 ], [ 117.1379229, -0.5087049 ], [ 117.1379725, -0.5086651 ], [ 117.1380866, -0.5083589 ], [ 117.138131700000017, -0.5078431 ], [ 117.1381264, -0.5078095 ], [ 117.13803710000002, -0.5077794 ], [ 117.13803489999998, -0.5077281 ], [ 117.1380557, -0.5076973 ], [ 117.1381954, -0.5075892 ], [ 117.138206, -0.5075494 ], [ 117.1381406, -0.5074211 ], [ 117.13815120000001, -0.5073565 ], [ 117.1384216, -0.5068546 ], [ 117.1384578, -0.5065844 ], [ 117.1385795, -0.5064786 ], [ 117.1386096, -0.5063901 ], [ 117.13862, -0.5062828 ], [ 117.139067200000014, -0.5039661 ] ] ] } },
{ "type": "Feature", "properties": { "osm_id": 797806545, "osm_type": "ways_line", "name": null, "waterway": "river" }, "geometry": { "type": "MultiLineString", "coordinates": [ [ [ 117.092248612163175, -0.578407115726611 ], [ 117.092206554467126, -0.578540256657096 ] ] ] } },
{ "type": "Feature", "properties": { "osm_id": 432043915, "osm_type": "ways_line", "name": null, "waterway": "canal" }, "geometry": { "type": "MultiLineString", "coordinates": [ [ [ 117.1556848, -0.4030127 ], [ 117.155751899999984, -0.4027981 ], [ 117.1557894, -0.4026291 ], [ 117.1558417, -0.4025527 ], [ 117.1559638, -0.4024762 ], [ 117.156016100000016, -0.4023985 ], [ 117.1560329, -0.4023649 ] ] ] } },
{ "type": "Feature", "properties": { "osm_id": 578989048, "osm_type": "ways_line", "name": null, "waterway": "canal" }, "geometry": { "type": "MultiLineString", "coordinates": [ [ [ 117.2361749, -0.5613049 ], [ 117.236238, -0.5612956 ], [ 117.237830248052049, -0.561550415478959 ] ] ] } },
{ "type": "Feature", "properties": { "osm_id": 578996728, "osm_type": "ways_line", "name": null, "waterway": "canal" }, "geometry": { "type": "MultiLineString", "coordinates": [ [ [ 117.2486911, -0.5504664 ], [ 117.248410899999982, -0.5506207 ], [ 117.248305800000011, -0.5506907 ], [ 117.2482336, -0.5507356 ], [ 117.2481143, -0.5508243 ], [ 117.248018, -0.550891 ], [ 117.2479315, -0.5509512 ], [ 117.2478319, -0.5510399 ], [ 117.2476764, -0.5511986 ], [ 117.2472583, -0.5516134 ], [ 117.246873, -0.5519954 ], [ 117.246825, -0.5520356 ], [ 117.246786599999979, -0.5520677 ] ] ] } },
{ "type": "Feature", "properties": { "osm_id": 574606429, "osm_type": "ways_line", "name": null, "waterway": "river" }, "geometry": { "type": "MultiLineString", "coordinates": [ [ [ 117.2313335, -0.5199175 ], [ 117.231974599999987, -0.5202019 ], [ 117.2324467, -0.5205345 ], [ 117.232747100000012, -0.5209958 ], [ 117.233047500000012, -0.5214571 ], [ 117.2336912, -0.5218219 ], [ 117.234066699999985, -0.5217897 ], [ 117.234613900000014, -0.521897 ], [ 117.235289800000018, -0.5221652 ], [ 117.2360515, -0.5226587 ], [ 117.236191, -0.5224012 ], [ 117.2361052, -0.5218112 ], [ 117.2361159, -0.5209636 ], [ 117.2361267, -0.5203199 ], [ 117.2361052, -0.5197621 ], [ 117.2361374, -0.5190647 ], [ 117.2363305, -0.5183995 ], [ 117.2364807, -0.5175949 ], [ 117.2366524, -0.5170478 ], [ 117.236824, -0.5167474 ], [ 117.2371781, -0.5165972 ], [ 117.237424800000014, -0.5166294 ], [ 117.237789600000013, -0.5168868 ], [ 117.2385406, -0.5172194 ], [ 117.2391093, -0.5176378 ], [ 117.239141500000017, -0.5182601 ], [ 117.238841, -0.5193007 ], [ 117.2386694, -0.5202985 ], [ 117.238422600000021, -0.5222832 ], [ 117.2379398, -0.52415 ], [ 117.2373176, -0.5252228 ], [ 117.236716700000017, -0.5262313 ], [ 117.2361242, -0.5271568 ] ] ] } },
{ "type": "Feature", "properties": { "osm_id": 577381139, "osm_type": "ways_line", "name": null, "waterway": "river" }, "geometry": { "type": "MultiLineString", "coordinates": [ [ [ 117.1503282, -0.5245147 ], [ 117.150426100000018, -0.5245241 ], [ 117.150466300000019, -0.5245724 ], [ 117.1507131, -0.524618 ], [ 117.151012099999988, -0.5246395 ], [ 117.15122, -0.5244799 ], [ 117.151359500000012, -0.5244262 ], [ 117.1515861, -0.5244209 ], [ 117.1517792, -0.5244316 ], [ 117.1519566, -0.5244605 ] ] ] } },
{ "type": "Feature", "properties": { "osm_id": 581495021, "osm_type": "ways_line", "name": null, "waterway": "river" }, "geometry": { "type": "MultiLineString", "coordinates": [ [ [ 117.2134861, -0.5927093 ], [ 117.2134647, -0.5926477 ], [ 117.2134244, -0.5925779 ], [ 117.213400300000018, -0.5925162 ], [ 117.2133976, -0.5924706 ], [ 117.213462, -0.5924331 ], [ 117.21358, -0.5923848 ], [ 117.213631, -0.5923473 ], [ 117.213698, -0.5922722 ], [ 117.2137624, -0.5922427 ], [ 117.2138992, -0.5922507 ], [ 117.214017200000015, -0.5922427 ], [ 117.2141057, -0.5922346 ], [ 117.2141942, -0.5922051 ], [ 117.2142988, -0.5921381 ], [ 117.214371299999982, -0.5920764 ], [ 117.2143954, -0.5920308 ], [ 117.2143954, -0.591961 ], [ 117.214382, -0.5918886 ], [ 117.2144061, -0.5918377 ], [ 117.214492, -0.5918028 ], [ 117.214542899999984, -0.5917666 ], [ 117.214584500000015, -0.5917398 ], [ 117.2146288, -0.5916995 ], [ 117.214673, -0.591666 ], [ 117.2146945, -0.5916459 ], [ 117.2147414, -0.591603 ], [ 117.214783, -0.5915775 ], [ 117.2148179, -0.591548 ], [ 117.2148541, -0.5915319 ], [ 117.2148809, -0.5915534 ], [ 117.214907700000012, -0.5915923 ], [ 117.214915800000014, -0.5916352 ], [ 117.214938500000017, -0.5916821 ], [ 117.2149654, -0.5917344 ], [ 117.2149895, -0.591772 ], [ 117.2150096, -0.591835 ], [ 117.2150311, -0.5918873 ], [ 117.2150633, -0.5919503 ], [ 117.215088800000018, -0.5919959 ], [ 117.215125, -0.5920804 ], [ 117.2151625, -0.5921555 ], [ 117.21518930000002, -0.5921984 ], [ 117.2152148, -0.592252 ], [ 117.2152349, -0.5923043 ], [ 117.2152644, -0.5923526 ], [ 117.2152886, -0.5923969 ] ] ] } },
{ "type": "Feature", "properties": { "osm_id": 797843257, "osm_type": "ways_line", "name": null, "waterway": "river" }, "geometry": { "type": "MultiLineString", "coordinates": [ [ [ 117.1462034, -0.5919302 ], [ 117.146405800000011, -0.5917674 ], [ 117.14658780000002, -0.5915748 ] ] ] } },
{ "type": "Feature", "properties": { "osm_id": 564320128, "osm_type": "ways_line", "name": null, "waterway": "river" }, "geometry": { "type": "MultiLineString", "coordinates": [ [ [ 117.1471712, -0.5912919 ], [ 117.14761780000002, -0.59108 ], [ 117.148193099999986, -0.5905369 ], [ 117.148418400000011, -0.5903598 ], [ 117.1485633, -0.5901077 ], [ 117.148633, -0.5895552 ], [ 117.1487135, -0.5890242 ], [ 117.1487993, -0.5887184 ], [ 117.1490729, -0.5881337 ], [ 117.149094300000016, -0.5877904 ], [ 117.149207, -0.587549 ], [ 117.1494806, -0.5871306 ], [ 117.1498883, -0.5867391 ], [ 117.15021010000001, -0.5864387 ], [ 117.1503711, -0.5862187 ], [ 117.1508592, -0.5854356 ], [ 117.15124010000001, -0.5849099 ], [ 117.151599500000017, -0.584293 ], [ 117.152591900000019, -0.5827106 ], [ 117.1527958, -0.5824263 ], [ 117.1529782, -0.5821205 ], [ 117.153128400000014, -0.5820883 ], [ 117.153756, -0.5818577 ], [ 117.1543837, -0.5815788 ], [ 117.155081, -0.5815895 ], [ 117.1555585, -0.581509 ], [ 117.1559554, -0.5815251 ], [ 117.1563148, -0.581627 ], [ 117.1565777, -0.5816056 ], [ 117.157006899999985, -0.5814768 ], [ 117.1578008, -0.5810853 ], [ 117.1585089, -0.580581 ], [ 117.1598339, -0.5795672 ], [ 117.1604884, -0.5790308 ], [ 117.1611965, -0.5781993 ], [ 117.1615505, -0.577738 ] ] ] } },
{ "type": "Feature", "properties": { "osm_id": 971371826, "osm_type": "ways_line", "name": "Sungai Hulu Karang Mumus", "waterway": "river" }, "geometry": { "type": "MultiLineString", "coordinates": [ [ [ 117.227217300000021, -0.3918025 ], [ 117.2271187, -0.3917648 ], [ 117.226812, -0.3919827 ], [ 117.226154400000013, -0.3923499 ], [ 117.2254039, -0.3923499 ], [ 117.2249167, -0.392388 ], [ 117.2248914, -0.3926444 ], [ 117.22504880000001, -0.3928623 ], [ 117.2252505, -0.392939 ], [ 117.225356099999985, -0.3930657 ], [ 117.2253393, -0.3933489 ], [ 117.225085400000012, -0.3933825 ], [ 117.224810600000012, -0.3933238 ], [ 117.2246847, -0.3935042 ], [ 117.2244748, -0.393479 ], [ 117.224359399999983, -0.3936112 ], [ 117.224393, -0.3938357 ], [ 117.2247036, -0.3939679 ], [ 117.2248546, -0.394205 ], [ 117.2246217, -0.3942973 ], [ 117.2241989, -0.3942199 ] ] ] } },
{ "type": "Feature", "properties": { "osm_id": 580673570, "osm_type": "ways_line", "name": null, "waterway": "river" }, "geometry": { "type": "MultiLineString", "coordinates": [ [ [ 117.2218654, -0.5586792 ], [ 117.2215828, -0.5591579 ], [ 117.221648099999982, -0.5594329 ], [ 117.221615900000018, -0.5600229 ], [ 117.2215837, -0.5607042 ], [ 117.22154620000002, -0.5611467 ], [ 117.2214697, -0.5613814 ], [ 117.2213751, -0.5616406 ], [ 117.2212887, -0.5618105 ], [ 117.2211834, -0.562072 ], [ 117.221136800000011, -0.5621649 ], [ 117.2211016, -0.5622363 ] ] ] } },
{ "type": "Feature", "properties": { "osm_id": 833671180, "osm_type": "ways_line", "name": null, "waterway": "canal" }, "geometry": { "type": "MultiLineString", "coordinates": [ [ [ 117.155582600000017, -0.6055993 ], [ 117.1556014, -0.6053459 ] ] ] } },
{ "type": "Feature", "properties": { "osm_id": 326322678, "osm_type": "ways_line", "name": "Sungai Sanga-Sanga", "waterway": "river" }, "geometry": { "type": "MultiLineString", "coordinates": [ [ [ 117.18978277152388, -0.692256935317183 ], [ 117.189703, -0.6922291 ], [ 117.1899176, -0.6900835 ], [ 117.190338399999987, -0.6887693 ], [ 117.1904325, -0.6862858 ], [ 117.190536400000013, -0.6835446 ], [ 117.1911699, -0.6817432 ], [ 117.1919769, -0.6813482 ], [ 117.194436256206501, -0.679230303309891 ] ], [ [ 117.198672812410564, -0.675652278767934 ], [ 117.199734800000016, -0.6747741 ], [ 117.2021789, -0.6729364 ], [ 117.202648204080418, -0.672541881406184 ] ], [ [ 117.204016201080691, -0.671204702262989 ], [ 117.2041326, -0.6710877 ], [ 117.204350482796997, -0.671091619533813 ] ], [ [ 117.206375126585954, -0.67112804122432 ], [ 117.2068509, -0.6711366 ], [ 117.208845740861747, -0.671287748477936 ] ], [ [ 117.209942804209902, -0.671109792943026 ], [ 117.213097473434843, -0.669954991192869 ] ], [ [ 117.215774161552801, -0.668706990610386 ], [ 117.218863200000015, -0.6671959 ], [ 117.2233859, -0.6638491 ], [ 117.224463105383123, -0.663159337019254 ] ], [ [ 117.229769508718363, -0.657000610731087 ], [ 117.2303162, -0.6561116 ], [ 117.2326519, -0.6523806 ], [ 117.2333485, -0.6490582 ], [ 117.232223200000021, -0.6457627 ], [ 117.23007960000001, -0.6419581 ], [ 117.2283, -0.6393932 ], [ 117.228265763272944, -0.639169332208605 ] ], [ [ 117.228198025407778, -0.638726406509603 ], [ 117.2281712, -0.638551 ], [ 117.2281712, -0.6379663 ], [ 117.228182, -0.6373816 ], [ 117.228369700000016, -0.6364697 ], [ 117.229297799999983, -0.6357456 ], [ 117.230510100000018, -0.6352199 ], [ 117.2333218, -0.6346075 ], [ 117.2371137, -0.6341793 ], [ 117.237162951303688, -0.634170501220708 ] ], [ [ 117.239414900931692, -0.633470219184086 ], [ 117.2409583, -0.632866 ], [ 117.243021642014014, -0.631459227608578 ] ], [ [ 117.243590608043547, -0.630770495816042 ], [ 117.2467409, -0.6251692 ], [ 117.2471953, -0.6247866 ], [ 117.248163724834086, -0.623971033030346 ] ], [ [ 117.248817800271993, -0.623420198000014 ], [ 117.2488837, -0.6233647 ], [ 117.249245712804623, -0.62320829260984 ] ], [ [ 117.251742077020538, -0.622129740119651 ], [ 117.2526298, -0.6217462 ], [ 117.255936592046254, -0.620947869489692 ] ], [ [ 117.256998815208675, -0.620540143766945 ], [ 117.2601328, -0.6187075 ], [ 117.2617149, -0.6171965 ], [ 117.264103349146538, -0.615378777837893 ] ], [ [ 117.265121840786122, -0.614324793590635 ], [ 117.269272468108753, -0.60945233241455 ] ], [ [ 117.269483469667193, -0.609156329790509 ], [ 117.270071968370843, -0.606696441806328 ] ], [ [ 117.270188494218417, -0.605098354300783 ], [ 117.2700999, -0.6001784 ], [ 117.270255, -0.5976165 ], [ 117.270633138293263, -0.597235760411431 ] ], [ [ 117.270842161566208, -0.597025299222067 ], [ 117.2717668, -0.5960943 ], [ 117.273524600000016, -0.5959659 ], [ 117.273957940135887, -0.596113890335548 ] ] ] } },
{ "type": "Feature", "properties": { "osm_id": 549675526, "osm_type": "ways_line", "name": null, "waterway": "canal" }, "geometry": { "type": "MultiLineString", "coordinates": [ [ [ 117.1455833, -0.5133964 ], [ 117.145989900000018, -0.5129307 ], [ 117.1466481, -0.5121426 ], [ 117.1468695, -0.5118419 ], [ 117.147028099999986, -0.5116437 ], [ 117.147262900000015, -0.5113663 ], [ 117.1474031, -0.5111935 ], [ 117.1497226, -0.5078301 ] ] ] } },
{ "type": "Feature", "properties": { "osm_id": 577948129, "osm_type": "ways_line", "name": null, "waterway": "canal" }, "geometry": { "type": "MultiLineString", "coordinates": [ [ [ 117.182163300000013, -0.5296393 ], [ 117.1818475, -0.5299842 ], [ 117.1812976, -0.5305293 ], [ 117.1809241, -0.5309518 ], [ 117.1806639, -0.53122 ], [ 117.180320599999988, -0.5315539 ], [ 117.179666200000014, -0.5322459 ], [ 117.1794455, -0.5324645 ], [ 117.178916499999985, -0.5329995 ], [ 117.178613400000017, -0.5333268 ], [ 117.1781903, -0.5337693 ], [ 117.177545900000013, -0.5344318 ], [ 117.177272300000013, -0.5347328 ], [ 117.1763469, -0.5356723 ], [ 117.175886899999981, -0.5361255 ], [ 117.1753076, -0.5367464 ], [ 117.175156, -0.5369141 ], [ 117.1746585, -0.5373874 ], [ 117.1734273, -0.5386936 ], [ 117.1733268, -0.5388157 ], [ 117.1732342, -0.5388961 ], [ 117.1731001, -0.5390262 ], [ 117.1728104, -0.5393373 ], [ 117.1725543, -0.5395546 ] ] ] } },
{ "type": "Feature", "properties": { "osm_id": 578989031, "osm_type": "ways_line", "name": null, "waterway": "canal" }, "geometry": { "type": "MultiLineString", "coordinates": [ [ [ 117.259200299999989, -0.5544757 ], [ 117.259199359240895, -0.554479302295211 ] ] ] } },
{ "type": "Feature", "properties": { "osm_id": 191817215, "osm_type": "ways_line", "name": null, "waterway": "river" }, "geometry": { "type": "MultiLineString", "coordinates": [ [ [ 117.1485257, -0.571934 ], [ 117.148788599999989, -0.5715129 ], [ 117.149062200000017, -0.5712581 ], [ 117.1493492, -0.5708961 ], [ 117.1494511, -0.5706976 ], [ 117.149545, -0.5705152 ], [ 117.149601300000015, -0.5703301 ], [ 117.149649600000018, -0.5701639 ], [ 117.1496978, -0.5700512 ], [ 117.1497649, -0.5699546 ], [ 117.1498427, -0.5699064 ], [ 117.1500143, -0.5698796 ], [ 117.15024769999998, -0.569901 ], [ 117.150556699999981, -0.5699334 ], [ 117.150814600000018, -0.5698915 ], [ 117.151117699999986, -0.5699269 ], [ 117.151478800000021, -0.5698206 ], [ 117.152281700000017, -0.5695497 ], [ 117.152620200000015, -0.5693466 ], [ 117.153681, -0.5684761 ], [ 117.153993700000015, -0.5682859 ], [ 117.154158199999983, -0.5682117 ], [ 117.1543613, -0.5681988 ], [ 117.1545156, -0.5682242 ], [ 117.1547436, -0.5683291 ], [ 117.154967, -0.5684613 ], [ 117.1551358, -0.5686164 ], [ 117.1551586, -0.5688261 ], [ 117.1552087, -0.5690404 ], [ 117.155389400000018, -0.5692469 ] ] ] } },
{ "type": "Feature", "properties": { "osm_id": 579354205, "osm_type": "ways_line", "name": null, "waterway": "river" }, "geometry": { "type": "MultiLineString", "coordinates": [ [ [ 117.091468370863439, -0.578184000787115 ], [ 117.0914054, -0.5781108 ], [ 117.0912981, -0.5780143 ], [ 117.0912123, -0.5779311 ], [ 117.0910996, -0.5777702 ], [ 117.0910513, -0.5777112 ], [ 117.090871599999986, -0.5776602 ], [ 117.090788809434258, -0.577649225277116 ] ], [ [ 117.090733428370754, -0.577617303216384 ], [ 117.0906812, -0.5775369 ], [ 117.090653472579035, -0.577441122908544 ] ], [ [ 117.090690513617247, -0.577320122183714 ], [ 117.090712870801298, -0.57730478882211 ] ], [ [ 117.090991551861705, -0.577267 ], [ 117.091054, -0.5772821 ], [ 117.0911694, -0.5772713 ], [ 117.091282, -0.5771721 ], [ 117.0912981, -0.5770675 ], [ 117.091231, -0.5770434 ], [ 117.0911586, -0.5769951 ], [ 117.0910192, -0.5768905 ], [ 117.090871599999986, -0.5768583 ], [ 117.0907965, -0.5768932 ], [ 117.090759101194024, -0.576916 ] ], [ [ 117.090496931463633, -0.576864182778971 ], [ 117.0904425, -0.5768047 ], [ 117.0903325, -0.5767188 ], [ 117.09022520000002, -0.5767537 ], [ 117.090034800000012, -0.5768771 ], [ 117.089884087990214, -0.577011666242535 ] ], [ [ 117.08906259109537, -0.577224555880626 ], [ 117.088830500000014, -0.5771748 ], [ 117.08876069999998, -0.5771909 ], [ 117.088700568146777, -0.577271706558022 ] ], [ [ 117.085795764846154, -0.576884470944713 ], [ 117.085531799999984, -0.576791 ], [ 117.0822069, -0.5755627 ] ] ] } },
{ "type": "Feature", "properties": { "osm_id": 574625991, "osm_type": "ways_line", "name": null, "waterway": "river" }, "geometry": { "type": "MultiLineString", "coordinates": [ [ [ 117.252511200000015, -0.5369152 ], [ 117.252391599999982, -0.540028 ], [ 117.2522521, -0.5456174 ], [ 117.252118, -0.5487877 ] ] ] } },
{ "type": "Feature", "properties": { "osm_id": 191817223, "osm_type": "ways_line", "name": null, "waterway": "canal" }, "geometry": { "type": "MultiLineString", "coordinates": [ [ [ 117.1342634, -0.5833197 ], [ 117.1367118, -0.5805649 ], [ 117.1371495, -0.580068 ], [ 117.137341, -0.5799084 ], [ 117.1375006, -0.57984 ], [ 117.1377058, -0.5798035 ], [ 117.1381846, -0.5797989 ], [ 117.138325899999984, -0.579767 ], [ 117.138690700000012, -0.5795436 ], [ 117.139123900000016, -0.5793065 ], [ 117.139434, -0.5792017 ], [ 117.139862599999987, -0.5791196 ], [ 117.1407472, -0.5791013 ], [ 117.140961500000017, -0.5790603 ], [ 117.1411302, -0.5789007 ], [ 117.1412533, -0.5787411 ], [ 117.141326300000017, -0.5784949 ], [ 117.141325, -0.57832 ], [ 117.141481299999981, -0.5776605 ], [ 117.1415862, -0.5774326 ], [ 117.14178680000002, -0.5767486 ], [ 117.141927, -0.5760824 ], [ 117.141989199999983, -0.5758954 ], [ 117.1421689, -0.5755924 ], [ 117.142455900000016, -0.5752035 ], [ 117.1429843, -0.5746107 ], [ 117.1437433, -0.5738705 ], [ 117.1439391, -0.5737283 ], [ 117.144293200000021, -0.5735272 ], [ 117.14453730000001, -0.5734065 ], [ 117.1446606, -0.5733904 ], [ 117.145261499999989, -0.5734521 ], [ 117.14537679999998, -0.573444 ], [ 117.145779099999984, -0.5733877 ], [ 117.1460366, -0.5734279 ], [ 117.1463183, -0.5734199 ], [ 117.146873500000012, -0.5732375 ], [ 117.1473294, -0.5730203 ], [ 117.147949, -0.572744 ], [ 117.148064399999981, -0.5726743 ], [ 117.1485257, -0.571934 ] ] ] } },
{ "type": "Feature", "properties": { "osm_id": 795603873, "osm_type": "ways_line", "name": null, "waterway": "canal" }, "geometry": { "type": "MultiLineString", "coordinates": [ [ [ 117.1556974, -0.6041652 ], [ 117.1555867, -0.6039586 ], [ 117.1554235, -0.6035601 ], [ 117.1553322, -0.6031904 ], [ 117.15521219999998, -0.6029023 ], [ 117.155151800000013, -0.6025843 ], [ 117.154839100000018, -0.6000832 ], [ 117.1547934, -0.5993213 ], [ 117.1546385, -0.5989317 ], [ 117.1547035, -0.5987275 ], [ 117.1548316, -0.5986018 ], [ 117.1552259, -0.5983524 ], [ 117.1569566, -0.59708 ], [ 117.157360900000015, -0.5965849 ], [ 117.1577713, -0.5960244 ], [ 117.1582199, -0.5958554 ], [ 117.1590217, -0.5955097 ], [ 117.1598716, -0.5952121 ], [ 117.160193199999981, -0.5951641 ], [ 117.1611919, -0.5951545 ], [ 117.1613648, -0.5951641 ], [ 117.1614608, -0.595092 ], [ 117.162689900000018, -0.593815 ], [ 117.1631892, -0.593258 ], [ 117.1634898, -0.5928756 ], [ 117.1643507, -0.5914166 ], [ 117.1644044, -0.591312 ], [ 117.1644312, -0.5911484 ], [ 117.1644446, -0.5907219 ], [ 117.164517, -0.5904913 ], [ 117.1645439, -0.5903116 ], [ 117.164517, -0.589987 ], [ 117.1644688, -0.5897859 ], [ 117.1643963, -0.5895955 ] ] ] } },
{ "type": "Feature", "properties": { "osm_id": 833671181, "osm_type": "ways_line", "name": null, "waterway": "canal" }, "geometry": { "type": "MultiLineString", "coordinates": [ [ [ 117.1555746, -0.6056557 ], [ 117.155582600000017, -0.6055993 ] ] ] } },
{ "type": "Feature", "properties": { "osm_id": 575904186, "osm_type": "ways_line", "name": null, "waterway": "river" }, "geometry": { "type": "MultiLineString", "coordinates": [ [ [ 117.2171757, -0.6328578 ], [ 117.217261600000015, -0.6329758 ], [ 117.217390300000019, -0.6331904 ], [ 117.217572700000019, -0.6333084 ], [ 117.21768, -0.6333406 ], [ 117.2178409, -0.6334908 ], [ 117.2180019, -0.6336839 ], [ 117.218098400000017, -0.6338448 ], [ 117.2182164, -0.6339199 ], [ 117.218323700000013, -0.6338341 ], [ 117.218463200000016, -0.6335981 ], [ 117.2185169, -0.6333406 ], [ 117.218634900000012, -0.633008 ], [ 117.218795799999981, -0.6327505 ], [ 117.218978199999981, -0.6325253 ], [ 117.219225, -0.6323214 ], [ 117.2194288, -0.632139 ], [ 117.219536100000013, -0.6319459 ], [ 117.2196434, -0.6316885 ], [ 117.2197614, -0.631549 ], [ 117.2199009, -0.6313452 ], [ 117.219986700000021, -0.6310233 ], [ 117.2200833, -0.6307336 ], [ 117.2202335, -0.630444 ], [ 117.2203944, -0.6301543 ], [ 117.2205875, -0.629811 ], [ 117.2207163, -0.6296394 ], [ 117.220845, -0.6294463 ], [ 117.220963, -0.6292532 ], [ 117.2211132, -0.6290386 ], [ 117.22125269999998, -0.6287704 ], [ 117.22145660000001, -0.6285022 ], [ 117.2216604, -0.6283198 ], [ 117.2218213, -0.6282233 ], [ 117.221993, -0.6282125 ], [ 117.222132500000015, -0.6281803 ], [ 117.22244360000002, -0.6282233 ], [ 117.2227118, -0.6282984 ], [ 117.222958599999984, -0.6283949 ], [ 117.2230337, -0.6285236 ] ] ] } },
{ "type": "Feature", "properties": { "osm_id": 575904187, "osm_type": "ways_line", "name": null, "waterway": "river" }, "geometry": { "type": "MultiLineString", "coordinates": [ [ [ 117.2192357, -0.6257987 ], [ 117.2193752, -0.6257987 ], [ 117.21963270000002, -0.6258416 ], [ 117.219858, -0.6259703 ], [ 117.2201262, -0.6261098 ], [ 117.220598200000012, -0.6262707 ], [ 117.2209308, -0.6264209 ], [ 117.22125269999998, -0.6265282 ], [ 117.221574599999983, -0.6266248 ], [ 117.221993, -0.6266462 ], [ 117.222304100000017, -0.6266462 ], [ 117.2225187, -0.6266355 ], [ 117.222819099999981, -0.6265497 ], [ 117.2232161, -0.6265818 ], [ 117.223280499999987, -0.6268393 ], [ 117.2233448, -0.6270968 ], [ 117.2233663, -0.6274186 ], [ 117.22329120000002, -0.6277512 ], [ 117.223151700000017, -0.6281696 ], [ 117.2230337, -0.6285236 ], [ 117.2232268, -0.6295106 ], [ 117.223334100000017, -0.6303045 ], [ 117.2234414, -0.6310233 ], [ 117.2235701, -0.6316134 ], [ 117.2237847, -0.6322571 ], [ 117.224042200000014, -0.6326969 ], [ 117.22413880000002, -0.6330724 ], [ 117.224711200000016, -0.6343831 ], [ 117.2252476, -0.6355847 ], [ 117.2257411, -0.6362283 ], [ 117.2265834, -0.6369793 ], [ 117.227559700000015, -0.6375318 ], [ 117.228182, -0.6373816 ] ] ] } },
{ "type": "Feature", "properties": { "osm_id": 581495025, "osm_type": "ways_line", "name": null, "waterway": "river" }, "geometry": { "type": "MultiLineString", "coordinates": [ [ [ 117.20732, -0.5950677 ], [ 117.207397499999985, -0.595142 ], [ 117.2074726, -0.5951876 ], [ 117.207558500000019, -0.5952653 ], [ 117.207628199999988, -0.5952761 ], [ 117.2077274, -0.5952707 ], [ 117.2077945, -0.5952734 ], [ 117.2078884, -0.5952332 ], [ 117.2079474, -0.595201 ], [ 117.208043900000021, -0.5951527 ], [ 117.208167300000014, -0.5951473 ], [ 117.20826390000002, -0.5951554 ], [ 117.2083417, -0.5951661 ], [ 117.2084516, -0.5951581 ], [ 117.2085857, -0.5951956 ], [ 117.208690299999986, -0.5952171 ], [ 117.208741300000014, -0.5951983 ], [ 117.2088674, -0.5952144 ], [ 117.2089478, -0.5952546 ], [ 117.2090203, -0.5953217 ], [ 117.20909, -0.5953887 ], [ 117.2092321, -0.5954719 ], [ 117.2093233, -0.5955121 ], [ 117.209470900000014, -0.5955255 ], [ 117.2096157, -0.5955228 ], [ 117.2097015, -0.5955014 ], [ 117.209774, -0.5954638 ], [ 117.2098383, -0.5954263 ], [ 117.209892, -0.5953914 ], [ 117.209942899999987, -0.5952761 ], [ 117.2100019, -0.5952224 ], [ 117.2100636, -0.5951849 ], [ 117.210197699999981, -0.595083 ], [ 117.210288899999981, -0.5950401 ], [ 117.2104123, -0.5950079 ], [ 117.210530300000016, -0.5949998 ], [ 117.2106189, -0.5950105 ], [ 117.210694, -0.5949703 ], [ 117.2107798, -0.5949784 ], [ 117.210879, -0.5950213 ], [ 117.2109488, -0.5950213 ], [ 117.2110319, -0.5949918 ], [ 117.2111204, -0.5949542 ], [ 117.2112706, -0.5949408 ], [ 117.2113618, -0.5949542 ], [ 117.211479800000021, -0.5949033 ], [ 117.2115952, -0.5948469 ], [ 117.2116649, -0.5948148 ], [ 117.2116864, -0.5947799 ], [ 117.2116891, -0.5947236 ], [ 117.21168369999998, -0.594678 ], [ 117.2117186, -0.594627 ], [ 117.2117481, -0.5945466 ], [ 117.2118044, -0.5945948 ], [ 117.2118205, -0.5946592 ], [ 117.2118527, -0.5946887 ], [ 117.211884900000015, -0.5946914 ], [ 117.2119117, -0.5946538 ], [ 117.2119385, -0.5945921 ], [ 117.211976, -0.5945626 ], [ 117.212056500000017, -0.5945761 ], [ 117.21210480000002, -0.5946136 ], [ 117.2121423, -0.5946002 ], [ 117.212236200000021, -0.5945358 ], [ 117.212276499999987, -0.594501 ], [ 117.2123328, -0.5945331 ], [ 117.212373, -0.5945975 ], [ 117.212399799999986, -0.5946646 ], [ 117.2124454, -0.5946485 ], [ 117.212472300000016, -0.5946136 ], [ 117.2125044, -0.5945707 ], [ 117.212533900000011, -0.5945036 ], [ 117.2125581, -0.5944151 ], [ 117.2126386, -0.5943803 ], [ 117.212692200000021, -0.5943025 ], [ 117.2127405, -0.5942837 ], [ 117.2128183, -0.5942435 ], [ 117.212855800000014, -0.5941818 ], [ 117.2128773, -0.5941174 ], [ 117.212939, -0.5940557 ], [ 117.212976499999982, -0.5939967 ], [ 117.213006, -0.5939216 ], [ 117.213089200000013, -0.5938358 ], [ 117.213078400000015, -0.5937285 ], [ 117.2131053, -0.5936668 ], [ 117.2131026, -0.5936105 ], [ 117.2131133, -0.5935247 ], [ 117.2131562, -0.593412 ], [ 117.213199099999983, -0.5933155 ], [ 117.2132447, -0.593235 ], [ 117.213290299999983, -0.5931599 ], [ 117.2133332, -0.5930741 ], [ 117.2133762, -0.5929534 ], [ 117.2134218, -0.5928864 ], [ 117.2134593, -0.5927844 ], [ 117.2134861, -0.5927093 ], [ 117.213542500000017, -0.5928032 ], [ 117.2135666, -0.5928998 ], [ 117.2135961, -0.5929695 ], [ 117.213612199999986, -0.5930607 ], [ 117.213622900000018, -0.593109 ] ] ] } },
{ "type": "Feature", "properties": { "osm_id": 574548244, "osm_type": "ways_line", "name": null, "waterway": "river" }, "geometry": { "type": "MultiLineString", "coordinates": [ [ [ 117.2361242, -0.5271568 ], [ 117.23602769999998, -0.5277576 ], [ 117.236360300000015, -0.5286266 ], [ 117.2369396, -0.5293346 ], [ 117.237401, -0.5296672 ], [ 117.2380379, -0.5295113 ] ] ] } },
{ "type": "Feature", "properties": { "osm_id": 578989023, "osm_type": "ways_line", "name": null, "waterway": "canal" }, "geometry": { "type": "MultiLineString", "coordinates": [ [ [ 117.2604208, -0.5492517 ], [ 117.2628361, -0.5493817 ], [ 117.2636405, -0.5494335 ], [ 117.26450530000001, -0.5494892 ] ] ] } },
{ "type": "Feature", "properties": { "osm_id": 574620735, "osm_type": "ways_line", "name": null, "waterway": "canal" }, "geometry": { "type": "MultiLineString", "coordinates": [ [ [ 117.241000200000016, -0.5376811 ], [ 117.241832499999987, -0.5377006 ], [ 117.242660500000014, -0.5377589 ], [ 117.242625700000019, -0.5374156 ], [ 117.244487100000015, -0.5373486 ], [ 117.246142, -0.537303 ], [ 117.2472739, -0.5372708 ], [ 117.2484326, -0.5372922 ], [ 117.25014920000001, -0.5372064 ], [ 117.25172640000001, -0.5368202 ], [ 117.252118, -0.5368631 ], [ 117.252511200000015, -0.5369152 ], [ 117.25308889999998, -0.5369918 ], [ 117.25677970000001, -0.5372386 ], [ 117.262809234645644, -0.537595055063256 ] ], [ [ 117.264678251856708, -0.543316975589967 ], [ 117.264848244127819, -0.544727689642134 ] ], [ [ 117.264858758923054, -0.544923116016531 ], [ 117.264862, -0.546304 ], [ 117.264867622852108, -0.548683481675551 ] ] ] } },
{ "type": "Feature", "properties": { "osm_id": 7910696, "osm_type": "relations", "name": "Mahakam", "waterway": "river" }, "geometry": { "type": "MultiLineString", "coordinates": [ [ [ 117.06993276998405, -0.59100906932302 ], [ 117.070160200000018, -0.5911181 ], [ 117.072088, -0.5912085 ], [ 117.07486160000002, -0.5904082 ], [ 117.0762241, -0.589582 ], [ 117.077420299999986, -0.5886015 ], [ 117.079056642543975, -0.585882340772395 ] ], [ [ 117.081900319795508, -0.578431585556504 ], [ 117.081937199999985, -0.5782702 ], [ 117.0822069, -0.5755627 ], [ 117.082220600000014, -0.5754249 ], [ 117.0836938, -0.5606356 ], [ 117.0841334, -0.5544316 ], [ 117.0854563, -0.5485313 ], [ 117.086888, -0.5449977 ], [ 117.0897478, -0.5398199 ], [ 117.0914054, -0.5380217 ], [ 117.0933741, -0.537288 ], [ 117.096812699999987, -0.5365198 ], [ 117.10281550000002, -0.5355071 ], [ 117.1076917, -0.5350607 ], [ 117.113522800000013, -0.5336725 ], [ 117.1163177, -0.53122 ], [ 117.1181199, -0.5278297 ], [ 117.119736099999983, -0.5189984 ], [ 117.120186, -0.5165403 ], [ 117.1218797, -0.5120586 ], [ 117.123785, -0.5081754 ], [ 117.1267022, -0.505113 ], [ 117.12758580000002, -0.5046732 ], [ 117.1289992, -0.5039698 ], [ 117.133354700000012, -0.5034351 ], [ 117.139067200000014, -0.5039661 ], [ 117.1402162, -0.5040729 ], [ 117.1497226, -0.5078301 ], [ 117.1518892, -0.5093942 ], [ 117.1544255, -0.5121723 ], [ 117.155562800000013, -0.5168621 ], [ 117.1550703, -0.5195582 ], [ 117.1541553, -0.5224255 ], [ 117.1539545, -0.5233239 ], [ 117.1539384, -0.5238979 ], [ 117.1540296, -0.5245469 ], [ 117.1544802, -0.5256519 ], [ 117.1551347, -0.5268535 ], [ 117.1579205, -0.5310811 ], [ 117.1620919, -0.5374112 ], [ 117.164006700000016, -0.5394568 ], [ 117.16985480000001, -0.5457044 ], [ 117.176377099999982, -0.5526723 ], [ 117.1780515, -0.5540499 ], [ 117.188872499999988, -0.5598494 ], [ 117.19643, -0.5627077 ], [ 117.2041387, -0.5650315 ], [ 117.2075582, -0.5661879 ], [ 117.2192604, -0.5701453 ], [ 117.224759500000019, -0.5720049 ], [ 117.2299576, -0.5729961 ], [ 117.2350866, -0.5736997 ], [ 117.235778577276051, -0.573794630684364 ] ], [ [ 117.24001141151696, -0.574317947433222 ], [ 117.2458776, -0.5749837 ], [ 117.24761190000001, -0.5751805 ], [ 117.253158, -0.5761419 ], [ 117.255063, -0.5764721 ], [ 117.261242800000019, -0.5781242 ], [ 117.26947730000002, -0.5811454 ], [ 117.276014369824864, -0.58400745881248 ] ] ] } }
]
}
